Price,Close,High,Low,Open,Volume
Ticker,GOOGL,GOOGL,GOOGL,GOOGL,GOOGL
Date,,,,,
2018-01-02,53.25809860229492,53.39556020053394,52.25617025270984,52.25617025270984,31766000
2018-01-03,54.16673278808594,54.39401559956042,53.2690166056818,53.293826858111245,31318000
2018-01-04,54.37713623046875,54.7900169585257,54.30270169360927,54.44313914405325,26052000
2018-01-05,55.09819793701172,55.26146553723373,54.67688173561789,54.75876352468641,30250000
2018-01-08,55.292724609375,55.53836996467042,55.08380433455561,55.133428626287504,24644000
2018-01-09,55.22225570678711,55.50263843382941,54.99447692283552,55.50263843382941,26808000
2018-01-10,55.09074783325195,55.221757922731676,54.78505888649609,54.934923706652604,20734000
2018-01-11,55.18553161621094,55.32448113496427,54.90912051224298,55.19843461239381,22424000
2018-01-12,56.108558654785156,56.14081235967413,54.985047659986655,55.088763822884715,38586000
2018-01-16,56.11103820800781,57.01322191950671,55.910553359462554,56.587934163341046,36462000
2018-01-17,56.527896881103516,56.53881218114401,55.75324754031765,56.39192321282243,27830000
2018-01-18,56.37256622314453,56.60183294694647,55.80138143213378,56.54029761440659,27498000
2018-01-19,56.746238708496094,56.76013366064309,56.20036396582539,56.47479116377378,30552000
2018-01-22,57.7714958190918,57.90647752409935,56.662871675936096,56.762124043174204,29550000
2018-01-23,58.36749267578125,58.48361586672038,57.92483808376147,58.09207350050602,39138000
2018-01-24,58.12531280517578,58.90740544531444,57.93227142722763,58.80468124764661,37128000
2018-01-25,58.663753509521484,58.80568269348987,58.15261611382517,58.59279081058267,29984000
2018-01-26,58.932716369628906,58.932716369628906,57.963541580164076,58.931228436085426,42170000
2018-01-29,58.879127502441406,59.45080826013059,58.75903270702499,58.954557786460356,31494000
2018-01-30,58.427040100097656,58.9510804641053,58.28511092397453,58.44441068350131,37338000
2018-01-31,58.667724609375,58.871189124546724,58.16551860611946,58.74662673993285,36022000
2018-02-01,58.63645935058594,58.927265193905875,58.02954521955925,58.35856029058407,73514000
2018-02-02,55.54035186767578,56.140814483925396,55.14186204237714,55.94826905865259,117842000
2018-02-05,52.721153259277344,55.33143180962722,52.440774316330746,54.61782187208808,83550000
2018-02-06,53.81488800048828,53.961280974732674,51.11429238235661,51.31130538623033,76630000
2018-02-07,52.3747673034668,53.91909841373883,52.3355623378705,53.84168422430885,51942000
2018-02-08,50.00766372680664,52.79758122258156,49.85829107627344,52.59610438690052,66792000
2018-02-09,51.92119598388672,52.19165157410531,49.47616901467817,50.9093405758253,98360000
2018-02-12,52.33258819580078,52.87895891252558,51.882490187723185,52.437296314030576,56240000
2018-02-13,52.31174850463867,52.66309393318882,51.953455599699886,52.106300080249994,31586000
2018-02-14,53.2327880859375,53.370249682886836,52.09637780222555,52.3206809627639,41304000
2018-02-15,54.15878677368164,54.294760418952414,52.96133350739821,53.76625250864898,37396000
2018-02-16,54.36423873901367,54.99993469208462,54.1682176895131,54.25903085622459,39948000
2018-02-20,54.76570510864258,55.39594152717007,54.09130015779495,54.2282657694196,33754000
2018-02-21,55.2698974609375,56.38398115658834,54.960236887413046,55.03914280401336,41486000
2018-02-22,55.078834533691406,55.85100008677696,54.84311633508414,55.53885965461492,28010000
2018-02-23,55.98152160644531,56.026682098026,55.006391193169385,55.5135569921039,25292000
2018-02-26,56.75616455078125,56.78097480128656,56.04354661241557,56.168601178902755,30912000
2018-02-27,55.456485748291016,56.78346128607395,55.4207564112541,56.75616735890439,42964000
2018-02-28,54.78207778930664,55.95968063001899,54.73642511129295,55.67929791953784,49292000
2018-03-01,53.16876983642578,55.14682419570041,52.964313375252146,55.060974592776226,55338000
2018-03-02,53.80049514770508,53.936964773941106,52.11175498548934,52.50230156213313,50162000
2018-03-05,54.327518463134766,54.64611043461338,53.21145082107033,53.50225667192004,28648000
2018-03-06,54.632205963134766,54.866935981750686,54.314606002787414,54.69175737548371,23382000
2018-03-07,55.33390808105469,55.39147558559538,54.08683048055281,54.23123954061141,30748000
2018-03-08,56.045536041259766,56.14776048568789,55.44110183180892,55.44110183180892,33862000
2018-03-09,57.60673904418945,57.61467847617771,56.28919465974288,56.547739214637446,42662000
2018-03-12,57.85933303833008,58.46624715991599,57.52535440754589,57.81566048237289,44306000
2018-03-13,56.56808853149414,58.45830950368578,56.30309246479134,58.152120769167716,43140000
2018-03-14,57.01372146606445,57.553144739239166,56.68917398475328,56.86038100642698,41870000
2018-03-15,57.09906768798828,57.689110917346184,56.35717573842854,57.04745949228501,33382000
2018-03-16,56.295650482177734,57.406754575910874,56.14379794872815,57.33430394062387,58656000
2018-03-19,54.59103012084961,55.54878994224514,54.03770809253903,55.46889585385812,63656000
2018-03-20,54.379127502441406,54.86297095428456,53.715141858503905,54.508149898872496,54598000
2018-03-21,54.2898063659668,55.01929521895213,53.95285184678439,54.21884366396185,44898000
2018-03-22,52.262611389160156,53.78957178992228,52.08842474481424,53.59553846160085,69312000
2018-03-23,50.94259262084961,52.93900961222988,50.85922290334337,52.17428743778185,49880000
2018-03-26,52.30926513671875,52.56632555070059,50.15008032860988,52.13607420386283,65984000
2018-03-27,49.969444274902344,52.82784800374254,49.50693923683964,52.796086489942425,60816000
2018-03-28,49.88209915161133,50.865172637845205,48.83104262826339,49.71982732209981,77698000
2018-03-29,51.468116760253906,52.009527688259304,49.82552900995121,50.18134200018211,69338000
2018-04-02,50.251808166503906,51.58672305151779,49.33970113683525,50.99568784301467,65068000
2018-04-03,50.552040100097656,50.86567226945512,49.48857648250298,50.42648955121837,51322000
2018-04-04,51.09940719604492,51.24977178426137,49.45185579622921,49.53720942273687,50724000
2018-04-05,51.24480438232422,51.94302758648666,50.81604479823493,51.927148723695296,35836000
2018-04-06,50.11881637573242,51.411546698793046,49.935202343254076,50.77138315355239,40134000
2018-04-09,50.62201690673828,51.837829076941425,50.57784837233873,50.61953323122258,33220000
2018-04-10,51.43636703491211,51.67010136246143,50.389774115194186,51.12670643855783,36620000
2018-04-11,50.86865234375,51.4050997727002,50.57785027638551,51.213050313437314,34060000
2018-04-12,51.47556686401367,51.84080726653926,50.91778480903561,51.1867524922895,32896000
2018-04-13,51.41352844238281,52.25417680406173,51.12123847962914,51.95196349844492,25410000
2018-04-16,51.91276550292969,52.1772655978723,51.308331238358484,51.885471573778354,29776000
2018-04-17,53.56328582763672,53.8431725590033,52.45813740388683,52.66209787876608,54584000
2018-04-18,53.366275787353516,53.69429508064003,53.124602069942384,53.545918200934835,31126000
2018-04-19,54.06401062011719,54.46398840232525,53.050171211161896,53.050171211161896,39884000
2018-04-20,53.462059020996094,54.327021748971184,53.20301468966142,53.80695296082263,42434000
2018-04-23,53.28786849975586,53.99205104578485,52.93404319728805,53.74293007635519,69590000
2018-04-24,50.74856185913086,52.825369021078025,50.26323043790111,52.56285283583598,128220000
2018-04-25,50.765926361083984,51.415021280640595,50.4691650191451,51.101389119640196,57860000
2018-04-26,51.77430725097656,52.20654249096749,50.63987715748192,51.27358920536428,50926000
2018-04-27,51.185752868652344,52.19066082381925,50.99420318654068,51.88497186815947,40746000
2018-04-30,50.547080993652344,51.5291588217463,50.53318604113238,51.333141552859146,34492000
2018-05-01,51.64726257324219,51.69589490391238,50.15156379055698,50.43393040958253,35326000
2018-05-02,50.91777801513672,51.80755468977172,50.774360911179585,51.3122962059113,34698000
2018-05-03,50.930179595947266,51.14803501599034,50.01658465629287,50.884030941685005,39282000
2018-05-04,52.155921936035156,52.1995944899327,50.5207775994612,50.59819179187933,36892000
2018-05-07,52.575748443603516,52.850671610105714,52.11969492746306,52.29933734358387,34400000
2018-05-08,52.53257751464844,52.862088543844074,52.18768359971397,52.83181496413261,26030000
2018-05-09,54.039188385009766,54.289797272827684,52.70725318275452,52.80600956161968,47160000
2018-05-10,54.85900115966797,55.05452624445205,54.283848541119106,54.3394283533808,36414000
2018-05-11,54.755279541015625,55.03467029427952,54.449590603994636,54.607894614828446,30504000
2018-05-14,54.91508102416992,55.48824973417262,54.825755784553216,54.86396501263832,39338000
2018-05-15,53.836727142333984,54.54388561127285,53.534510015766045,54.43371794094132,35738000
2018-05-16,53.798011779785156,54.308656930960375,53.6759368683171,53.847639852220205,25628000
2018-05-17,53.6575813293457,54.14092883207688,53.41739551168557,53.667508459563784,25738000
2018-05-18,53.0809326171875,53.28390114509069,52.83479508491653,52.90029823739565,35482000
2018-05-21,53.794044494628906,54.25506157797582,53.495799009653055,53.54542329649362,25180000
2018-05-22,53.3623046875,54.180622685243264,53.21094815326825,54.08137411260522,22226000
2018-05-23,53.89081573486328,53.99205201080423,52.94793909581521,53.09879966095015,23740000
2018-05-24,53.86550521850586,53.948378954377326,53.212938438795966,53.937463655345056,20604000
2018-05-25,53.797515869140625,54.069959145675114,53.72407328825128,53.92009054468926,22224000
2018-05-29,53.00302505493164,53.66155117370792,52.75539579079797,53.39655132530935,36076000
2018-05-30,53.46949768066406,53.54492796055853,52.927590769477206,53.27149272267977,28686000
2018-05-31,54.587554931640625,55.08380543101918,53.495805347444154,53.69430251832289,79368000
2018-06-01,56.32442855834961,56.48124464641408,55.18354693646333,55.22622753620622,63202000
2018-06-04,57.219661712646484,57.45885554772864,56.42367406068971,56.4981123846296,44754000
2018-06-05,57.11941909790039,57.61964116647464,56.94275632709376,57.30005726377672,32964000
2018-06-06,56.917449951171875,57.30254081706033,56.389937708237184,57.20626810058822,34934000
2018-06-07,56.295650482177734,56.863855644801475,55.88376165416387,56.799840420019244,36108000
2018-06-08,56.21078872680664,56.51201009610915,55.74034046530058,56.136350399231766,27284000
2018-06-11,56.617210388183594,56.95664853332132,56.14577398873393,56.22219622265105,24796000
2018-06-12,56.978981018066406,57.00677092234482,56.6231680188592,56.6231680188592,26092000
2018-06-13,56.782466888427734,57.34869189613274,56.74028605200182,57.18194867586223,34302000
2018-06-14,57.570518493652344,57.86231252034413,57.09858226130343,57.17848013784783,35422000
2018-06-15,57.52882766723633,57.75908633443675,57.251920578729745,57.56108137238259,44438000
2018-06-18,58.73521041870117,58.76250434434158,57.11842488006886,57.20229056835582,33038000
2018-06-19,58.49254608154297,58.69699875352033,57.64495021983217,58.06676234623113,47282000
2018-06-20,58.759525299072266,59.62399575518171,58.658292813107096,58.721316074434654,51686000
2018-06-21,58.033512115478516,59.070177749541266,57.737746517315756,58.83098770064752,44966000
2018-06-22,58.02607345581055,58.30943205905109,57.5476857463178,58.13524916841904,34220000
2018-06-25,56.53682327270508,57.36605661258628,55.575088121601105,57.31692830151886,57682000
2018-06-26,56.206321716308594,56.91347637029559,56.026679286981775,56.77800247453239,34688000
2018-06-27,55.428199768066406,56.88072585384283,55.41628872704481,56.3740522795533,34538000
2018-06-28,55.91651153564453,56.27480443799909,54.88877722932603,55.20240562030966,29726000
2018-06-29,56.036102294921875,56.64004049854666,55.92841831292961,56.19093446015546,31562000
2018-07-02,56.67726516723633,56.72093772523045,54.9150821847872,55.34930137258343,23216000
2018-07-03,55.395450592041016,57.06434052658334,55.30364546010263,57.04002625087778,16448000
2018-07-05,56.63656997680664,56.77800318101828,55.734882187732985,55.808328561233935,28594000
2018-07-06,57.320899963378906,57.37647977280669,56.435587049351156,56.66038996246997,21820000
2018-07-09,57.92632293701172,57.95858042891574,57.427592580668914,57.5650541720491,21584000
2018-07-10,57.91938018798828,58.23499629826715,57.692097364685694,58.0608133999503,21334000
2018-07-11,58.133758544921875,58.57938897670396,57.3352909750362,57.347694207729944,33252000
2018-07-12,59.612579345703125,59.648804658136044,58.215137184992756,58.302478503190386,44148000
2018-07-13,59.7693977355957,60.06813920593165,59.316320072410456,59.68900389007117,32612000
2018-07-16,59.37686538696289,59.982291565284704,59.22252918906716,59.73912610934193,26784000
2018-07-17,60.19915008544922,60.481020740249086,58.656802808962865,58.69352788722529,40162000
2018-07-18,60.19071960449219,60.621463160786206,59.77635089113543,59.97336012864759,38948000
2018-07-19,59.50539779663086,60.36788062933353,59.43741096490853,59.88006555184665,38338000
2018-07-20,59.44485092163086,60.084518489559265,59.38083191678865,59.5123417714929,37938000
2018-07-23,60.09592819213867,60.29939269211473,59.15354756632844,59.334681704918964,65446000
2018-07-24,62.43575668334961,63.271937548420865,61.74050926143322,63.07343659497237,107600000
2018-07-25,63.31858444213867,63.43271993200098,61.9841654210931,62.161327962628526,51104000
2018-07-26,63.79301071166992,63.88729952918938,62.676446956759186,62.883879326428946,54686000
2018-07-27,62.17472457885742,64.08776798099251,61.757872223898254,63.97264053973768,48362000
2018-07-30,61.04079055786133,62.17472467751857,60.749492537052284,61.78566222653327,43896000
2018-07-31,60.900848388671875,61.59510380491476,60.35348571191414,61.12366360109108,39382000
2018-08-01,61.187191009521484,61.827846788339166,60.78770921326239,61.49089606736952,36994000
2018-08-02,61.59113693237305,61.75390854796121,60.44628743859756,60.4681218242297,34704000
2018-08-03,61.443748474121094,61.85861313566656,61.01002529538977,61.79211424069517,21264000
2018-08-06,61.41943359375,61.657139517116526,61.065112288349646,61.61495867976583,22114000
2018-08-07,62.32111740112305,62.8292789004648,62.12063254905667,62.13105187020725,42506000
2018-08-08,62.59356689453125,63.109168112882486,62.136517572098015,62.36479235131459,34344000
2018-08-09,62.74888610839844,63.12107395854261,62.53252238899547,62.663036504089156,27326000
2018-08-10,62.15586471557617,62.58710799135155,61.89037269412618,62.48686367419553,26602000
2018-08-13,61.96381759643555,62.82382050483645,61.88392351252076,62.09085986663556,27500000
2018-08-14,62.435264587402344,62.556843542054565,61.51223831465437,62.155377809167874,28080000
2018-08-15,61.14897918701172,62.12956914544251,60.8522215999579,61.74745792622604,37052000
2018-08-16,60.7440299987793,61.718668096579336,60.52419066184845,61.6338066671818,32176000
2018-08-17,60.336612701416016,60.88745102381948,59.74855710834635,60.64379337671935,33092000
2018-08-20,60.63932418823242,60.835841215995266,59.98179384989175,60.57530896994104,22218000
2018-08-21,60.414024353027344,61.17577060671646,60.29591726151543,60.692423155818,23082000
2018-08-22,60.62940216064453,60.86660830823275,60.20609830233034,60.25572259168166,22296000
2018-08-23,60.600120544433594,61.29536793158742,60.51029933128536,60.53660130261147,24666000
2018-08-24,61.373779296875,61.406033003359084,60.61302495262425,60.84030776210257,24454000
2018-08-27,62.34245681762695,62.42185870960041,61.56880327920677,61.7405062738133,28580000
2018-08-28,61.825862884521484,62.35685075793018,61.682445765832874,62.3240972866056,27330000
2018-08-29,62.7583122253418,62.883370581395624,62.170256645363004,62.27943235167429,36926000
2018-08-30,62.251644134521484,62.998499729534956,61.89285525641738,62.69628261755369,30104000
2018-08-31,61.12812805175781,62.15784617844161,60.82789487605757,62.14097536000859,42308000
2018-09-04,60.1113166809082,60.93311040296844,59.87559845454381,60.667614572557156,41458000
2018-09-05,59.50539779663086,60.28798275608987,58.32630312437928,60.0076000189941,53988000
2018-09-06,58.75556182861328,59.49993755136597,57.74420234710536,59.479095121995066,46854000
2018-09-07,58.43796157836914,58.98185243735843,58.02508081574689,58.16055471304496,32658000
2018-09-10,58.31240463256836,58.88805698068228,58.09157333038977,58.765978277724024,27670000
2018-09-11,59.053306579589844,59.10045097732192,57.86032085101732,58.11588952558452,29254000
2018-09-12,58.140708923339844,59.088049407654154,57.87074550815637,58.65680609849579,35716000
2018-09-13,58.663753509521484,58.94761187745826,58.02259797135822,58.542670541225995,40068000
2018-09-14,58.45730972290039,58.9545559226918,58.235982442682584,58.9545559226918,24176000
2018-09-17,57.556617736816406,58.64787125247181,57.48863090914022,58.44689042269163,34096000
2018-09-18,57.91788864135742,58.62355915123923,57.636017976925245,57.69705733073759,32314000
2018-09-19,58.27320861816406,58.372457204043535,57.49657537164375,58.00970048019866,25962000
2018-09-20,59.1317138671875,59.25230463502792,58.37145932686248,58.590802692661576,29244000
2018-09-21,58.16651153564453,59.38033981225615,58.163535668290564,59.29796204904034,91222000
2018-09-24,58.53572082519531,58.81510780926661,57.14324213348181,57.53577643530643,31150000
2018-09-25,59.24684524536133,59.394230175900375,58.26426768349623,58.768461353859074,33152000
2018-09-26,59.25528335571289,59.90934187569553,58.82553177694905,59.236924602097055,37650000
2018-09-27,59.91529846191406,60.38673490724158,59.45328938250042,59.55005807542937,36274000
2018-09-28,59.90139389038086,59.96938071067512,59.442360751988225,59.75301323246738,35612000
2018-10-01,59.97335433959961,60.75097946474196,59.708358294227565,60.19518138123791,33164000
2018-10-02,59.929195404052734,60.766868005530505,59.53318923116429,59.88105904493324,40180000
2018-10-03,60.122230529785156,60.253736595757516,59.65674585232109,60.14555284700718,26246000
2018-10-04,58.41215515136719,59.84284309311647,57.756112718630625,59.79967030122548,46576000
2018-10-05,57.953617095947266,58.65680391963335,57.283183742164695,58.359054395460255,31852000
2018-10-08,57.362586975097656,58.35210828288025,56.34428001970252,57.565055747605335,46190000
2018-10-09,56.82911682128906,57.641975370596384,56.779492529239974,57.133813836283075,33690000
2018-10-10,54.19849395751953,56.42467363442066,54.16623646486712,56.3939040754082,58980000
2018-10-11,54.12802505493164,55.38453393886742,53.391092769622325,53.547412886533635,67696000
2018-10-12,55.60684585571289,55.86936199881939,54.34090977267199,55.56218134844797,49370000
2018-10-15,54.70863723754883,55.669376642024666,54.499217211619204,55.48080283059739,30074000
2018-10-16,56.22914505004883,56.39241262856869,55.170645026111025,55.25649462708818,38378000
2018-10-17,55.95670700073242,56.91992629729388,55.28230204951744,56.5725524894266,35652000
2018-10-18,54.48383712768555,56.19292391752789,53.9096764680673,56.0763047507784,46152000
2018-10-19,54.8446044921875,55.62719315517537,54.44016296192711,54.771657889269335,41286000
2018-10-22,55.151790618896484,55.66391996800423,54.587553303028656,55.20836238663094,27116000
2018-10-23,55.327457427978516,55.48080166372436,53.545920134962536,54.155314110783664,37686000
2018-10-24,52.459625244140625,55.41231761861977,52.35739701796283,55.33192377562657,49286000
2018-10-25,54.76570510864258,55.4718677869976,53.374218394302666,53.6099366056621,72956000
2018-10-26,53.78114318847656,55.43117444083791,51.720711082397315,52.02342416355418,106438000
2018-10-29,51.3485221862793,55.025739808415615,49.982345526254335,54.415846071811124,81290000
2018-10-30,52.08198165893555,52.15096044446554,50.31831083810843,50.618044276499816,59768000
2018-10-31,54.120079040527344,54.98454947535803,53.00947108669426,53.00947108669426,70916000
2018-11-01,53.891807556152344,54.58258735240126,53.486866239489316,54.16077521616879,40132000
2018-11-02,53.17274475097656,54.48830528379817,52.98267920811792,54.04167908584754,43438000
2018-11-05,52.390647888183594,53.26504169765376,51.312297384741356,53.22434879721173,45358000
2018-11-06,53.07746124267578,53.586118725505045,52.28544516893846,52.35541590887822,28660000
2018-11-07,54.9964599609375,55.080325652955466,53.62432773634267,53.768240824658996,43388000
2018-11-08,54.32106399536133,54.99546896044465,53.811414549994645,54.949816279666464,33694000
2018-11-09,53.44717025756836,54.00941986361557,52.813954168357405,53.79454407480447,34860000
2018-11-12,52.07454299926758,53.30227008525491,51.6274245829342,53.254133724314464,34002000
2018-11-13,52.00556564331055,52.93355550284148,51.629905898089035,52.34500385496019,25750000
2018-11-14,52.33358383178711,52.88988171686323,51.66513436671668,52.602551504272974,34666000
2018-11-15,53.150909423828125,53.538976148928775,51.67406523636363,52.178754913456274,41584000
2018-11-16,53.012943267822266,53.21987959399252,52.34945369570195,52.86208272200783,35366000
2018-11-19,50.98575973510742,52.99954708641015,50.75996866838578,52.77077258053871,45684000
2018-11-20,51.13612747192383,51.478541499064086,49.73471742212414,49.986810473684365,54458000
2018-11-21,51.78026580810547,52.34003554064144,51.58325278940232,51.87355887048275,29698000
2018-11-23,51.11875534057617,51.75891881812617,51.04034541397172,51.28747866115564,14178000
2018-11-26,52.40106964111328,52.453669794744776,51.59863050188676,51.80854649684427,31558000
2018-11-27,52.219444274902344,52.938017791479,51.88298953671863,52.17279963719587,33048000
2018-11-28,54.18013000488281,54.233229925381984,51.75644139831833,52.4765028229212,46042000
2018-11-29,54.31858825683594,54.594999396350445,53.6943035117648,53.77022977899704,31004000
2018-11-30,55.06643295288086,55.06643295288086,53.752860137267156,54.370693350743345,59668000
2018-12-03,55.399417877197266,56.32442795943838,55.169651397195935,56.183494523091724,57532000
2018-12-04,52.72512435913086,55.29421400450673,52.641258665994336,55.23218269592703,45630000
2018-12-06,53.4997673034668,53.56626619579473,51.7331169309723,51.858171497904195,47436000
2018-12-07,51.936580657958984,53.844664335294944,51.57878373321062,53.20946433467188,42682000
2018-12-10,52.26411056518555,52.58270253817698,51.26267817663023,51.75594902324796,33652000
2018-12-11,52.68442916870117,53.11864830989718,52.11126050809692,52.94694532203114,33852000
2018-12-12,53.283905029296875,54.17715365005835,53.196563700200635,53.450148491054506,28960000
2018-12-13,53.274471282958984,54.0128952559157,52.850179249932424,53.38017514737877,24986000
2018-12-14,52.191158294677734,53.18415523719888,52.07503510632937,52.6035430815478,36358000
2018-12-17,50.897926330566406,52.72065242512178,50.45030823274266,51.957914245591056,49932000
2018-12-18,51.779273986816406,52.587168965392074,51.13761868169155,51.312301337555475,43640000
2018-12-19,51.3847541809082,53.38216324296413,50.58926618756057,51.97181786849981,58264000
2018-12-20,50.795204162597656,51.979258518056454,50.01509915562534,50.915295165612314,53674000
2018-12-21,49.190826416015625,51.494420183045044,48.69160009322577,51.21503320586026,104656000
2018-12-24,48.864295959472656,50.22650106276477,48.516422384460746,48.84692537587462,36360000
2018-12-26,51.999603271484375,52.02937708581942,49.260298769950424,49.52529859023944,46318000
2018-12-27,52.250205993652344,52.272040375575045,49.97241464863429,50.9252183108999,45996000
2018-12-28,51.94154739379883,52.812465665403096,51.70930100693467,52.57773938901144,34398000
2018-12-31,51.85619354248047,52.75093389414254,51.26466227780044,52.49486542452971,33110000
2019-01-02,52.33854293823242,52.64175198957034,50.87956542245332,50.97484617397945,31868000
2019-01-03,50.888999938964844,52.91320696419265,50.73516349137448,52.13955335282568,41960000
2019-01-04,53.49927520751953,53.595051944099,51.454225885073264,51.73708850777904,46022000
2019-01-07,53.392581939697266,53.72903666857893,52.73355986232169,53.643187063810046,47446000
2019-01-08,53.86153793334961,54.25754407753233,53.01691791637938,53.89279968326611,35414000
2019-01-09,53.676937103271484,54.17269163752853,53.31566451933412,53.991561260691704,26998000
2019-01-10,53.5369873046875,53.58561963531486,52.83479248456566,53.343945915688096,26598000
2019-01-11,52.82437515258789,53.26603778530063,52.42538933503741,53.09383880488812,30864000
2019-01-14,52.181236267089844,52.52563423166074,52.0343473018788,52.27204944129279,28490000
2019-01-15,53.91810607910156,54.00544739682095,52.32663058295055,52.50379310755253,37518000
2019-01-16,54.06698226928711,54.70466592993807,53.99254772889954,54.091300328946794,38280000
2019-01-17,54.543880462646484,54.62228660978852,53.75682419367969,53.99155422943767,24896000
2019-01-18,54.94981384277344,55.48080167136482,54.55182001373234,55.01382906025276,44892000
2019-01-22,53.52706527709961,54.53644084839105,53.142966373841496,54.38905212286188,39632000
2019-01-23,53.81389617919922,54.23769221739753,52.97821135737118,53.935475116784644,25194000
2019-01-24,53.793556213378906,53.992057175232375,53.09979669576332,53.719613857335524,29114000
2019-01-25,54.66248321533203,54.75428833604682,54.18062370038267,54.301210680536336,23260000
2019-01-28,53.588104248046875,54.25853761526493,53.32757198939038,54.094777834646884,29334000
2019-01-29,53.10177993774414,53.82978085263334,52.90129506676685,53.646662780575326,19704000
2019-01-30,54.48780822753906,54.563734490383474,53.42831239288675,53.46404173079753,29452000
2019-01-31,55.872344970703125,55.960678254716896,54.84808625951143,55.194964110784746,40232000
2019-02-01,55.51156997680664,56.29465467435647,55.29471027760024,55.69369229446657,33116000
2019-02-04,56.64301681518555,56.6886732791878,55.45648258987159,55.53092091301186,78408000
2019-02-05,57.16160202026367,57.20626653202553,55.75870397938561,56.057941442436395,82296000
2019-02-06,55.72346878051758,57.267303996040056,55.49866586767106,57.032577739846545,48256000
2019-02-07,54.880836486816406,55.18255382941808,54.26945479753328,55.17411841965642,38298000
2019-02-08,54.70566177368164,54.84064348388017,54.30171617106462,54.33347390092957,21766000
2019-02-11,54.69275665283203,55.254018093652185,54.58755255107971,54.773646480231115,18498000
2019-02-12,55.956207275390625,56.21822744037418,55.13391768240328,55.13391768240328,35036000
2019-02-13,56.0083122253418,56.71398267481857,55.87779811887205,56.227159605716324,28042000
2019-02-14,56.03660202026367,56.38050398884658,55.43564342956175,55.82817773205907,21106000
2019-02-15,55.56169128417969,56.537817403035326,55.41728221260082,56.537817403035326,27826000
2019-02-19,55.903114318847656,56.05843869255414,55.41331532853296,55.41331532853296,21980000
2019-02-20,55.60932922363281,56.1224542879532,55.17064627144096,56.020722035237625,24090000
2019-02-21,54.796478271484375,55.53787819456089,54.48731364790489,55.519515652931645,33272000
2019-02-22,55.40934371948242,55.44358512437713,54.612367826985526,55.06891736818785,29436000
2019-02-25,55.44755935668945,55.84803312649058,55.28776738831832,55.675834138089776,26208000
2019-02-26,55.6797981262207,55.89963748185123,54.920039522350315,55.30066279110513,35026000
2019-02-27,55.72346878051758,55.86440221537003,55.01234253576699,55.282798128536434,22092000
2019-02-28,55.905094146728516,56.27430611915208,55.501148580147834,55.53042641790857,27422000
2019-03-01,56.995357513427734,57.0688038851908,56.12592723769561,56.12592723769561,34086000
2019-03-04,57.238521575927734,57.838984173948596,56.48570669542763,57.29509334046065,35490000
2019-03-05,58.02111053466797,58.38337505906222,57.21867509583672,57.36655601573174,40094000
2019-03-06,57.810203552246094,58.29652688981277,57.716410729812935,58.148645977068384,23602000
2019-03-07,57.110984802246094,57.74271295204904,56.657411146398836,57.58986847386412,30086000
2019-03-08,57.06732177734375,57.24001674601365,56.08623201715626,56.269846072263014,23694000
2019-03-11,58.52082824707031,58.55308194981589,57.146708441837475,57.168046846424176,30032000
2019-03-12,59.41358947753906,59.83341772751275,58.6716974140975,58.6716974140975,42220000
2019-03-13,59.5034065246582,59.90338427255776,59.4463387821069,59.84433261856899,25888000
2019-03-14,59.17935562133789,59.783293858123756,59.11484442416776,59.50142320150544,27302000
2019-03-15,59.068695068359375,59.63541227841048,58.90542747630522,59.450810064896196,51886000
2019-03-18,58.98185348510742,59.29945349490625,58.63100402622229,59.03842525329775,24442000
2019-03-19,59.6721305847168,59.719274981569214,59.02700350816118,59.13915507606691,29788000
2019-03-20,60.86164474487305,61.03831130394564,59.52970943386916,59.619530647007004,41508000
2019-03-21,61.3430061340332,61.358389019553314,60.37283559921016,60.54255467605238,28150000
2019-03-22,59.9296875,61.21894600459302,59.84780571840149,60.98173985576471,34422000
2019-03-25,59.4200325012207,60.018511146081835,59.053800204774994,59.52821624416391,27576000
2019-03-26,59.045860290527344,59.929681406309,58.64489061927288,59.80760271312892,30752000
2019-03-27,58.458805084228516,59.149088938796496,57.77496894223521,59.149088938796496,29428000
2019-03-28,58.173954010009766,58.421087295493514,57.73527103686355,58.33424573270985,22402000
2019-03-29,58.40322494506836,58.75457038010716,57.88166444231898,58.56648875017125,30890000
2019-04-01,59.49944305419922,59.559982646194584,58.87317441562949,58.93173009604227,27706000
2019-04-02,59.824981689453125,59.838380664635665,59.115343340939816,59.55253838480203,18288000
2019-04-03,60.08650207519531,60.57232942381467,59.802151533259135,60.18029110939912,22180000
2019-04-04,60.515262603759766,60.56985045761731,59.9986656896631,60.1103212867024,21022000
2019-04-05,60.118263244628906,60.56191357032855,60.04779652395437,60.50782169206307,20012000
2019-04-08,59.9609489440918,60.24231982067011,59.783290440484805,60.101386393462995,21750000
2019-04-09,59.68355178833008,59.90487909395222,59.4696679375448,59.643854624563815,19668000
2019-04-10,59.87013244628906,59.993699077990144,59.5828060474229,59.80264538528248,15510000
2019-04-11,60.025962829589844,60.182282945466525,59.775357695168374,59.99172142462984,16998000
2019-04-12,60.67803192138672,60.693910784644096,60.20957138048004,60.32519479607786,24312000
2019-04-15,60.866607666015625,61.00406925558365,60.272596561487696,60.745520918072685,23796000
2019-04-16,61.13358688354492,61.33555965501465,60.79266081312663,61.03880211367006,22622000
2019-04-17,61.5420036315918,61.78814494660802,61.18271878833548,61.386179505244,30366000
2019-04-18,61.60801696777344,61.829840261084605,61.50578872112825,61.783191832251774,24750000
2019-04-22,62.217899322509766,62.24668118372701,61.206043876380306,61.369807441901315,19084000
2019-04-23,63.0530891418457,63.243650659904674,62.12907098537665,62.360821384365515,31868000
2019-04-24,62.53003692626953,63.22230842796126,62.51812967167921,63.053085327430686,23396000
2019-04-25,62.89180374145508,63.16275530001702,62.42830677016029,63.03869269020835,31344000
2019-04-26,63.392024993896484,63.465967342647225,62.77568352459379,63.19154014016387,27228000
2019-04-29,64.32398986816406,64.36220667068653,63.10867358862171,63.54537268247443,72368000
2019-04-30,59.49844741821289,59.59868795220461,58.70643134530683,59.08507069125952,133178000
2019-05-01,58.2260627746582,59.51284144439897,58.144676967482674,59.4259960943342,74340000
2019-05-02,57.88811492919922,58.52679056579898,57.48218164489478,58.19033204544976,45098000
2019-05-03,59.03147888183594,59.12328401239134,58.23747884247491,58.429028536065694,41588000
2019-05-06,59.22550582885742,59.32326646969478,58.11886567274445,58.16055052831237,31774000
2019-05-07,58.50098419189453,59.2905166064631,57.813180247113,58.84587812003669,36604000
2019-05-08,58.100013732910156,58.76945512946755,57.94369362397736,58.42306948603235,25520000
2019-05-09,57.96056365966797,58.26327674387024,57.299061704059284,57.694079675982636,29556000
2019-05-10,57.944190979003906,58.3729506059401,56.88866675392275,58.00374239955809,31650000
2019-05-13,56.40332794189453,57.16656213002464,55.85298940597136,56.83258730516244,45626000
2019-05-14,55.82122802734375,56.81422490303131,55.755225112335225,56.68768240154964,40392000
2019-05-15,58.10101318359375,58.47320108251927,55.64953434445523,55.706602095518306,59302000
2019-05-16,58.78086471557617,59.26024434993122,57.98438485774405,58.152612216792654,35308000
2019-05-17,58.00076675415039,58.86970113151571,57.88365160256441,58.35062427516203,25362000
2019-05-20,56.80380630493164,57.217679002864074,56.480250796098304,57.217679002864074,30602000
2019-05-21,57.28913879394531,57.465805352739906,56.73681254139221,57.29112270541092,20562000
2019-05-22,57.35911178588867,57.752638056558965,57.11842999806387,57.130837017392196,18826000
2019-05-23,56.83755111694336,57.071285427584336,56.23312066384092,56.873780219049515,25214000
2019-05-24,56.50357437133789,57.28516734129185,56.4092855711958,57.16805220096117,18554000
2019-05-28,56.550724029541016,57.390876540823676,56.50655549256968,56.64600479427791,20948000
2019-05-29,55.57706832885742,56.32441978753996,55.180562476534426,56.21028053090145,36230000
2019-05-30,55.650020599365234,55.91750031625585,55.376585362223956,55.587493315868905,18088000
2019-05-31,54.91011428833008,55.25252453201234,54.753794181505,54.86743747559679,31582000
2019-06-03,51.547523498535156,52.94992559155208,50.96641535794812,52.946453746323435,96890000
2019-06-04,52.3291130065918,52.52513405659916,51.41303433315086,51.83286255141034,60512000
2019-06-05,51.84031295776367,52.44425126628497,51.26268040962608,52.35443004300591,46988000
2019-06-06,51.99514389038086,52.106303519937086,51.38723777319978,51.91822566714979,29020000
2019-06-07,53.01791000366211,53.269014889801966,52.16336664116216,52.318694793669955,43828000
2019-06-10,53.73201370239258,54.331484331208706,53.36081782409409,53.44617144683089,28510000
2019-06-11,53.64665985107422,54.78654953180274,53.573713241851216,54.43817996962721,33508000
2019-06-12,53.550392150878906,53.72010745580406,53.07895191409723,53.59257298816466,23670000
2019-06-13,54.141422271728516,54.41832937159558,53.722589776777944,53.82878583415128,20814000
2019-06-14,53.907684326171875,54.32751253464041,53.66849427776035,54.07839535714609,24582000
2019-06-17,54.28434371948242,54.651072036648614,53.99205373152484,54.04664158720511,19770000
2019-06-18,54.84758758544922,55.51950886943129,54.62675627931569,55.158240104858095,34526000
2019-06-19,54.81135559082031,55.055512988219405,54.390535429495536,54.94683326342811,26714000
2019-06-20,55.24260330200195,55.71503548558903,54.934926641298766,55.664415452935344,24018000
2019-06-21,55.84654235839844,55.90608999377315,55.06990913426673,55.07685661079983,50774000
2019-06-24,55.416290283203125,55.75721639286306,55.24806291493411,55.580053850531634,24236000
2019-06-25,53.97120666503906,55.3666611379772,53.82332197509087,55.335895367610604,31644000
2019-06-26,53.61093521118164,54.345387649203154,53.28192390184612,54.140931162129085,34698000
2019-06-27,53.427818298339844,54.01488197038169,53.38910930568577,53.930024316591016,24078000
2019-06-28,53.734004974365234,53.734004974365234,53.28737875517691,53.45759383221051,33672000
2019-07-01,54.587554931640625,55.01383468609261,54.35580452486069,54.63916313596366,29196000
2019-07-02,55.21282958984375,55.22722052062033,54.571178081216495,54.82724275399014,20630000
2019-07-03,55.728431701660156,55.9765569294655,55.32448234664557,55.50561270283813,20154000
2019-07-05,56.20880126953125,56.307057893583014,55.45599015285598,55.54878723421806,29794000
2019-07-08,55.420753479003906,55.93784634816845,55.171140324730864,55.87134745630521,29888000
2019-07-09,55.792945861816406,55.97010840456372,54.94237029434849,55.09968236348599,29472000
2019-07-10,56.617713928222656,56.68867662457347,56.109056440518735,56.19143420006635,30710000
2019-07-11,56.77501678466797,57.22958235237633,56.549225720372654,56.87823696317935,26004000
2019-07-12,56.83755111694336,56.944742917427156,56.5010963789597,56.71795608325862,21878000
2019-07-15,57.094112396240234,57.10254780589926,56.57255192568418,56.837547972746464,21164000
2019-07-16,57.240509033203125,57.49458979757321,56.90653039566399,56.90653039566399,25352000
2019-07-17,56.90702438354492,57.487636486009706,56.90106886339431,57.11445670268782,19538000
2019-07-18,56.93183898925781,56.97799143438814,56.21823283580338,56.671802710632605,25450000
2019-07-19,56.15321731567383,57.147206118280955,56.138330408411804,57.035054549889345,23184000
2019-07-22,56.533348083496094,56.57354500725381,55.838600460858665,56.34775013685135,28914000
2019-07-23,56.97203826904297,57.012235195228826,56.21773918200493,56.7437634955171,20648000
2019-07-24,56.55915451049805,56.84350506009228,56.00236066629564,56.206321153848776,27192000
2019-07-25,56.37107467651367,56.750705969094305,55.764160586237736,56.520443518190056,54762000
2019-07-26,61.794097900390625,62.94390703218925,60.93955459546841,60.93955459546841,121216000
2019-07-29,61.626365661621094,61.9811867062708,61.04872940416391,61.65911913065302,41382000
2019-07-30,60.93955993652344,61.38171853493081,60.806562143614634,60.88993186007591,28616000
2019-07-31,60.45323181152344,61.28246516162188,59.95598938818582,60.78423078254611,39960000
2019-08-01,60.1346435546875,61.35144771638082,59.89743360552147,60.42494964174165,35426000
2019-08-02,59.36743927001953,60.02149400997808,59.05380708892359,59.69893422702038,34910000
2019-08-05,57.30452346801758,58.40272829512704,56.70902440596299,58.208691146682185,47840000
2019-08-06,58.11490249633789,58.62703184457215,57.64098237571722,57.83898734854081,36014000
2019-08-07,58.35458755493164,58.55110079193506,57.11048581608974,57.455875700470024,30686000
2019-08-08,59.857234954833984,59.861698755519036,58.25980387015317,58.87664130459793,30116000
2019-08-09,58.99921417236328,59.77137973144634,58.800217262438174,59.54955648267157,20418000
2019-08-12,58.28461456298828,58.83594885008432,57.997784131552514,58.5575538283192,22064000
2019-08-13,59.387786865234375,59.81952618143941,58.209691642030364,58.27717871429326,28434000
2019-08-14,57.77595901489258,58.69600548341399,57.61815098115511,58.362526641457315,35430000
2019-08-15,58.027557373046875,58.379894739111016,57.7139289960398,57.9833926276096,28506000
2019-08-16,58.51835250854492,58.74811899803839,58.21018365174988,58.596762448028,24916000
2019-08-19,59.5718879699707,60.016034239846476,59.073653612025325,59.14461630519966,24450000
2019-08-20,58.73273468017578,59.45081225325763,58.70891638229714,59.319306171789414,20206000
2019-08-21,59.13220977783203,59.57784398495233,58.95058344558923,59.34262175595248,14152000
2019-08-22,59.12923812866211,59.489514951734854,58.50346547821643,59.242381664473136,17352000
2019-08-23,57.24646759033203,59.33518582013697,57.068809058396305,58.81412126647175,36254000
2019-08-26,58.1198616027832,58.153607029039634,57.30948675302142,57.537761518563784,21166000
2019-08-27,58.101993560791016,58.805676311330274,57.791341062327135,58.70642773916501,23460000
2019-08-28,58.24740219116211,58.483120420447044,57.57746477621355,57.80673150671596,16810000
2019-08-29,59.264217376708984,59.5098589340244,58.81957511202527,58.87614687758333,19636000
2019-08-30,59.08010482788086,59.56742388475068,58.84140697094788,59.56742388475068,18064000
2019-09-03,58.038970947265625,59.00814572148851,57.749160872894805,58.64935686645036,25908000
2019-09-04,58.670204162597656,58.799726325309585,58.13723238922379,58.53026267829021,21312000
2019-09-05,60.15498733520508,60.244808550216014,59.18729663524469,59.23543299199942,26394000
2019-09-06,59.863685607910156,60.192696866650635,59.71182930668091,60.00362708254267,18972000
2019-09-09,59.81158447265625,60.56985517921189,59.211121819506104,59.90140569237248,31854000
2019-09-10,59.83292007446289,60.046307931779786,59.352052482156836,59.356024091289484,27922000
2019-09-11,60.54255676269531,60.66513144541207,59.663199363226745,59.74309723285985,23522000
2019-09-12,61.28544616699219,61.65515035041213,60.66959686972781,60.71475735944428,31644000
2019-09-13,61.53654861450195,61.58716864809238,60.89390513944056,61.143518317793806,23676000
2019-09-16,61.119693756103516,61.48642204264582,60.80010608090249,61.06063831833136,28218000
2019-09-17,61.03285598754883,61.286936758492395,60.70880447158138,61.119701339497205,20806000
2019-09-18,61.170318603515625,61.34847311148348,60.36738715897677,61.05072356371775,17440000
2019-09-19,61.47303009033203,61.75043317818672,61.153446164718,61.15394214261464,16554000
2019-09-20,61.03086471557617,61.67400410484187,60.720212212596586,61.21943851986746,37692000
2019-09-23,61.271549224853516,61.51917847820748,60.73013827416754,60.86859182001114,20798000
2019-09-24,60.45968246459961,61.887890472586925,60.07806725363248,61.53505712198621,35804000
2019-09-25,61.829833984375,61.93305417641819,60.00660791020394,60.34455437030646,26798000
2019-09-26,61.64870071411133,61.76681160275581,61.12912790123598,61.64125725959552,23166000
2019-09-27,60.83782958984375,61.78269019215181,60.30435804001419,61.6754983898568,34122000
2019-09-30,60.599124908447266,60.91027338638735,60.216021783221265,60.57232696088138,24470000
2019-10-01,59.84780502319336,61.18073606747627,59.82547466104151,60.666123065712306,24504000
2019-10-02,58.45433044433594,59.488516156682664,58.19181430055995,59.37636458954056,33030000
2019-10-03,59.0255241394043,59.103434317624526,57.720882653713154,58.72330700673478,28368000
2019-10-04,60.09394454956055,60.16838287393575,59.10193963198159,59.26669514408734,24282000
2019-10-07,59.9594612121582,60.48846514938345,59.76641981061871,59.897429903730114,17040000
2019-10-08,59.06025695800781,59.89097823911531,59.027999466165745,59.48901657316592,20086000
2019-10-09,59.66915512084961,59.96988429727848,59.45675922423016,59.6160589862627,15948000
2019-10-10,60.02000427246094,60.32519724822251,59.443859724165584,59.48058101672487,12842000
2019-10-11,60.32966613769531,60.97677718184017,60.22694192579406,60.74254689680836,22330000
2019-10-14,60.43189239501953,60.834350033369816,60.13960241921279,60.239346974498716,13296000
2019-10-15,61.64621353149414,61.8888792066184,60.58820951262969,60.61699137149783,27584000
2019-10-16,61.68393325805664,62.239235368386765,61.46210621454887,61.62487781814139,22986000
2019-10-17,62.17026138305664,62.71365628063968,62.024860351544284,62.100786616671584,20958000
2019-10-18,61.75390625,62.43376697711885,61.542006328101955,62.264051677322506,31624000
2019-10-21,61.74745559692383,62.20549306480344,61.534563716358846,61.96679897605688,18094000
2019-10-22,61.59461212158203,61.96828792239115,61.52761724539211,61.757379949911005,22862000
2019-10-23,62.40994644165039,62.430292892111794,61.54547975119606,61.54547975119606,21282000
2019-10-24,62.48339080810547,62.67146863481019,62.147924268223605,62.48339080810547,20224000
2019-10-25,62.740943908691406,62.92455793632195,61.989124787452795,62.130554195501524,27104000
2019-10-28,63.9656867980957,64.4748402346858,63.13844119071029,63.271931165928116,65428000
2019-10-29,62.56031036376953,63.55975874289798,62.30970146264001,63.32155686027525,52654000
2019-10-30,62.562294006347656,62.925550456002455,62.06356366767781,62.28687485547852,29204000
2019-10-31,62.46800994873047,62.85111689975829,62.00550488853947,62.52756137017092,31904000
2019-11-01,63.13546371459961,63.17268477057608,62.51316673112723,62.8153838353089,28812000
2019-11-04,63.99695587158203,64.14037298375169,63.32701849705497,63.32701849705497,30632000
2019-11-05,64.08776092529297,64.37558706892311,63.98553649186562,64.07584988575361,25148000
2019-11-06,64.0664291381836,64.16468575930595,63.63270975280702,64.02077645871792,24626000
2019-11-07,64.85696411132812,65.6365732365274,64.202409569136,64.2287077566494,45140000
2019-11-08,64.95917510986328,65.3616364910308,64.58797926101639,64.58797926101639,30392000
2019-11-11,64.42720794677734,64.75572703245952,64.30761291533182,64.71105873497332,17234000
2019-11-12,64.37409973144531,64.97655000563367,64.22671480495114,64.44159057864232,28852000
2019-11-13,64.322998046875,64.63762220937356,64.12300914781964,64.17412137638439,20538000
2019-11-14,64.96662139892578,65.29266435107532,64.21182643700779,64.26443037561577,28948000
2019-11-15,66.17698669433594,66.17698669433594,65.10260019319165,65.25942006575623,39286000
2019-11-18,65.49711608886719,66.19583908399201,65.31449780142827,66.11742915048329,27984000
2019-11-19,65.13733673095703,65.83406821762365,65.09664383210311,65.83406821762365,21864000
2019-11-20,64.60486602783203,65.16810758563217,63.97710948579548,65.07630246017649,28892000
2019-11-21,64.5195083618164,65.06438734597921,64.05352392914187,64.47533983135945,25546000
2019-11-22,64.19844055175781,64.85497899337908,63.984556707621046,64.66144160145485,27776000
2019-11-25,64.79244232177734,65.02915627328088,64.29470771763064,64.32696520886269,23590000
2019-11-26,65.15768432617188,65.20780459082586,64.713045870139,65.00434009297838,21910000
2019-11-27,65.11451721191406,65.38795627217733,64.98251893719141,65.27778859784624,18808000
2019-11-29,64.71553039550781,65.00633246444156,64.67285357901707,64.84009278572654,12802000
2019-12-02,63.95973587036133,64.7825214736323,63.53891191742799,64.63959655934319,26538000
2019-12-03,64.25154113769531,64.37511157931867,63.373675336560396,63.453569431147564,25270000
2019-12-04,65.45245361328125,65.71695745819278,64.66390942910238,64.81526974961815,35506000
2019-12-05,65.85045623779297,65.90107627270982,65.22319941918312,65.85244014940825,24408000
2019-12-06,66.46728515625,66.62012962490077,66.06234764572054,66.13777413827592,32968000
2019-12-09,66.64593505859375,67.36848011288853,66.30252909180109,66.44098641584695,30842000
2019-12-10,66.64098358154297,66.89456837249547,66.19981313481495,66.49459059389076,17606000
2019-12-11,66.7084732055664,66.98835617819118,66.55215309066824,66.90945404695505,20480000
2019-12-12,66.91887664794922,67.22108996230007,66.40823905263555,66.65685647014153,29114000
2019-12-13,66.83848571777344,67.06080496049667,66.57994115975089,66.88959794149217,33170000
2019-12-16,67.5248031616211,67.66523683096499,67.02408511896854,67.24193676714194,28128000
2019-12-17,67.23648071289062,67.70494128866822,67.0320242423483,67.60966052985063,32948000
2019-12-18,67.0886001586914,67.46177999872991,67.01664928638156,67.34119300214664,23330000
2019-12-19,67.31339263916016,67.36748829817319,66.93177744777162,67.08858973815528,28922000
2019-12-20,67.05435180664062,67.68855983506695,67.03003753311336,67.64389911091128,50090000
2019-12-23,67.02508544921875,67.58187556195193,66.89457132071418,67.42704715712873,19936000
2019-12-24,66.71739959716797,67.09356285074838,66.70450417230641,67.00423382720653,13468000
2019-12-26,67.61264038085938,67.64887327109261,66.77099993853264,66.8226119301376,23662000
2019-12-27,67.22406768798828,67.8399131132369,67.1426818939323,67.68855280086393,23212000
2019-12-30,66.48316955566406,67.34118857344946,66.39037247271645,67.33176120761757,19994000
2019-12-31,66.46728515625,66.53030841671966,66.10700836784599,66.28863469556742,19514000
2020-01-02,67.92081451416016,67.92081451416016,66.8196375144199,66.91491828092151,27278000
2020-01-03,67.56548309326172,68.17240092635127,66.86080841091031,66.89455761905593,23408000
2020-01-06,69.36639404296875,69.39170027421379,67.04344557379943,67.07470353986153,46768000
2020-01-07,69.23239135742188,69.64874769049442,69.05622458304828,69.49788714263947,34330000
2020-01-08,69.72518157958984,70.0631280606545,69.10933602043706,69.21801197598803,35314000
2020-01-09,70.4571533203125,70.8983162087163,69.98174145327377,70.56334559897189,33200000
2020-01-10,70.91220092773438,71.20896226489012,70.44771578618479,70.93751472809956,26258000
2020-01-13,71.4615707397461,71.53352161734328,70.73406573911171,71.22435698027574,30730000
2020-01-14,70.99309539794922,71.5905783300735,70.85314635097474,71.46006422047215,26076000
2020-01-15,71.42037200927734,71.49878195184972,71.04620021765285,71.11369107406499,21550000
2020-01-16,71.96426391601562,71.99106186638656,71.46007021003983,71.73052581710354,26080000
2020-01-17,73.42124938964844,73.47236161437567,72.28136348423534,72.57861703888604,52424000
2020-01-21,73.55672454833984,73.93536387662941,72.9592340508193,73.39543709748455,48930000
2020-01-22,73.63712310791016,74.46636033692931,73.5770832763965,73.92793275973034,28458000
2020-01-23,73.67781066894531,74.1150132847147,73.4609509628069,73.81974363908597,26650000
2020-01-24,72.75875091552734,74.14973777065077,72.61036646497563,74.08125496952862,29786000
2020-01-27,71.04966735839844,71.29034912825152,70.44274948721724,71.04023999318002,34132000
2020-01-28,71.98113250732422,72.19451657572402,70.98168030050765,71.54641358018323,29724000
2020-01-29,72.28881072998047,72.65802274423001,71.72755303995011,72.37614827530244,21566000
2020-01-30,72.1672134399414,72.21683393491814,71.2119299385252,71.36576634565895,27110000
2020-01-31,71.10176849365234,72.93243401368179,70.8179101604596,72.84261280770819,43822000
2020-02-03,73.5740966796875,73.75771451445905,72.28434210997459,72.53445127251754,71636000
2020-02-04,71.72854614257812,72.81682013376593,70.56831370623127,72.17914397442904,95880000
2020-02-05,71.76029205322266,72.67984253452366,70.94793336208039,72.63170618173763,36376000
2020-02-06,73.24508666992188,73.5224935524737,71.98014611752211,72.05458066523562,37822000
2020-02-07,73.40089416503906,73.7055911376281,72.72103350779275,72.81929012242819,28360000
2020-02-10,74.86732482910156,74.87824391485704,73.206874148299,73.30761445127459,38302000
2020-02-11,74.93679809570312,75.92037145053452,74.7080273521206,75.09609407520617,34852000
2020-02-12,75.3620834350586,75.44495338113576,74.86781690908632,75.22461806580742,31042000
2020-02-13,75.10205078125,75.72533972486248,74.63606632799268,74.93381963355475,22914000
2020-02-14,75.36705780029297,75.43256474859952,74.71299541746157,75.1586334849378,23198000
2020-02-18,75.40228271484375,75.95411300380982,74.98394241111538,75.14919769716833,25642000
2020-02-19,75.67174530029297,75.9630471132219,75.47870768352672,75.7873725080763,22746000
2020-02-20,75.28070068359375,75.78091896387954,74.64896876279927,75.38094121635825,25962000
2020-02-21,73.61676025390625,74.98095669681864,73.37012676714123,74.66484088299715,42520000
2020-02-24,70.46061706542969,71.28042685845558,69.81202186636781,70.61892109008193,49560000
2020-02-25,68.79619598388672,71.30374648103692,68.50341002838334,71.0134442009436,51580000
2020-02-26,69.00214385986328,70.15344868855172,68.31136399152298,69.22595484103678,49776000
2020-02-27,65.25446319580078,67.9565510564258,65.21922983103778,67.44739751104343,62290000
2020-02-28,66.46034240722656,66.61913861220282,62.93497730501943,63.23769037956694,80198000
2020-03-02,68.79619598388672,68.85325994086891,65.76311339989533,67.06279499656021,55430000
2020-03-03,66.3844223022461,69.8814980608443,65.96359831152199,69.35994133870133,56602000
2020-03-04,68.56196594238281,68.62052161924996,66.34868554057559,67.43845113577657,47598000
2020-03-05,65.24503326416016,67.17396336378967,64.59395432942128,66.77298603210595,54380000
2020-03-06,64.30115509033203,64.64902106500841,62.38909999241039,63.02132406345207,64640000
2020-03-09,60.33363723754883,62.16678659987144,59.45279189368406,59.796197886210365,69252000
2020-03-10,63.280364990234375,63.31411041309765,60.27010895451068,62.24915893290205,54872000
2020-03-11,60.09096908569336,62.37521226684703,59.11037916246386,61.9454606818698,54732000
2020-03-12,55.16072082519531,58.99177508979836,55.00787634557328,55.71007122053141,94326000
2020-03-13,60.258209228515625,60.264660727196514,55.19744391380035,58.30893660682994,79400000
2020-03-16,53.24767303466797,56.84399695833139,52.95389135443465,54.071942763433945,96520000
2020-03-17,55.4837760925293,55.87779830241057,52.06163502643208,54.12305900314687,83194000
2020-03-18,54.150352478027344,54.835176710600784,51.46116823932487,52.59956987937254,93044000
2020-03-19,55.16667938232422,57.19832981284174,52.381721811582096,54.002971351103,74064000
2020-03-20,53.00996780395508,56.49711985632716,52.706758754959296,56.120960417669764,82878000
2020-03-23,52.31125259399414,52.94546064378,50.06522244779054,52.422412216355276,83672000
2020-03-24,56.07680130004883,56.24155682605298,53.9141408183896,54.78506285069466,72468000
2020-03-25,54.66795349121094,56.87874677884783,53.74443120206964,55.807343554617596,90324000
2020-03-26,57.709957122802734,58.13474890041743,54.19203923465437,55.318030110125996,76562000
2020-03-27,55.096702575683594,57.12090932887696,54.78605006867187,55.950749927564374,62794000
2020-03-30,56.885684967041016,57.1184273116547,54.51261641318761,56.207312192064094,58736000
2020-03-31,57.66181945800781,58.230024543303415,56.40977830125608,57.0057770759988,65228000
2020-04-01,54.69175720214844,56.04751444221686,54.264485569081124,55.778546811008695,51970000
2020-04-02,55.43266296386719,55.71750946745041,54.24662474488015,54.587547031869654,56410000
2020-04-03,54.225284576416016,55.52000256570381,53.35089456161916,55.317533807276405,51374000
2020-04-06,58.71586227416992,59.09102601174513,55.82818053071941,56.22518244004085,63320000
2020-04-07,58.68458938598633,60.58126162443878,58.42108128525922,60.39417197088873,61620000
2020-04-08,59.897430419921875,60.28946874689685,58.75357293120654,59.703893038845585,40334000
2020-04-09,59.87609100341797,60.64130912701154,59.17389614347068,60.45223933607273,54028000
2020-04-13,60.066654205322266,60.27061469622001,58.673183531399104,59.624495605528445,38702000
2020-04-14,62.7870979309082,63.309150595298796,60.96635185248098,61.533568790759,63358000
2020-04-15,62.39356994628906,63.27739110806091,61.237305503917405,61.858114536327975,42236000
2020-04-16,62.40001678466797,63.19054488131015,61.44572892134189,62.88187629188426,57896000
2020-04-17,63.470436096191406,64.01631085791675,62.825308968458316,63.60442205768856,51050000
2020-04-20,62.58462905883789,63.36225423770926,62.350894746468136,63.01835225673442,35292000
2020-04-21,60.15349578857422,62.031305781008385,59.798178772892086,61.66954105330568,49648000
2020-04-22,62.44866180419922,63.51410943261754,61.396113387503334,61.590146760430514,46296000
2020-04-23,63.08186721801758,63.92450330392023,62.553859038058,62.81240358554889,34202000
2020-04-24,63.35133361816406,63.40641744784095,61.733556107559444,62.27943083977364,37402000
2020-04-27,63.06648635864258,64.21977499252665,62.77866017804189,64.11555906230626,44186000
2020-04-28,61.16733932495117,63.75627571988888,61.05766763555547,63.678865309374004,80700000
2020-04-29,66.60574340820312,67.49750400441403,65.83903737899195,66.74568488278513,108358000
2020-04-30,66.8300552368164,66.99381881368947,65.57950183208328,66.06880865105774,55842000
2020-05-01,65.3720703125,67.06478615350073,64.9919467787964,65.70803288109285,48872000
2020-05-04,65.64897918701172,65.72689694131952,64.31456381571466,64.91602224376798,30806000
2020-05-05,66.94518280029297,68.03644021724791,66.25093487839713,66.37350578620796,39666000
2020-05-06,66.76702880859375,67.92130943867623,66.75214189978065,67.39081754771591,31732000
2020-05-07,67.95057678222656,68.28406319438015,67.1198555493269,67.55506663759755,30652000
2020-05-08,68.69793701171875,69.30832293940408,68.08605936440217,68.57288244466392,33326000
2020-05-11,69.65321350097656,70.24573665773038,68.25925071596942,68.32326593344159,32718000
2020-05-12,68.24337005615234,70.18618717942246,68.21012061062113,69.88298191912625,33918000
2020-05-13,66.91094207763672,68.74707504318368,65.90256218086446,68.29200962513352,40368000
2020-05-14,67.3342514038086,67.35955763646824,65.6688332395569,66.17600285388292,36660000
2020-05-15,68.1381607055664,68.21358719606583,66.44792885100179,66.90746177228863,41544000
2020-05-18,68.73961639404297,69.11577202095012,67.20222906240221,67.56846513316054,47094000
2020-05-19,68.20466613769531,69.1023785172191,68.17290840940507,68.75451250919471,31586000
2020-05-20,69.92962646484375,70.07205161178385,68.85078001844624,68.93712559506159,38262000
2020-05-21,69.81002807617188,70.29188377229937,69.19665875184697,70.02043625136312,30894000
2020-05-22,70.1321029663086,70.31868908167836,69.27408397743726,69.66860218679889,28544000
2020-05-26,70.53555297851562,71.71365570635362,70.43779611422846,71.55733558967322,44590000
2020-05-27,70.48145294189453,70.73305377684775,69.20708528549198,70.46755799103713,31684000
2020-05-28,70.38023376464844,71.68139961305472,69.42941762074975,69.4750703044291,35170000
2020-05-29,71.13851165771484,71.29780766096256,70.268089279366,70.48891683760687,37044000
2020-06-01,71.20548248291016,71.53846911353084,70.58070188273932,70.75042473296631,25162000
2020-06-02,71.57470703125,71.60894843679606,70.54746486486832,71.21194652362176,23442000
2020-06-03,71.4228515625,71.90719099922431,71.04421220546605,71.5940585831891,27732000
2020-06-04,70.18470764160156,71.5255820636348,69.7733185639885,71.30027935945657,26982000
2020-06-05,71.46106719970703,71.77271549614922,69.85321278073467,70.25120666904046,42642000
2020-06-08,71.85904693603516,71.90668352390114,70.68987954193727,70.77920855593423,33878000
2020-06-09,72.0595474243164,72.83965639195488,71.57719182073723,71.72011676724603,33624000
2020-06-10,72.6858139038086,73.0862838915856,72.1726925648837,72.5275098675716,31762000
2020-06-11,69.5693588256836,72.03572441713648,69.39616788575559,71.51118424615481,47144000
2020-06-12,70.11621856689453,71.1876215355899,68.77038463113773,70.75836219306613,36676000
2020-06-15,70.5042953491211,70.71569551567282,68.83986925092634,68.95351255272476,30468000
2020-06-16,71.7811508178711,72.31213493878118,70.9137043603736,71.9066975960279,30648000
2020-06-17,72.08236694335938,72.56174660860705,71.21839618065276,72.10222120320456,30610000
2020-06-18,71.16826629638672,72.10369560935757,70.77721618095585,71.94886723551764,34862000
2020-06-19,70.69783782958984,71.68338762751483,70.41794726010522,71.4600764031913,52784000
2020-06-22,71.98906707763672,72.00346179403014,70.42737286211982,70.71619099609049,29442000
2020-06-23,72.65007019042969,73.20686779381253,71.70818932914503,72.05556312633793,37752000
2020-06-24,71.09780883789062,73.2361474446459,70.9638190872354,72.61534214894262,31592000
2020-06-25,71.51465606689453,71.5751956563901,70.44473713789317,71.02435732770277,23958000
2020-06-26,67.6161117553711,71.31218435810231,67.24193998415596,71.09433269950638,97640000
2020-06-29,69.33463287353516,69.37582554444442,67.07569949381947,67.50694283958305,45074000
2020-06-30,70.37079620361328,70.66606584717748,68.82646494071054,69.32023932105565,40286000
2020-07-01,71.55931091308594,71.88088628212557,70.17874335966512,70.42637638438264,42182000
2020-07-02,72.94535064697266,73.86788472318719,72.00942138081768,72.04763818332158,57218000
2020-07-06,74.42019653320312,74.93381756362824,73.29519761693808,73.84951154751805,44712000
2020-07-07,73.9373550415039,75.4955812741531,73.9264359557316,74.24552768558216,42364000
2020-07-08,74.6162109375,74.99187437067073,74.05544555871522,74.4772614303608,31766000
2020-07-09,75.36357879638672,75.88365139172461,74.21873304696575,74.93035155493966,41836000
2020-07-10,76.3734359741211,76.48906316946136,74.47329573069611,75.09509289982257,35918000
2020-07-13,75.04447937011719,78.22693046477697,74.76310472112803,76.91583772886165,42954000
2020-07-14,75.4727554321289,75.56902815362085,73.73935425344632,74.07978441018965,38108000
2020-07-15,75.27523803710938,76.24044119944688,74.32988156049042,75.59035433858878,31026000
2020-07-16,75.17798614501953,75.227114462003,73.85547426548348,74.51201273584942,26484000
2020-07-17,75.27375030517578,75.60028547250893,74.34328068659873,75.2767261723641,34264000
2020-07-20,77.60563659667969,77.86219724741542,74.5715619416608,75.18194791342034,30166000
2020-07-21,77.21260070800781,78.75743169114544,77.04883714436846,78.65719115591367,27486000
2020-07-22,77.65575408935547,77.76145416596226,76.58285931506369,77.20218043875396,24482000
2020-07-23,75.26878356933594,77.92868610933714,74.86383850371978,77.70934275850684,33910000
2020-07-24,74.84500122070312,75.20329416614082,73.8217343783056,74.39738681396435,29902000
2020-07-27,75.89803314208984,76.30148653573652,75.04944906873521,75.09560151396478,27124000
2020-07-28,74.61870574951172,75.7283180610167,74.46337759336177,75.67819779262315,30910000
2020-07-29,75.60425567626953,76.0915709811105,74.58694068015295,74.68569706970071,22676000
2020-07-30,76.34169006347656,76.46674464281898,74.19788429386662,74.33683382646932,36042000
2020-07-31,73.83958435058594,74.68668422705532,72.1548119628586,74.2911740746664,91468000
2020-08-03,73.58203125,74.32491519567483,73.03416882186066,73.9909441597244,45482000
2020-08-04,73.11258697509766,74.0956606075538,72.65256179297857,73.77806059086923,37212000
2020-08-05,73.39989471435547,73.94130556739641,73.009344398729,73.28725096820389,29134000
2020-08-06,74.6832046508789,74.74871158432148,73.0431006448764,73.25400858814031,33306000
2020-08-07,74.356689453125,75.4345440924859,73.75622301234296,74.88618940652373,27718000
2020-08-10,74.27975463867188,74.79237608443793,73.32049572419088,73.9810094187273,20546000
2020-08-11,73.47187042236328,74.95566211247646,73.35525125440243,74.13982012855085,31098000
2020-08-12,74.79685974121094,75.01670289215501,73.6931991158398,73.79840700821114,22512000
2020-08-13,75.26383209228516,76.27221957426538,74.84499955940771,74.84499955940771,22388000
2020-08-14,74.66734313964844,75.41966216296682,74.38795233108324,75.11297363738187,21942000
2020-08-17,75.24347686767578,75.61765619945626,74.685694859427,75.23008167921238,19990000
2020-08-18,77.20565032958984,77.28455245125708,75.51294236568772,75.73376986800842,28378000
2020-08-19,76.65133666992188,77.85474547284741,76.42256594943116,77.04237922081494,30472000
2020-08-20,78.22148895263672,78.41601831022678,76.14765758595809,76.42108908080341,26382000
2020-08-21,78.187744140625,78.99712707798484,77.52971397251127,78.00065067341802,34838000
2020-08-24,78.66314697265625,79.83579016442737,78.16143693431773,79.02639966986824,25638000
2020-08-25,79.69037628173828,79.8407370681416,78.30235775166516,78.41252540445169,25150000
2020-08-26,81.59001922607422,82.01977833827368,79.44870497954882,79.71270905754783,52188000
2020-08-27,80.81536865234375,81.78156365092393,80.33350541836164,81.71308085678014,31350000
2020-08-28,81.3567886352539,81.45206939327979,80.67097616967305,80.86252964148268,22418000
2020-08-31,80.8655014038086,81.60838536257283,80.65707712251383,81.56223291953953,26422000
2020-09-01,82.13341522216797,82.33886363020532,80.86549898910711,80.99601309646859,22652000
2020-09-02,85.22555541992188,85.65779065315286,82.38700223432284,82.77506893604762,49522000
2020-09-03,80.86451721191406,84.36258498681123,79.7826871845487,84.33876290318153,63726000
2020-09-04,78.4676284790039,81.13645913479783,76.3218387159225,79.84670453576004,55850000
2020-09-08,75.60871887207031,77.19423512243685,75.25637772077722,75.67819363218968,54032000
2020-09-09,76.7813720703125,77.35155737015681,75.68663901115721,76.8642420294293,39242000
2020-09-10,75.73030090332031,78.09295018003152,75.43007148898609,76.92775807382651,33024000
2020-09-11,75.21966552734375,76.35805971799056,74.09119089442812,75.83451909086573,30706000
2020-09-14,74.8757553100586,77.26619442098949,74.69115310887393,76.00819769874438,42660000
2020-09-15,76.1803970336914,76.96794929706259,75.53428554034802,75.82161195068608,23042000
2020-09-16,75.03753662109375,77.1356820188287,75.01272258332794,76.54564251599456,22128000
2020-09-17,73.79442596435547,74.37107027229393,72.57464602616677,73.73338661244166,40008000
2020-09-18,72.01040649414062,74.19937265583256,71.0442113083804,73.85695861877808,63056000
2020-09-21,70.97077178955078,71.46304688740663,69.60806684484395,71.04421437886803,56908000
2020-09-22,72.4436264038086,72.64957456925964,70.93899627600688,71.97219001757368,33950000
2020-09-23,69.9410400390625,72.10915989592557,69.60806095366121,72.06003158587683,37726000
2020-09-24,70.60948181152344,71.36030890518906,69.58174766242739,69.60805341622337,34552000
2020-09-25,71.41342163085938,71.75483613203042,69.8561874444943,70.71817425152294,30326000
2020-09-28,72.38606262207031,73.09718880945536,71.77170890148732,73.04756831063268,30784000
2020-09-29,72.7513198852539,73.04807369267076,72.15482125858226,72.6466117543797,31816000
2020-09-30,72.73046875,73.75274352180791,72.2421614908849,72.49921433138267,40924000
2020-10-01,73.83710479736328,74.19292159737675,73.28626646757014,73.62669659515059,32884000
2020-10-02,72.23422241210938,73.39693849816092,71.82481725926408,72.4342113053677,31222000
2020-10-05,73.58551788330078,73.67831497337035,72.4570431761626,72.58408167311056,21602000
2020-10-06,72.0069351196289,73.66936958012764,71.708689629658,73.2217552492913,26096000
2020-10-07,72.4098892211914,72.89770426386879,71.12410260316045,72.41832463079594,36108000
2020-10-08,73.61528778076172,73.84355876633454,72.72302733778457,72.72302733778457,26076000
2020-10-09,74.9561538696289,75.02562863489327,73.79244587231484,74.0832479306486,32966000
2020-10-12,77.64285278320312,78.82541548276977,75.89158140633867,76.32332446809873,55344000
2020-10-13,77.76592254638672,78.66364249122451,77.34709005860579,78.2591971477664,39072000
2020-10-14,77.58578491210938,78.59863235974427,76.7153626294545,78.13960670707321,33174000
2020-10-15,77.19027709960938,77.98080531787049,76.47865858893644,76.6458902262155,31210000
2020-10-16,77.79718017578125,78.2939227856747,77.29894584633858,77.50587839375657,34194000
2020-10-19,75.92384338378906,78.60260869103162,75.57498539804158,78.20560677367027,29734000
2020-10-20,76.972412109375,78.10187856628933,75.45487896936599,75.58440111837055,41670000
2020-10-21,78.70482635498047,80.15140068876588,77.76939696227232,77.90387889868303,60322000
2020-10-22,79.73057556152344,80.06603832391136,78.28251710135257,78.65569689727067,30512000
2020-10-23,81.03671264648438,81.09328441349074,79.99110798217251,80.14693590256121,30548000
2020-10-26,78.6204605102539,80.86797460880413,77.80115055828723,80.14444517053825,35826000
2020-10-27,79.34449005126953,79.49931843074643,78.25820014746962,78.8507232899388,25902000
2020-10-28,74.97352600097656,77.10789684447866,74.85839855107197,76.91932680468821,45174000
2020-10-29,77.26025390625,78.84130281711909,75.25887316569779,75.2821954866386,55406000
2020-10-30,80.19952392578125,83.43557859087133,79.47797841043996,82.74678275654098,99878000
2020-11-02,80.6069564819336,82.29023716014902,80.10673063697057,80.56824749297716,44228000
2020-11-03,81.66594696044922,82.3279448648545,80.00102885652811,80.92653865196347,31432000
2020-11-04,86.63789367675781,87.83782697800774,84.5114585454135,84.63948898890001,71342000
2020-11-05,87.46414184570312,88.91915155799254,86.39869055413503,87.85866004494117,39758000
2020-11-06,87.3266830444336,87.76189413906489,86.18282183232226,86.91032668013082,28622000
2020-11-09,87.41055297851562,90.16325299322276,87.21850731003066,89.12559909444359,53440000
2020-11-10,86.23444366455078,87.30932243182015,85.16254076469718,85.83992542478141,43022000
2020-11-11,86.70638275146484,87.48400040663131,86.49944259042287,86.7644386706243,31838000
2020-11-12,86.4875259399414,87.58721871168564,86.24684415165065,86.44683303667651,26474000
2020-11-13,87.948486328125,88.19016006899665,86.14809419488121,86.74458521077995,29744000
2020-11-16,88.03632354736328,89.0442111765779,87.40608331966793,87.54553261179751,25468000
2020-11-17,87.4224624633789,88.19066026800272,87.3147784714661,87.73013533866205,21314000
2020-11-18,86.37933349609375,87.58820185881903,86.2766092924887,87.1733372217032,20108000
2020-11-19,87.26911926269531,87.51327668318758,85.85232624194083,86.01162222429092,20106000
2020-11-20,86.16793060302734,87.75493847570979,86.09944780281101,87.43932242132932,27694000
2020-11-23,85.7302474975586,86.64483829608162,84.86776845214185,86.35850382471271,22530000
2020-11-24,87.53362274169922,87.66165318603427,85.39130873171393,85.72727127928064,27984000
2020-11-25,87.54502868652344,87.85518522073961,86.7624437790224,87.72765454815004,19600000
2020-11-27,88.68096160888672,89.17671995518849,87.56538985392791,87.56538985392791,14790000
2020-11-30,87.06217193603516,88.34944257402769,86.73662876386706,88.11670404267863,32418000
2020-12-01,89.09481811523438,90.40293508256026,87.49043957012618,87.67058175377963,37350000
2020-12-02,90.564208984375,90.94979955479826,88.58913445361796,89.09481223303423,29424000
2020-12-03,90.40889739990234,91.50014714254405,90.16870781369849,90.34438241647054,24728000
2020-12-04,90.50418090820312,90.7890236553359,89.99948744675892,90.32850630008762,20544000
2020-12-07,90.17020416259766,90.77860623301,89.47594869785405,90.09675400163334,22288000
2020-12-08,89.88732147216797,90.11758389900459,88.89234456980665,89.7478797743089,19936000
2020-12-09,88.22637939453125,90.73294542075456,87.43932691550214,89.83919334116746,31728000
2020-12-10,87.7197265625,88.08397124892858,86.02651844476082,87.46911761623801,28688000
2020-12-11,88.07453155517578,88.19909393700529,86.97980616515416,87.34008297762018,18628000
2020-12-14,86.95598602294922,88.81890924399337,86.80065786516951,87.87206853297646,33050000
2020-12-15,87.39366912841797,87.53857037296576,86.43044991788793,87.33312197376682,21352000
2020-12-16,87.20062255859375,87.79215371143736,86.797176792218,87.79215371143736,24676000
2020-12-17,86.37289428710938,87.67307576208695,85.90840908366975,87.53511818197795,34880000
2020-12-18,85.66374206542969,86.76244280122043,85.10695202977472,86.65376686057336,85256000
2020-12-21,86.07762145996094,86.19870821457275,84.06482960264226,84.81565683297735,33974000
2020-12-22,85.36599731445312,85.98085084047112,84.64941153653486,85.81807923743065,20370000
2020-12-23,85.76349639892578,86.55154089513248,85.41463085492951,85.55011232552296,22974000
2020-12-24,86.05777740478516,86.46718255529909,85.5709542680901,85.80170893464756,9312000
2020-12-28,88.03284454345703,88.67995556645543,86.43790089801071,86.5912375649003,27650000
2020-12-29,87.22891998291016,88.75290469779057,87.09741391594572,88.691373155201,19726000
2020-12-30,86.16148376464844,87.72516940602775,85.75207866076447,87.58820379818833,21026000
2020-12-31,86.97484588623047,87.21601985817294,86.15354439427452,86.21210764385076,21070000
2021-01-04,85.65928649902344,87.4636464411681,84.71690581732847,87.34008358640446,37324000
2021-01-05,86.3500747680664,86.68652953356218,85.20125359457019,85.60768289448738,20360000
2021-01-06,85.49800109863281,86.54459773705904,84.16904538419314,84.37548576847148,46588000
2021-01-07,88.05171203613281,88.22440320804346,85.69054682012181,85.69054682012181,41936000
2021-01-08,89.21739959716797,89.29332585763812,87.40062131631798,88.19164922097684,35484000
2021-01-11,87.15596771240234,88.54993804991724,86.95002711090964,88.18469390854133,34796000
2021-01-12,86.22003936767578,87.73211302288776,85.17543429898133,86.6135656079174,29528000
2021-01-13,86.70736694335938,87.16094060271311,85.71833405616691,85.71833405616691,23432000
2021-01-14,85.89698028564453,87.7147504644655,85.65629851518884,86.78774893221043,29212000
2021-01-15,85.73321533203125,86.72571621304921,84.94368675719375,85.80269009081528,31444000
2021-01-19,88.5544204711914,89.51565598079557,85.99178203469376,86.49646797023269,41660000
2021-01-20,93.29855346679688,94.27368371302536,90.29326108063897,90.63368359442,64152000
2021-01-21,93.50102996826172,95.87955813281762,93.26580772759824,93.97247397752348,58634000
2021-01-22,93.91838073730469,94.50544439835653,93.12140106015978,93.86379288072814,32744000
2021-01-25,94.00373077392578,95.37041104765358,92.26090239757879,94.91981325917729,50586000
2021-01-26,94.68211364746094,95.06918843335691,93.10304872949041,93.59234796879997,31462000
2021-01-27,90.26497650146484,93.31840541043215,89.19009786238911,93.04249028584238,82512000
2021-01-28,91.96515655517578,93.69160660359218,90.86347971648745,90.86347971648745,55278000
2021-01-29,90.68282318115234,91.68425930662701,89.40250361723265,91.0133261797353,44530000
2021-02-01,93.94369506835938,95.05876695305972,91.537869114529,91.537869114529,40252000
2021-02-02,95.2364273071289,96.73758204200149,94.60370337579502,94.93917374200196,66332000
2021-02-03,102.1720199584961,104.54112080046828,99.92251415054169,102.50599859407848,97882000
2021-02-04,101.91148376464844,102.68910130885799,100.99192568967557,102.25835779899022,48596000
2021-02-05,103.65827941894531,104.01111275805967,101.73134112371685,102.20575339863728,29866000
2021-02-08,103.44439697265625,104.95697040723631,102.39384015907453,104.21259473058925,28828000
2021-02-09,102.99132537841797,104.13865469002172,102.72384565242261,102.96204375401462,21892000
2021-02-10,103.54167175292969,104.1570250983957,101.84251204141984,103.37592426780195,25102000
2021-02-11,103.6543197631836,103.91484823820412,102.66727833879833,103.76597915086751,20480000
2021-02-12,103.96595764160156,104.18777710286646,102.90099857654532,103.20867899470525,18990000
2021-02-16,104.74359130859375,106.45267806427309,103.80319453901487,103.80319453901487,31004000
2021-02-17,105.1366195678711,105.32618913024353,103.63447293017356,103.91385613661629,20294000
2021-02-18,104.50090789794922,105.30384678219214,103.88158682056805,104.46071476343555,22546000
2021-02-19,103.65728759765625,105.13462765654127,103.39030764472844,104.59917603105531,37938000
2021-02-22,101.94275665283203,103.2364866636668,101.63210788638077,101.91000696569243,29466000
2021-02-23,102.23355102539062,102.84791239328172,98.76525719424058,99.94435185295079,34658000
2021-02-24,103.40916442871094,103.63297538297377,100.61627147183141,100.74082627734853,22608000
2021-02-25,100.0416259765625,103.36898668140547,99.57217340027847,102.02563613624613,41548000
2021-02-26,100.33737182617188,102.0548939056203,99.30021020364278,100.73635761176493,40042000
2021-03-01,102.70698547363281,103.03302091003201,100.95819763423486,101.63210667965502,26060000
2021-03-02,102.44990539550781,103.9515596460138,102.06233848325012,102.46776816920251,25564000
2021-03-03,99.81632232666016,103.02110427360444,98.95234399009125,101.82812222319419,33892000
2021-03-04,100.93386840820312,102.95161985010066,99.51955162533255,99.98801216184687,49216000
2021-03-05,104.06719207763672,104.52026594581169,100.62867233193391,102.28466284780541,53100000
2021-03-08,99.62228393554688,104.89444552557276,99.50764868129858,103.42158052102567,36868000
2021-03-09,101.25296020507812,102.42212772357182,101.01674600755987,101.71894467377746,33920000
2021-03-10,101.04602813720703,102.29707365898807,100.20934752586386,102.29707365898807,27100000
2021-03-11,104.23939514160156,104.77187091897011,102.05142854718905,102.13926584834769,27702000
2021-03-12,101.73135375976562,103.10150219473942,100.85894755075073,103.04195455710017,33818000
2021-03-15,101.9516830444336,101.97897318600187,100.62917885594194,101.48223051757223,26168000
2021-03-16,103.41313934326172,104.89146380814894,102.19235989786293,102.52484679250944,31900000
2021-03-17,103.33026123046875,104.16296639587709,101.4395482280668,102.64791686191691,26382000
2021-03-18,100.30908966064453,102.66181170828624,100.20189786741744,101.64102114164612,31700000
2021-03-19,100.5879898071289,101.08820812478666,99.39549992944659,100.72545519221457,46072000
2021-03-22,100.77310180664062,101.64898371361737,99.94485649895661,100.62124926138284,33536000
2021-03-23,101.30109405517578,102.43155255458386,100.6395958801365,101.23261124865263,28510000
2021-03-24,100.86441040039062,102.6047552882136,100.6892279688105,101.8186946424431,25218000
2021-03-25,100.86092376708984,101.51497849194996,99.05605651294476,100.69170066123667,35616000
2021-03-26,100.4773178100586,101.20481507110642,99.44114060264995,100.82766746682842,27978000
2021-03-29,101.52242279052734,101.6921456617526,99.52055008099022,100.34978722521926,26492000
2021-03-30,101.5561752319336,102.3600985997057,101.04404587909158,101.87923478436586,27312000
2021-03-31,102.35264587402344,103.5307484849651,101.58246421687518,101.94969227085818,42570000
2021-04-01,105.6904296875,105.98669127491928,103.78731339954884,103.82800630103871,39880000
2021-04-05,110.11599731445312,110.61373952658637,106.45614993329092,106.55242264996384,48510000
2021-04-06,109.63462829589844,110.56460573116816,109.26393216477742,109.7170060552788,35240000
2021-04-07,111.1119613647461,111.38340889951039,109.8251828326057,109.8251828326057,24134000
2021-04-08,111.67768859863281,112.73768033730468,111.30946858743064,112.35109778749995,28664000
2021-04-09,112.68209838867188,112.84586194117158,111.0241239862525,111.43006102264019,26146000
2021-04-12,111.38937377929688,111.99826800652428,110.5556690671648,111.86081020287733,25024000
2021-04-13,111.87619018554688,112.32480405880901,111.31145691408278,111.7054829333092,25682000
2021-04-14,111.25489044189453,112.52132265803313,110.96260423492673,112.52132265803313,21002000
2021-04-15,113.40562438964844,113.93909964977729,111.71440816514466,112.24936757265024,29174000
2021-04-16,113.28157043457031,113.85176324145186,112.69450680826098,113.60363801209377,26282000
2021-04-19,113.62944793701172,114.34057420260662,112.65779320044837,112.65779320044837,30290000
2021-04-20,113.09598541259766,114.08798664621497,112.00969537265847,114.0130523362759,22288000
2021-04-21,113.06322479248047,113.14510278510481,111.39929103374098,112.75058458537109,23204000
2021-04-22,111.78141021728516,113.58577771200164,111.17598403868455,112.9168285050062,24146000
2021-04-23,114.13414001464844,114.44132071147847,112.2146449476843,112.49998747236313,29066000
2021-04-26,114.63037872314453,115.35490771445889,114.00460611598119,114.36190704701553,32038000
2021-04-27,113.68999481201172,115.05319189753914,113.45079717646414,115.01249899515436,44386000
2021-04-28,117.06747436523438,120.65734705575763,116.77865622813731,118.72792498547076,81106000
2021-04-29,118.74082946777344,119.30655470794439,117.80241660635883,118.56565462462966,41234000
2021-04-30,116.79256439208984,118.19943039371044,116.44816640568712,117.51311809663473,44856000
2021-05-03,116.27545166015625,118.18452723288044,115.89929599373691,117.35876574374358,28242000
2021-05-04,114.47654724121094,115.37773525338912,111.98785142103567,114.81002610533777,44818000
2021-05-05,114.87057495117188,115.87448718948492,114.54850735953089,115.55837890460862,26636000
2021-05-06,115.99110412597656,115.99110412597656,113.7922184104356,114.45173268147272,25190000
2021-05-07,116.71463012695312,117.67338940045705,116.42829567342216,117.30815282057624,28898000
2021-05-10,113.72819519042969,115.67597966626334,113.37039450678947,115.534046710745,30914000
2021-05-11,112.6518325805664,113.15900213602517,110.8583841691217,111.31245758968727,34186000
2021-05-12,109.18750762939453,111.5561162328278,108.85849635134446,110.47478602478672,46376000
2021-05-13,110.61621856689453,111.13231572556356,109.50858260758544,110.47130973397276,33204000
2021-05-14,113.06471252441406,113.37933665290709,111.65635497248752,112.08015480939481,31996000
2021-05-17,113.58776092529297,113.6304377384808,111.92978642061708,112.3297641754445,21598000
2021-05-18,112.27517700195312,114.51873100821115,112.26128204938492,114.2542271454535,22204000
2021-05-19,112.7232894897461,112.89648041648023,110.43756603914663,110.58594292832795,23684000
2021-05-20,114.48250579833984,114.73310713657823,113.31978979628988,113.69098569300493,32352000
2021-05-21,113.84630584716797,115.07502854849963,113.60661602300084,115.00157839071795,40632000
2021-05-24,117.1667251586914,117.39052855183634,114.73112544261134,114.87652646965049,31832000
2021-05-25,117.25753021240234,118.30610310206922,116.86697983991921,117.71060408228924,22440000
2021-05-26,118.12300109863281,118.5537446380502,117.43568933655425,117.43866520384775,21572000
2021-05-27,117.24810791015625,118.55671711942162,116.92951595867764,118.55671711942162,35224000
2021-05-28,116.95879364013672,117.91258561269424,116.76029647620672,117.83070761492301,21482000
2021-06-01,118.16616821289062,118.3909711309442,116.83125322941245,117.83169739325494,23354000
2021-06-02,117.64064025878906,118.7844939306939,116.73596907023163,118.5616749306312,21158000
2021-06-03,116.49876403808594,116.96722459641707,115.60253582286343,116.4069589139595,18696000
2021-06-04,118.7810287475586,119.05198412649423,117.23471351595569,117.57514366228743,24458000
2021-06-07,119.2142562866211,119.3239317671164,118.1572478636839,118.57608038074805,24120000
2021-06-08,119.02268981933594,120.06878661423825,118.84106348764917,119.69610658561207,24240000
2021-06-09,119.49413299560547,119.73927477924008,118.94627056496574,119.66732391656954,17942000
2021-06-10,120.84343719482422,120.88661377093757,119.287694745619,119.44351508642232,25904000
2021-06-11,120.59879302978516,121.17047000516757,120.04100343499866,121.08511637699016,21958000
2021-06-14,121.52728271484375,121.52777490664751,119.99337074452207,120.70102140342084,22098000
2021-06-15,120.50897216796875,121.85479867979801,120.1481955864892,121.5317391337335,21562000
2021-06-16,119.86681365966797,120.97196589201818,118.57408336169361,120.66031764210322,26472000
2021-06-17,120.83053588867188,121.603693441412,119.59636123311135,119.7923822856336,25842000
2021-06-18,119.21028900146484,120.69109729937942,119.11500823804992,120.45686700018894,46116000
2021-06-21,120.89901733398438,121.0851112549705,118.99936913469928,119.59685965102948,27414000
2021-06-22,121.41313171386719,121.48211428370058,120.15613450667915,120.83698717040798,22390000
2021-06-23,121.2111587524414,122.17239413660434,120.92085647379636,121.17790930527332,19148000
2021-06-24,121.58135986328125,122.13269035567586,121.382862712785,121.77985701377752,21362000
2021-06-25,121.58980560302734,121.71337603387175,120.65338419848014,121.08511970218902,34594000
2021-06-28,121.61709594726562,121.86422922179605,120.49507286854836,121.758521573653,28526000
2021-06-29,121.35556030273438,122.09845179914902,120.77842384012449,121.75057824921645,23108000
2021-06-30,121.17394256591797,121.34018980324502,120.44445377750469,121.07965376613676,24474000
2021-07-01,121.52629089355469,121.66771652938495,120.62013549310655,120.81218116296395,18110000
2021-07-02,124.31818389892578,124.46358492049245,122.13666881147289,122.22649002373326,25982000
2021-07-06,125.24369812011719,125.4799123179405,123.64824707773293,124.70625497523152,26404000
2021-07-07,125.52556610107422,126.32948945977284,125.20697413933541,126.208410278611,24060000
2021-07-08,124.10628509521484,124.6536477834332,123.09195356628405,123.0959213892183,23790000
2021-07-09,124.57722473144531,124.7916007446982,123.6174735198398,124.0874257825827,18632000
2021-07-12,126.02330017089844,126.11659701235094,124.66903075282382,125.2317800964702,17668000
2021-07-13,126.38655853271484,127.09718503011685,125.72456058354896,126.08582935283354,19240000
2021-07-14,127.27533721923828,128.3566749442319,126.95525355930435,126.99843013494588,23742000
2021-07-15,126.05258178710938,127.73487061260049,125.58114534521543,127.68425815211094,24218000
2021-07-16,126.01783752441406,126.85302634579371,125.20746273938772,126.7056414194645,20424000
2021-07-19,123.64379119873047,125.25858921852814,122.57883200311225,125.14395396093992,27968000
2021-07-20,125.26305389404297,126.09029957274659,123.41799344616328,124.58616145014766,26312000
2021-07-21,126.59252166748047,126.63916630972676,125.07845626783947,125.18763199055165,20746000
2021-07-22,127.45844268798828,127.51948960821602,126.54286761164278,126.88528161966792,14302000
2021-07-23,132.01751708984375,132.3986401311124,128.82712984161756,129.4523951600972,41506000
2021-07-26,133.02987670898438,133.23035779403736,131.30937099591478,132.32867753093342,30572000
2021-07-27,130.910888671875,133.39115703132677,129.12836663588544,133.24377207224154,54710000
2021-07-28,135.07342529296875,137.2599079039197,134.26305040717065,135.28979281293505,95130000
2021-07-29,134.75930786132812,135.63618169208738,134.52656927251087,135.1290120798476,31716000
2021-07-30,133.71620178222656,134.28987032951665,133.24824090283735,134.02239055437838,25576000
2021-08-02,133.8432159423828,134.32159603083082,132.79066767952273,134.10374439184372,21634000
2021-08-03,134.6129150390625,134.71413996372158,132.31974039561504,134.1216167474908,20762000
2021-08-04,134.11219787597656,134.63227046149845,133.4784819870635,134.33451713154457,19676000
2021-08-05,135.229736328125,135.32750833169953,133.83477396423808,134.66301914321753,17870000
2021-08-06,134.7205810546875,135.4490854531946,134.19605607043894,135.02181756289275,20488000
2021-08-09,135.88626098632812,136.15523997949722,134.32455935046355,134.92304934714446,17760000
2021-08-10,135.7810821533203,136.739341684584,135.3418956435353,136.3120586436504,19414000
2021-08-11,135.25704956054688,136.6500129504423,135.24959853381438,136.15277807095418,15352000
2021-08-12,136.16517639160156,136.27038427949398,134.4099447510758,134.95580816135285,16506000
2021-08-13,136.6946563720703,136.82270194737035,136.0053759091246,136.22074387202724,15948000
2021-08-16,137.27230834960938,137.3249198670096,134.2843860879526,136.4936912096848,22384000
2021-08-17,135.6366729736328,137.22864843735246,135.06152034652905,136.71701126967452,21716000
2021-08-18,134.4332733154297,136.0763610262698,134.30672701456993,135.47638678008008,19258000
2021-08-19,134.6625213623047,135.32997885564367,133.2432522758854,133.42736229214302,21782000
2021-08-20,136.39891052246094,136.52247337439283,134.23575039027023,134.9801260855952,31194000
2021-08-23,138.9913330078125,139.8180789523817,136.57557987363364,136.93486475189124,28454000
2021-08-24,140.20217895507812,141.01453771679073,139.2860964529623,139.55704424673573,19268000
2021-08-25,141.01353454589844,141.12321001802496,140.31581862814912,140.56294433294897,15848000
2021-08-26,140.3798370361328,141.34950029059405,140.29695193911797,140.6870101446203,20610000
2021-08-27,142.92410278320312,143.42878866169718,140.43589917778093,140.59023537546233,28780000
2021-08-30,143.50621032714844,144.87586650188038,143.08191071362054,143.3171329571625,24434000
2021-08-31,143.61239624023438,144.08284070648722,143.1990308749765,144.05853400521448,22448000
2021-09-01,144.12652587890625,145.15723608656572,143.79701482675657,143.91264203896188,21936000
2021-09-02,142.21249389648438,144.4282505704674,142.1112538267308,144.12702918117816,32342000
2021-09-03,142.6615753173828,143.07395626316057,141.33261222025337,142.00752066125906,19850000
2021-09-07,143.1985321044922,143.48089873899315,142.5419937114171,142.75587753973872,20124000
2021-09-08,142.61343383789062,143.31711657655697,141.9276214453262,143.01937843726546,18344000
2021-09-09,142.46458435058594,143.22831458600484,142.10381533079317,142.76183791118086,15314000
2021-09-10,139.81954956054688,143.63323266843653,139.68258396569115,143.13101539105872,36840000
2021-09-13,141.26512145996094,141.87798342210203,140.19073512556895,140.8849828785706,22094000
2021-09-14,141.4755401611328,142.28791402642847,140.68700352159263,141.9231620681561,19674000
2021-09-15,143.34642028808594,143.3672589310745,140.28753163392904,141.70084898830657,27408000
2021-09-16,142.53306579589844,143.21789389256512,141.33363224313416,142.871012257135,26190000
2021-09-17,139.744140625,142.37426215695461,139.4166134851855,141.95791332781604,53384000
2021-09-20,137.67922973632812,137.95762854767855,135.29971724995474,137.12541555299168,46518000
2021-09-21,137.99038696289062,138.961549489437,137.24104391217074,138.70150564295537,25332000
2021-09-22,139.2315216064453,139.8304963856978,137.51251502650064,138.25937452976518,25056000
2021-09-23,140.15701293945312,140.63390890331934,139.34862203265052,139.9302261163697,20952000
2021-09-24,141.1485137939453,141.26315661492927,139.18931795972466,139.48458758729717,22984000
2021-09-27,140.0140838623047,140.87408668323022,139.0171154416389,139.7485880718307,21882000
2021-09-28,134.81138610839844,138.05338477701864,134.3449095186798,137.6151978525683,45772000
2021-09-29,133.34597778320312,136.1224998181307,132.86114615387476,135.952776944704,30848000
2021-09-30,132.6735382080078,134.526041888036,132.55444295249788,133.25465763125644,37996000
2021-10-01,135.51904296875,135.8837949065538,133.06756465527477,133.43925271047587,35360000
2021-10-04,132.65716552734375,134.94090486104298,130.0672375051425,134.94090486104298,51202000
2021-10-05,135.00296020507812,136.195457682752,133.03582852986017,133.03582852986017,32404000
2021-10-06,136.5334014892578,136.7170117498164,133.54101160192383,133.739508771599,24364000
2021-10-07,138.1809539794922,138.99182860687787,137.61125333266637,137.850443401675,25110000
2021-10-08,138.73724365234375,139.2786394526992,138.17349477354347,138.53029594438388,26526000
2021-10-11,137.8722686767578,139.6567893779869,137.81767325329827,138.24743994592924,17954000
2021-10-12,135.42578125,138.46084813693733,134.74193748410298,138.43404261228585,36332000
2021-10-13,136.55027770996094,136.96514241440264,135.49524559946482,136.3721194131422,19654000
2021-10-14,140.09251403808594,140.27760845343832,137.78395264117304,138.42808787011938,31894000
2021-10-15,140.307861328125,140.65524269555343,139.69946688773342,140.55251849051083,30274000
2021-10-18,141.70729064941406,141.7251609960852,140.01160677138375,140.01855803335158,20396000
2021-10-19,142.16285705566406,142.5851727491795,141.5306404974809,142.3122259032988,20164000
2021-10-20,140.70587158203125,142.4695538565035,140.3163131219319,142.2631058944433,23288000
2021-10-21,140.82199096679688,141.08997046295738,139.44638307898973,140.70586399440023,26292000
2021-10-22,136.53488159179688,139.52875553803523,135.03571082515822,138.10650299028052,50588000
2021-10-25,136.41627502441406,136.9651218337323,134.40843556139117,136.51849946532073,34412000
2021-10-26,138.26380920410156,139.0324915543169,137.26734051447318,138.21914848241224,49236000
2021-10-27,145.1210174560547,147.53527135391386,138.35960422116113,138.35960422116113,85782000
2021-10-28,144.7552490234375,146.054438272218,143.54241291786687,146.03111595714554,36206000
2021-10-29,146.935791015625,147.13032034071645,143.5647621281139,143.99004609130722,43320000
2021-11-01,142.42091369628906,146.93581200680188,142.15145003137462,146.93581200680188,46924000
2021-11-02,144.34190368652344,145.50957959342554,143.2531299166972,143.49530344337282,33482000
2021-11-03,145.4986572265625,145.5691239438991,143.50670412146945,144.8063781414798,27494000
2021-11-04,147.1556396484375,148.61064946538178,145.2108308442372,146.02120570689476,38412000
2021-11-05,147.7357635498047,149.20019319950708,147.08567660753985,148.05087231856265,38354000
2021-11-08,147.9134063720703,149.48552742281953,147.31740001470018,148.70144323665562,23052000
2021-11-09,147.8017578125,148.71088906033273,146.14079981403162,148.11389827574533,19530000
2021-11-10,144.79942321777344,146.95961498797055,143.4536043601575,146.39388220777226,29970000
2021-11-11,144.6733856201172,146.42913217183607,144.50863009769796,145.39097096057034,16518000
2021-11-12,147.56304931640625,147.73377171558494,144.3205504253786,145.5160161174187,22360000
2021-11-15,147.3387451171875,148.42801853120432,146.46832288502367,147.78388336285937,23508000
2021-11-16,146.76708984375,147.6469319540117,146.20780848443775,147.03853742252912,18904000
2021-11-17,146.936767578125,147.44542122499766,146.13582776741984,146.9174130849966,19594000
2021-11-18,148.71485900878906,149.45129909726722,146.77551730421044,147.1298348231303,35608000
2021-11-19,147.80967712402344,149.83438735066673,147.78238698513604,148.85080652363035,33682000
2021-11-22,145.20486450195312,148.7059076930002,145.05152784228244,148.2126406962462,30594000
2021-11-23,144.68875122070312,145.5601728711178,143.03426011932322,145.05697120311882,27218000
2021-11-24,145.0242462158203,145.15277643240424,143.2903528463246,144.38259466091938,18040000
2021-11-26,141.11676025390625,143.47345022970194,140.7788138039504,143.2660178960678,30470000
2021-11-29,144.43914794921875,145.20039440867032,142.8144154479387,142.92012308902753,32596000
2021-11-30,140.8334197998047,144.90514856073972,140.53963428895196,143.9210829537651,42068000
2021-12-01,139.9937286376953,144.8559922423106,139.85527889177976,142.9201188972118,34020000
2021-12-02,141.8938751220703,142.78563565182435,139.1629985850342,140.1907403286436,29194000
2021-12-03,140.93663024902344,143.31714251294005,139.24888176478848,142.603540088609,41230000
2021-12-06,142.08143615722656,142.77369994185216,139.098966714663,141.96779288887038,30618000
2021-12-07,146.1651153564453,146.4246594362263,144.13842108192705,144.50465719357044,32240000
2021-12-08,147.07521057128906,147.2801743412199,145.30807576575117,146.48963874269842,24270000
2021-12-09,146.53135681152344,147.98189902251838,146.01178401342344,146.48421241020347,23270000
2021-12-10,146.89161682128906,147.86029563658596,145.60384630237746,147.58488027246938,24458000
2021-12-13,144.7329559326172,146.86037554582492,144.42626742648753,146.67328207860228,27070000
2021-12-14,142.8278350830078,143.3965362015146,140.15602113354242,142.88838224618928,38446000
2021-12-15,145.3428192138672,145.62071825548696,140.61553692266676,142.33355877435457,36370000
2021-12-16,143.36180114746094,146.56955875627122,142.53007278515918,146.06685680328061,33650000
2021-12-17,140.66220092773438,142.75587874027252,140.24038500191537,141.43138309383306,50416000
2021-12-20,140.54507446289062,140.7113292733153,138.27622180996892,138.95013079239632,27192000
2021-12-21,142.3966064453125,142.7901327368822,139.4488771998358,140.988241195714,28756000
2021-12-22,145.3170166015625,145.4013858438992,141.9946312572679,141.9946312572679,26322000
2021-12-23,145.8147735595703,147.1318182358359,145.3537488598615,145.40139302599,26384000
2021-12-27,146.79734802246094,147.23156722380827,146.06587524675373,146.15172864562504,15976000
2021-12-28,145.5869903564453,147.18690148034136,144.9592413503814,147.12437040398524,18200000
2021-12-29,145.55523681640625,146.31153120052826,144.55529990736875,145.54481749410752,17788000
2021-12-30,145.1041259765625,146.19538324277852,144.89967709451196,145.59392492050907,15688000
2021-12-31,143.76577758789062,145.59842751855714,143.76577758789062,144.95479199436676,18136000
2022-01-03,143.90420532226562,144.75725699875156,142.6352894390565,143.96722101651818,28646000
2022-01-04,143.31663513183594,145.3864907314866,142.63875836947292,144.3056527999595,28400000
2022-01-05,136.7418212890625,143.41589690893608,136.65548327199204,143.3369947744093,54618000
2022-01-06,136.71450805664062,138.89057101080056,135.53442915294616,135.97113194890792,37348000
2022-01-07,135.989501953125,137.41027034450386,134.74837599268508,137.109533589017,29760000
2022-01-10,137.62960815429688,137.7784923866588,132.1659006036538,134.06504915322984,44408000
2022-01-11,138.68809509277344,139.16450641786577,135.6674310302053,136.97207234315368,28730000
2022-01-12,140.36990356445312,141.53857889929625,139.63943036795163,140.09150474264098,26108000
2022-01-13,137.54774475097656,141.7787770936722,137.37107060354336,140.47858803319025,31436000
2022-01-14,138.43450927734375,139.68655414467383,135.97112758394667,136.05101408605333,29662000
2022-01-18,134.9781494140625,136.10314842718847,134.42285105215512,135.15382402606036,34872000
2022-01-19,134.10325622558594,136.92493874451395,134.00301568869605,135.49970276827796,28648000
2022-01-20,132.3078155517578,136.59394277770195,131.96738542394968,135.2282544434575,29908000
2022-01-21,129.37400817871094,133.8541504970907,129.1109959938227,131.59919999940524,55652000
2022-01-24,129.82308959960938,130.21909952147814,123.56636302838503,125.03327622017262,76622000
2022-01-25,125.98310852050781,128.42863539946603,125.55187278454918,127.77458065092937,46960000
2022-01-26,128.2638702392578,132.00261942561787,126.18854746933454,130.13572850778058,49130000
2022-01-27,128.03758239746094,131.6577209195891,127.96561639041133,130.31933794967972,31950000
2022-01-28,132.35098266601562,132.35644978053813,127.52147605383999,128.68666808776362,34362000
2022-01-31,134.28884887695312,134.45708760059057,131.21805677014638,133.15591425848223,39986000
2022-02-01,136.61178588867188,136.75967057677127,133.36085185882231,136.56265758061303,68644000
2022-02-02,146.89012145996094,150.41001919927737,144.4312073402563,150.11574912715602,123200000
2022-02-03,142.01695251464844,148.5525777136567,141.5956363601921,144.6128476273502,71518000
2022-02-04,142.2184295654297,143.78856670322708,139.46126220909318,142.36879793327233,57998000
2022-02-07,138.15711975097656,143.16825272340563,137.85836692860573,143.16825272340563,54974000
2022-02-08,138.35365295410156,138.950144012694,135.98654345271342,137.98394874402314,54284000
2022-02-09,140.53018188476562,141.45569926676154,139.13571933998102,139.90640076704875,40144000
2022-02-10,137.58045959472656,140.42348014805845,136.92243712049645,138.65584550663925,39330000
2022-02-11,133.2755126953125,138.11295539537267,132.39962332012644,137.5606404788322,39958000
2022-02-14,134.5096893310547,135.27788715232825,132.25720762086638,132.25720762086638,34302000
2022-02-15,135.58407592773438,137.07282740423187,134.80297510881232,136.5388523034239,26680000
2022-02-16,136.70510864257812,137.05049099274288,133.9122003011313,135.62178690030257,25022000
2022-02-17,131.5450897216797,136.08527894268366,131.48504232159402,135.22130816652052,38950000
2022-02-18,129.4250946044922,133.06460279138676,129.2201459554218,132.46611275498591,45620000
2022-02-22,128.8400115966797,131.18925024339552,127.26192379084993,128.8643182954154,44990000
2022-02-23,126.63121032714844,131.0607395809099,126.57116292849084,130.66126157793636,32786000
2022-02-24,131.69593811035156,132.0026265987599,124.01646653856334,124.01646653856334,54456000
2022-02-25,133.45118713378906,134.25709440677767,130.76348675698117,132.55049129326056,36406000
2022-02-28,134.044189453125,134.73346988108213,131.59816319656514,132.05223656017716,38864000
2022-03-01,133.05615234375,135.23369956009327,132.21948692768655,133.8670269115429,26496000
2022-03-02,133.56234741210938,134.24815989047295,132.07359595195584,133.6184269882909,23520000
2022-03-03,132.89537048339844,135.41631592852903,132.02791664044642,134.99003246039214,24604000
2022-03-04,130.91729736328125,132.8477186355428,129.36006340855093,131.93065191964706,30430000
2022-03-07,125.43077087402344,130.74710041867155,125.34789335760998,130.5019586446771,45112000
2022-03-08,126.15133666992188,130.26574953506457,124.73206001019544,125.30324479087164,40428000
2022-03-09,132.41946411132812,132.73260407205578,128.92635657630487,130.26573904313827,37026000
2022-03-10,131.43641662597656,132.27259751382948,129.9307942927176,130.28164376257828,27102000
2022-03-11,128.89659118652344,132.7921603804447,128.659385038366,132.48745580910284,31526000
2022-03-14,125.00647735595703,129.43104655251307,124.33555183566477,129.27324230165655,38812000
2022-03-15,128.22914123535156,128.88072746557518,124.77771812675637,126.02380390981074,30920000
2022-03-16,132.281005859375,132.33310245925338,127.7690919896178,129.75260945254524,35576000
2022-03-17,132.83535766601562,133.07504752697196,131.19375395981208,132.15052949185468,28264000
2022-03-18,135.1046905517578,135.22230167112554,131.2666850458185,132.42394150815238,44566000
2022-03-21,135.08087158203125,136.02226032262783,133.0869344773446,135.1424031283874,26832000
2022-03-22,138.8191375732422,139.99228063677285,135.0808874577696,135.0808874577696,35496000
2022-03-23,137.2385711669922,138.5417285094916,136.80138367889504,137.66237103767637,25154000
2022-03-24,140.51034545898438,140.5569900941861,136.7175005538764,138.1561240851599,26396000
2022-03-25,140.61058044433594,140.9698652761117,138.68959391227574,140.8517544009212,24126000
2022-03-28,140.3947296142578,140.9376247499745,138.76304562317353,139.84388368780657,35050000
2022-03-29,141.43682861328125,142.71517932919343,140.97333542328835,141.57777718767315,34318000
2022-03-30,140.87408447265625,141.65021781088518,140.53812197630958,141.39167328610918,19884000
2022-03-31,138.02462768554688,141.04232360786241,137.98195087256153,140.9877281817403,37524000
2022-04-01,139.09951782226562,139.41761005169244,137.27033605941776,138.4538984244036,25942000
2022-04-04,141.8993377685547,142.63429364392294,139.25829737990136,139.30594154194358,25942000
2022-04-05,139.53672790527344,141.9182247638117,139.32979529937677,141.7976453282036,21418000
2022-04-06,135.52403259277344,138.31544169493338,134.50075823179935,137.70951570655762,32468000
2022-04-07,134.86947631835938,136.13590856530524,133.22092149350598,134.9900557399391,26234000
2022-04-08,132.2879638671875,134.65258928092018,131.96837241273985,134.56673589726554,25142000
2022-04-11,127.85743713378906,131.10191968446424,127.70360071081004,130.83493973755566,36884000
2022-04-12,126.75676727294922,130.61313547778892,125.83820864259683,130.61313547778892,32710000
2022-04-13,128.91990661621094,129.35660942683415,126.78305234113374,127.04011273465291,27928000
2022-04-14,125.7796401977539,129.50102631616858,125.65160219249142,129.50102631616858,31598000
2022-04-18,126.71906280517578,127.25103890232958,125.23577072581848,126.04763739830032,20808000
2022-04-19,129.0340576171875,129.35561786649717,126.04711985372514,126.73393183820416,26490000
2022-04-20,127.0798110961914,130.41363040865102,126.54386726306718,129.91042868655606,31696000
2022-04-21,123.87850189208984,129.12287322992793,123.59265963521985,128.28074070309174,36446000
2022-04-22,118.73834228515625,124.46160122256957,118.03317534641822,124.06261542731319,56884000
2022-04-25,122.15106201171875,122.35303480833002,117.62228414008575,118.20785607828329,46128000
2022-04-26,117.7602310180664,121.59128502362185,117.6222734562165,121.37740120497031,73054000
2022-04-27,113.4374008178711,116.36279188370548,111.89108568755887,113.61108393889343,91820000
2022-04-28,117.6336898803711,118.75223733155552,113.2592408453906,115.54199599993349,48884000
2022-04-29,113.2537841796875,117.03571013783196,112.96099821693325,115.85909917190497,42676000
2022-05-02,115.70873260498047,115.87001248679226,111.75559982416154,112.55456335153875,35534000
2022-05-03,116.45410919189453,117.55380196982412,115.16435465778821,115.55738116745341,24968000
2022-05-04,121.34415435791016,121.93320188651805,114.25273117249577,116.15387107248489,49916000
2022-05-05,115.6318130493164,120.13131649355361,114.14306171660925,119.30257916034165,45840000
2022-05-06,114.8785171508789,116.68983605123141,113.1605026751049,114.32073509250367,39710000
2022-05-09,111.66726684570312,114.2140259534267,111.1605970905631,112.40072341287154,40802000
2022-05-10,113.53714752197266,115.37824019184765,112.05385557858307,114.64130790321892,39900000
2022-05-11,112.75059509277344,115.49188386833971,112.38734239433477,112.38734239433477,37534000
2022-05-12,111.99777221679688,113.437887434489,109.00091505173944,110.54227032758833,53836000
2022-05-13,115.18022918701172,116.99104817996168,112.75307250236035,113.67410719481575,35038000
2022-05-16,113.58677673339844,115.29883944533803,113.03544618325748,114.09344655582711,25990000
2022-05-17,115.59957122802734,116.0233711033276,114.00859523818337,115.96431565686771,23054000
2022-05-18,111.06034851074219,114.53460130112576,110.71892645653855,114.13759944080856,35126000
2022-05-19,109.55622100830078,112.16252780264969,109.1750980007813,110.59586629730997,34144000
2022-05-20,108.0912857055664,111.34222744755039,105.00312313802856,111.11146523229964,48962000
2022-05-23,110.65194702148438,111.3065015318097,107.92554522357145,108.76570147382164,37184000
2022-05-24,105.17532348632812,105.66016266842033,101.12045838122785,104.97881024305309,76780000
2022-05-25,105.01155853271484,105.70134635864694,103.0776689447451,104.19820028544912,40258000
2022-05-26,106.98416137695312,107.83472935545615,104.43591035610642,104.88452423587293,37948000
2022-05-27,111.4742431640625,111.47573488394843,108.32007340098725,108.66199528651677,37914000
2022-05-31,112.90888977050781,114.86709364566386,111.2380123045194,111.90100218674581,50012000
2022-06-01,113.03791809082031,116.22335308466774,112.40073416812857,113.99370154703936,36606000
2022-06-02,116.74044036865234,117.01536355537438,112.09951102289412,113.14510810652334,37992000
2022-06-03,113.68205261230469,115.44920287025536,112.66722129124575,115.19214245668354,26136000
2022-06-06,115.94446563720703,118.4520163103312,115.29288697757941,115.82933061507269,33542000
2022-06-07,116.27098846435547,116.8084316076851,114.18922165172008,114.61450564492854,31590000
2022-06-08,116.3151626586914,117.68134325609861,115.7256153068181,115.8859032493853,26108000
2022-06-09,113.97433471679688,117.41186240268544,113.91527928024134,115.45514278415996,25798000
2022-06-10,110.32789611816406,112.42951723475551,109.53835989670536,111.60177178540827,41452000
2022-06-13,105.59465789794922,107.97566213644032,105.32321034517643,105.98570048108614,47252000
2022-06-14,105.91522979736328,107.11516302340985,105.0065983723719,105.73608714050434,33706000
2022-06-15,108.94137573242188,110.58793144263325,106.8620849971601,107.73101553417992,39698000
2022-06-16,105.23834991455078,107.83373777282833,104.34956513406651,106.41694479005933,51684000
2022-06-17,106.34002685546875,107.88435809204175,104.25825247727627,105.23835019470714,51376000
2022-06-21,110.70751190185547,111.64592465224696,107.78558920038876,108.11261652945545,47416000
2022-06-22,110.65145111083984,112.49650392931514,109.55473424500163,109.72743298190343,30774000
2022-06-23,111.4002914428711,111.8970416953208,109.67185771563075,111.38987212109173,28362000
2022-06-24,117.0903091430664,117.19353312859221,112.10547355859575,112.14765818472281,41164000
2022-06-27,114.9648666381836,117.69026895389891,114.31576408761653,117.38607170273899,36420000
2022-06-28,111.16754150390625,116.42978308401227,111.00923749311733,114.93408050890979,35792000
2022-06-29,110.86385345458984,112.3119120901415,110.04106774033188,110.7154765500455,24716000
2022-06-30,108.1458740234375,110.05644130249395,105.94947205566056,109.17510001051674,43170000
2022-07-01,107.92206573486328,108.43071939882303,105.93011274488833,107.12359442814898,35476000
2022-07-05,112.41364288330078,112.52678642393329,104.93861973628887,106.29735689624175,39342000
2022-07-06,113.71282196044922,114.72269353445351,110.6400382310177,112.45234903571333,37432000
2022-07-07,117.8922348022461,118.2956881859461,113.97235893217574,114.21700853285823,40936000
2022-07-08,118.45845794677734,118.78746921249528,116.02484225798968,116.37073191522165,38238000
2022-07-11,114.80903625488281,117.11312990957636,114.4656302547842,117.11312990957636,31196000
2022-07-12,113.16545104980469,116.09680135877986,112.83743173792418,115.34349049696124,29960000
2022-07-13,110.5184555053711,113.3396382596684,110.36759493610163,110.86334564985317,43722000
2022-07-14,109.53984832763672,110.25990976214192,107.56030598074837,109.38402798124689,37004000
2022-07-15,110.93927001953125,112.29205534108347,110.06835559507293,111.16060487695782,46770000
2022-07-18,108.2123794555664,112.82751047657966,107.55733275345759,111.79530855999529,43164600
2022-07-19,112.95653533935547,113.16495963876075,108.73840612847393,110.01873331526212,36530900
2022-07-20,113.04584503173828,114.53459626330942,111.6364956831742,112.32131610061431,35600400
2022-07-21,113.48255157470703,113.69098343145679,110.2767778430608,113.4230039425963,32676200
2022-07-22,107.09085083007812,111.4975497677554,105.70134802702376,110.16760216901068,48901200
2022-07-25,106.70378875732422,109.04609181369489,105.50286340953636,107.59704120630998,34690900
2022-07-26,104.2324447631836,106.39609710232087,103.28957190469941,105.80059805632132,47991000
2022-07-27,112.21215057373047,113.05578240581903,107.20002551652622,108.44065165526703,59858500
2022-07-28,113.36345672607422,113.4825519907323,110.62415205622167,111.5273315315114,32816600
2022-07-29,115.44771575927734,115.83479054263834,112.21216038629261,112.23201464667002,37223400
2022-08-01,113.99864959716797,115.84470180597212,113.48254490858795,114.4353523994771,26034300
2022-08-02,114.26663208007812,115.4774844552109,112.86720967281481,113.14510872831781,20236000
2022-08-03,117.19451141357422,117.73046282343833,114.61401051481387,114.84228148786751,28499000
2022-08-04,117.3036880493164,117.88925996691131,116.01343380363976,116.59901329341588,21602900
2022-08-05,116.58908081054688,117.22428077464862,115.1301032900635,115.35838182662235,19159500
2022-08-08,116.42036437988281,119.24899057090587,116.00350822632574,117.50218677995531,19138300
2022-08-09,115.75537872314453,116.44020677601095,114.84227970077666,116.26155630883628,19086500
2022-08-10,118.80236053466797,120.01321290367328,117.5220409743198,117.88926147915558,30930400
2022-08-11,117.94880676269531,120.57893573886966,117.67090771413612,120.37051145245026,24293700
2022-08-12,120.76750946044922,120.76750946044922,118.56415625736685,119.35816000390892,19096300
2022-08-15,121.16452026367188,121.38287168867272,119.70554262587667,120.22163979863927,19494800
2022-08-16,120.78736877441406,121.51189783679357,119.73532013661259,120.60871829137403,19041200
2022-08-17,118.65348815917969,120.3804376418693,118.48475724771684,119.21921338138048,22847000
2022-08-18,119.26883697509766,119.91396410503756,117.82971363092356,118.53438839458119,17987700
2022-08-19,116.3310317993164,118.25648600514175,115.8844094146696,118.16715698490374,21809500
2022-08-22,113.38330841064453,114.76288414973949,112.99623363908157,114.33610843081347,21456600
2022-08-23,113.00614929199219,114.14752680317126,112.57937361640978,112.6290016886187,15870400
2022-08-24,112.83744049072266,113.91926294010845,112.02358997809887,112.64886287866464,17734600
2022-08-25,115.77523040771484,115.84470516717248,113.25427723682488,113.3832996266231,16956800
2022-08-26,109.5125503540039,114.25671121949163,109.36368127038317,113.85970932808003,37245700
2022-08-29,108.59944915771484,110.1179743580815,107.98410343176194,109.16517438083538,21191200
2022-08-30,108.123046875,109.67134580443539,106.99159649238482,109.34381870099924,27513300
2022-08-31,107.40845489501953,110.01872968878591,107.31912587125797,109.82023252604237,28627000
2022-09-01,108.91705322265625,109.62172799554575,106.55490366400493,107.46800272981824,28360900
2022-09-02,107.04122161865234,109.90954864249888,106.4556497164562,109.76067199157715,24160700
2022-09-06,106.00902557373047,107.21987796172488,104.98675079205103,106.49535649820784,25068300
2022-09-07,108.62922668457031,109.15525855226639,106.09835378823291,106.25715000377444,23167000
2022-09-08,107.56724548339844,108.77809780045992,106.35640073851793,107.22979880995165,24238300
2022-09-09,109.82022857666016,110.15767525562512,108.20244722697193,108.25207530196377,23197700
2022-09-12,110.02864837646484,110.78295116694179,109.10562225338329,110.15767076513058,22966800
2022-09-13,103.53768920898438,107.4878459557865,103.30941067987318,106.99159552676103,38172900
2022-09-14,104.21259307861328,104.49049211527398,102.88264552539968,103.78581739454697,26395100
2022-09-15,102.13827514648438,104.48057039335076,101.5824694722177,103.2498713506553,34188300
2022-09-16,102.02909851074219,102.35661806239246,100.18304617737745,101.30456950094974,42797200
2022-09-19,102.29706573486328,102.55511808472187,100.78846772406554,100.98696487184549,23036800
2022-09-20,100.38154602050781,101.60232552737466,99.76619270219214,101.31449934165514,26517100
2022-09-21,98.53547668457031,102.1084779947317,98.5255495565138,100.90755295401473,31487300
2022-09-22,99.38904571533203,100.48079525894666,98.0491709312513,98.07894474855821,34298600
2022-09-23,97.9995346069336,98.91264116986241,96.73906182320323,98.8828597828804,31625400
2022-09-26,97.43382263183594,99.1309984554555,97.06660210321118,97.3643478638111,27072700
2022-09-27,96.76884460449219,99.2500970302484,96.14357171918695,98.68437178006324,30072800
2022-09-28,99.29971313476562,99.94483262993302,96.381758210805,96.91770957880883,32466300
2022-09-29,96.6894302368164,97.90028247593715,95.24037991576093,97.90028247593715,31047200
2022-09-30,94.93272399902344,98.15835231135912,94.84339496976266,96.3222269403121,32941500
2022-10-03,97.9002914428711,98.54541856387281,95.7961867385492,96.0343924144823,27982000
2022-10-04,100.87779998779297,101.07629715686122,99.62724662055442,99.6868018290202,28850800
2022-10-05,100.66936492919922,101.16561537101285,98.05909033124465,99.08136502983179,22176900
2022-10-06,100.6594467163086,102.15812530354549,99.83566909260647,99.92499811757948,22324000
2022-10-07,97.93998718261719,99.77611229695586,97.56283957404312,99.10121139538383,27502800
2022-10-10,97.12614440917969,98.35684347756712,96.28252010885105,98.2575948961487,18225100
2022-10-11,96.45124053955078,98.50571715876575,95.5877620057255,96.69936577168872,26507100
2022-10-12,96.82838439941406,98.00946288154012,96.0145339725508,96.57033961999998,21876400
2022-10-13,98.317138671875,99.03174054553159,93.67223406528825,94.43646401379698,34574500
2022-10-14,95.83588409423828,99.93491764089593,95.64731407308213,99.24016247039046,25410700
2022-10-17,99.2203140258789,100.17311396048777,98.08886363026959,98.11863744507288,28419200
2022-10-18,100.01432037353516,102.69407756152302,99.22032413323551,102.35662329095497,24060700
2022-10-19,98.88287353515625,100.26244934213878,98.17819872219395,99.26002876757398,23811100
2022-10-20,99.2203140258789,101.55268957569878,98.64466169907956,99.25008784068218,25323200
2022-10-21,100.37161254882812,100.55026301239435,96.98718844238796,97.11621083244879,32458700
2022-10-24,101.7511978149414,101.97947637362036,99.23025197248559,101.03660346521866,27176400
2022-10-25,103.69650268554688,104.03394937421807,101.94969889168885,102.12834936574457,40611400
2022-10-26,94.21810913085938,97.57275938958455,93.9799110391379,95.70686045543493,88114100
2022-10-27,91.5284423828125,94.71436964764622,91.11159378491239,93.81119011334766,60710900
2022-10-28,95.56792449951172,95.82597688593535,91.43911660546121,91.57806614303196,43697300
2022-10-31,93.80126190185547,95.30985993363518,93.27523763795979,94.70443378065085,31675000
2022-11-01,89.79156494140625,95.30986797136448,89.692316357766,94.7342155851969,47161400
2022-11-02,86.31780242919922,90.4962302100432,86.22847341279218,90.25803211992569,57038300
2022-11-03,82.80435180664062,85.87117600546605,82.71502278657815,85.67267885094222,61288000
2022-11-04,85.93073272705078,85.99028036002329,83.08225231902676,84.75958132144375,51124900
2022-11-07,87.82640838623047,88.23333741705386,86.19870740729978,86.62548312568902,34078900
2022-11-08,88.23334503173828,89.64269470816676,86.93316350461546,88.23334503173828,30429000
2022-11-09,86.66519165039062,88.7692966088653,86.62549069960635,87.78671511436389,31769100
2022-11-10,93.23554992675781,93.68217236495597,90.92302069104444,91.5582207495486,51620100
2022-11-11,95.68702697753906,96.20312417620435,93.21569398564695,93.97992401150627,33090500
2022-11-14,94.98233032226562,96.06416020914902,93.8012594349028,94.37690418520387,30179500
2022-11-15,97.70178985595703,99.38903833699794,95.98475998763868,97.52313939319663,41640800
2022-11-16,98.10871887207031,98.89279554305216,96.90779361312791,97.16584598422887,29105200
2022-11-17,97.62239837646484,98.5354974736292,96.06417211875853,96.24282260056737,26052600
2022-11-18,96.6993637084961,98.15834125388724,95.64731516977584,98.02931128973258,28342300
2022-11-21,94.88309478759766,97.66210063703203,94.64489666604612,96.56042391310625,21647400
2022-11-22,96.32222747802734,96.49095083490623,93.34472440386492,95.23047029308894,23438500
2022-11-23,97.72163391113281,98.01938719844442,96.36190500494142,96.36190500494142,18868100
2022-11-25,96.72914123535156,97.90029265387534,96.66959360172228,97.5032907612572,9701400
2022-11-28,95.32972717285156,96.84825254058707,94.89302429557998,96.31230107453067,26237500
2022-11-29,94.47616577148438,95.39919193752951,93.40426295178399,95.01211718133456,20061700
2022-11-30,100.232666015625,100.28229409060886,93.71193525947234,94.10893714279987,43647500
2022-12-01,100.232666015625,101.48321929784336,99.49821745338677,100.26243983174288,28687100
2022-12-02,99.68679809570312,100.01431765518183,98.15834572013763,98.30722237745412,21480700
2022-12-05,98.73399353027344,100.6197391952586,98.25758976329782,98.654591640414,24405100
2022-12-06,96.25274658203125,99.03174473103793,95.69694089448478,98.55534850991971,24910700
2022-12-07,94.22804260253906,96.1534892961787,94.00969118202147,95.68702021037814,31045400
2022-12-08,93.00725555419922,94.8632349057904,92.74920320796852,94.66473018862035,32213300
2022-12-09,92.13386535644531,93.55314202323372,92.05446346281963,93.0668111039124,28225400
2022-12-12,92.61026763916016,92.85839289385488,90.92301893610878,92.0147685423292,29420000
2022-12-13,94.9128646850586,98.78361996821883,94.3173656196912,97.0268965895578,40593700
2022-12-14,94.3570556640625,96.14356022591579,92.89807820057908,94.48607804879279,28733600
2022-12-15,90.17863464355469,92.93778600326951,89.33501037181313,92.43160841135212,40107000
2022-12-16,89.58312225341797,90.64509778193485,88.84866622645863,90.07937264192455,58011800
2022-12-19,87.77678680419922,89.88088398070708,87.54850825299513,89.5831382377842,29493000
2022-12-20,88.35242462158203,88.51122839633814,86.78427899285954,87.44925276224407,23453800
2022-12-21,88.90823364257812,89.54343362140024,87.6576803714429,88.41198318586204,24745600
2022-12-22,87.10187530517578,87.87602474408581,85.67267168123085,87.49887715318053,27658300
2022-12-23,88.56086730957031,88.87846732577863,86.41706152102789,86.45676246957663,23003000
2022-12-27,86.7346420288086,88.27302125728698,86.35749446069633,88.13407175470984,20097300
2022-12-28,85.37493133544922,87.37978756410344,85.29553701156534,86.3277389438716,19523200
2022-12-29,87.78670501708984,88.18370690708726,85.96050692415548,85.97043405375527,23333500
2022-12-30,87.56837463378906,87.63784940730596,85.92081918727062,86.32774826942845,23986300
2023-01-03,88.4516830444336,90.36721008671273,87.85617644594524,88.91815210738409,28131200
2023-01-04,87.41947937011719,89.97020633006692,86.6155485078444,89.67245303705022,34854800
2023-01-05,85.55358123779297,86.9133103030513,85.25583548783042,86.81406171973046,27194400
2023-01-06,86.68502807617188,87.03240946135887,84.2236299964327,86.13915710492884,41381500
2023-01-09,87.35992431640625,89.37470746783313,87.20112811279385,87.69737855387638,29003900
2023-01-10,87.7569351196289,88.00506036543571,85.18636120771751,85.33523786963791,30467800
2023-01-11,90.83368682861328,90.91308872474838,88.34251480787275,88.51123815802363,26862000
2023-01-12,90.44660949707031,91.18106565731547,89.07696090221926,90.79399088981015,30258100
2023-01-13,91.42918395996094,91.49865871880165,89.45410175315347,90.1687035996184,26329200
2023-01-17,90.60540771484375,91.5582076664508,89.37470872387392,91.36963007309137,32602400
2023-01-18,90.43669891357422,92.10410098989378,89.96029507511915,91.44904665854082,29116700
2023-01-19,92.35221099853516,92.90800907477109,89.9503530858423,90.03968210362642,37000400
2023-01-20,97.2849349975586,97.56284161050858,94.3074322941516,94.38683418356587,63191100
2023-01-23,99.04167175292969,99.28979699304459,96.76884364481533,97.21546604814961,40005100
2023-01-24,96.96733093261719,98.86301120868093,96.47108050292687,97.36433279080558,33078500
2023-01-25,94.50593566894531,95.4388889257961,93.05688528262908,94.85330946494906,42330000
2023-01-26,96.78868865966797,96.83831673570589,94.66473724676266,95.77634102925325,30114000
2023-01-27,98.62483215332031,99.56770512279675,96.58027483939489,96.58027483939489,33879800
2023-01-30,96.21304321289062,97.55291796280574,95.67709179848833,96.74899462729292,27226200
2023-01-31,98.09879302978516,98.1384939775665,96.09394438600727,96.14357246377932,29870700
2023-02-01,99.67686462402344,100.4311674201682,96.84823860370668,97.96976188272887,35531100
2023-02-02,106.93205261230469,107.04122832500863,104.81802826774744,105.00660587554181,69883800
2023-02-03,103.99424743652344,107.001524077653,101.81074839414418,102.15812220922525,65309300
2023-02-06,102.12835693359375,103.57740752067507,101.11600164820065,101.63210642135294,31999600
2023-02-07,106.83281707763672,107.36876857668362,102.34671546765583,102.44596406254989,49010200
2023-02-08,98.62483215332031,102.3665577834305,97.30480393830761,101.28473527260346,94743500
2023-02-09,94.29751586914062,99.27986722656759,92.92785973388537,99.25009341009356,119455000
2023-02-10,93.86080932617188,96.02446157990344,93.54320934269664,94.73420738768355,54980700
2023-02-13,93.9005126953125,94.48608460376701,93.13628274609768,94.02953508899373,50076100
2023-02-14,93.96998596191406,94.13870929839328,91.56813558981159,93.7218607357337,54726100
2023-02-15,96.21304321289062,96.39169368435806,93.44396469123609,93.78141137501834,50169000
2023-02-16,94.79377746582031,96.9475029283623,94.02954741641373,94.65482792450676,42462600
2023-02-17,93.64246368408203,94.84338893217922,92.51101320001753,94.1387141620816,34284100
2023-02-21,91.10166931152344,92.40184322144354,91.03219454318074,92.30259463412278,33629300
2023-02-22,90.96270751953125,91.41925701744177,89.9305056916628,91.0123280204154,30884000
2023-02-23,90.20840454101562,91.2505334957778,89.08688127056686,91.23067923772057,41206400
2023-02-24,88.46161651611328,89.21591943991449,87.91574547787702,88.76929699297735,36585100
2023-02-27,89.1960678100586,89.48389400941119,88.67003591816348,89.1960678100586,27502300
2023-02-28,89.38462829589844,90.54586009940378,88.65017975286173,88.6601068820352,30142000
2023-03-01,89.682373046875,90.34734676668697,88.99754507060825,89.30522546821602,31111200
2023-03-02,91.31008911132812,91.58798817098749,88.91815814235167,88.98764047944798,32204400
2023-03-03,92.94770812988281,93.02711001692573,91.75670254078115,91.78648392755778,35160100
2023-03-06,94.41661071777344,95.25031543626798,93.29508739318105,93.31493408001563,32639300
2023-03-07,93.15614318847656,94.95256755074698,92.8286160456438,94.26774701922037,27835500
2023-03-08,93.54320526123047,95.24038080876726,93.29508004833596,93.41418287651032,34103300
2023-03-09,91.627685546875,94.81361262324073,91.21083697363413,93.34471548738784,28813500
2023-03-10,89.95036315917969,92.0941689599083,89.72209216895389,91.4788156121773,35941000
2023-03-13,90.4267578125,91.87580822116699,88.74942886454899,89.41440265175312,37335600
2023-03-14,93.26531219482422,93.65238694590275,91.74678700641138,91.86588227001643,36050200
2023-03-15,95.38926696777344,96.20311744437676,91.94528745764846,92.52093982631897,50622100
2023-03-16,99.56769561767578,100.43117417550806,94.78384131193948,95.47858895236912,65492000
2023-03-17,100.85795593261719,102.06880081103279,99.34935014846303,99.50815394560844,61028500
2023-03-20,100.46094512939453,100.9869694096106,99.12107039122168,99.36919562318633,32960400
2023-03-21,104.13319396972656,104.31184443694538,100.46094362067213,100.49071743651176,42110300
2023-03-22,102.5948257446289,105.79067243730059,102.55512479803791,103.4880705402918,43427400
2023-03-23,104.80809783935547,105.50285304125943,103.67664737256062,104.27214642263456,40797800
2023-03-24,104.6493148803711,104.69893539038938,103.06130711614168,104.20268485711324,30393300
2023-03-27,101.69164276123047,103.97439789278444,101.16561848824847,103.83544837056961,31120900
2023-03-28,100.27237701416016,101.68172664769772,98.99204978746245,101.67180708945132,32057900
2023-03-29,100.62966918945312,101.7214187034689,99.89522061779614,101.5129944157898,28779600
2023-03-30,100.13343048095703,100.40141000528641,99.0317537080076,100.15328474240918,33086200
2023-03-31,102.95213317871094,103.11092940289926,100.28230303664719,100.54035541965774,36863400
2023-04-03,103.57740020751953,103.74612355244493,101.16562258542722,101.62217211579193,25035400
2023-04-04,103.9346923828125,104.78824373731965,103.25979148790408,103.54761764904539,24420100
2023-04-05,103.68658447265625,105.30435843582173,102.88266105636043,104.98675840709654,28290500
2023-04-06,107.60694885253906,108.35132454892715,103.54762368954962,104.4706498559581,48711500
2023-04-10,105.64179229736328,106.7831622106392,104.33169148568801,106.17774366198232,27067400
2023-04-11,104.55996704101562,105.9296231127123,103.89499326334945,105.75097264997711,26311800
2023-04-12,103.85529327392578,105.94947077272556,103.5575399759029,105.78074743753035,24370300
2023-04-13,106.62438201904297,106.68392965554615,105.04630150207365,105.04630150207365,24843600
2023-04-14,108.0535659790039,108.12304073286062,106.03878297279861,106.08841104220208,26578000
2023-04-17,105.17532348632812,105.36390108383588,103.73619261199721,103.8751497069163,37571200
2023-04-18,103.71633911132812,105.74104175957935,103.28956344176271,105.69141368807013,26596400
2023-04-19,103.39875793457031,104.19276178994863,102.29708118201934,102.80325882912756,20905700
2023-04-20,104.50041198730469,105.45321186348013,103.09106264372309,103.13076358508629,27820800
2023-04-21,104.61952209472656,105.20509398319376,103.99424168995147,104.67906972482673,25800100
2023-04-24,105.17532348632812,105.83037015463859,103.9148430801148,104.69891971395418,23542800
2023-04-25,103.07122802734375,105.88993482379647,103.06130089706625,105.03638335229317,46664100
2023-04-26,102.9322738647461,105.55247579876328,101.86037100841686,104.13319912015552,53347600
2023-04-27,106.78316497802734,107.5573220173271,102.7635409974829,103.66671285172822,50089200
2023-04-28,106.53504180908203,106.54496893818438,104.30191480844489,106.23729608563893,36139800
2023-05-01,106.3960952758789,107.18017190898796,106.01894765339576,106.03879433997653,26681700
2023-05-02,104.53019714355469,106.39609615702363,102.93227004814128,106.3365485246071,30997200
2023-05-03,104.61952209472656,106.68391818406765,104.17289215243281,104.7386173549269,21795400
2023-05-04,103.9049301147461,104.80810206984134,103.1903281969406,104.69892635616654,23419500
2023-05-05,104.77832794189453,105.08600082196858,103.32927742271336,104.03395220841355,26639300
2023-05-08,106.96182250976562,107.15040011064862,104.37140203396783,104.3912487209223,26511400
2023-05-09,106.54496765136719,109.32397313635732,106.3861714485516,107.57716947230122,36360100
2023-05-10,110.91197967529297,112.09305821305404,107.12062640001808,107.1603273461475,63153400
2023-05-11,115.6958236694336,117.03569830119834,113.55202577304613,114.53459949338286,78900000
2023-05-12,116.62879180908203,117.14488898483823,115.23928892825631,115.80501418168475,41102300
2023-05-15,115.63627624511719,117.59150413271162,115.14002581972491,115.23927439036726,36266800
2023-05-16,118.6137924194336,119.84449149553303,115.55688763062979,115.6164352654177,45035600
2023-05-17,119.93379974365234,120.75757727103849,117.99842610430477,118.71302793181175,33323600
2023-05-18,121.90888977050781,122.38528597148938,119.92388793132871,120.04298319548356,35234200
2023-05-19,121.83940887451172,125.0253357573237,121.23398273827031,122.6234854701716,41353400
2023-05-22,124.11224365234375,125.48189220233128,121.81956136739319,122.01806609562544,35253000
2023-05-23,121.64091491699219,123.6953915959423,121.29354109633519,123.22892250659226,34046300
2023-05-24,119.99336242675781,120.99579047353133,118.96116056401159,120.21171384013235,34182600
2023-05-25,122.55403137207031,124.38022964537704,121.04542555551241,123.58622578695899,42317000
2023-05-26,123.67554473876953,124.32067187463625,121.53173903906134,122.24634093896407,35635900
2023-05-30,122.74258422851562,124.71766646734785,121.08510954631166,124.69781220896813,35076700
2023-05-31,121.94860076904297,123.12967181163546,121.58137267253642,121.82949792288854,37325800
2023-06-01,122.79222106933594,123.4869687186112,121.70047151811134,121.89896868299529,30772700
2023-06-02,123.7350845336914,125.2039891873368,122.83191265844434,123.06018362345124,26980100
2023-06-05,125.0650405883789,126.47439004972225,122.91130787950246,123.0800387874398,32305500
2023-06-06,126.35528564453125,127.32793227447583,124.41991194155317,125.06503903327281,26638300
2023-06-07,121.58135986328125,128.072309065116,121.20421224846599,126.01784008371891,52539000
2023-06-08,121.22406005859375,122.3058899837172,120.33080772871682,121.31338907767194,29389200
2023-06-09,121.31339263916016,122.83191785844093,120.99579264278889,121.33323932610408,23778300
2023-06-12,122.71282196044922,123.11975100153568,120.74767423806664,121.86919763226754,28306400
2023-06-13,122.90140533447266,124.2214335321388,122.25627814543279,124.04278304243826,22278300
2023-06-14,122.74258422851562,123.11973941592123,120.53923102358297,122.17685901958812,30592300
2023-06-15,124.15193939208984,124.51916746718288,121.48211700306517,122.21656558106999,35246300
2023-06-16,122.60364532470703,125.16429968039003,122.35552007874196,124.98564920040793,45535600
2023-06-20,122.17686462402344,123.63584222244113,121.22406462697502,122.00814128096077,26097500
2023-06-21,119.64599609375,121.74017376602716,119.19936610971777,121.48212139117618,30306300
2023-06-22,122.22648620605469,122.31580765157227,117.9388826610508,119.10010688586456,26952200
2023-06-23,121.42255401611328,121.86918395539071,120.15215410135052,120.46975408004121,34913600
2023-06-26,117.45256042480469,121.08511758706368,117.38308566022395,119.85441851212727,33969900
2023-06-27,117.44263458251953,118.18701026555762,115.22935421985997,116.20200844412273,39535900
2023-06-28,119.27877044677734,119.48719474805245,115.97374030045428,116.2119384201713,27091400
2023-06-29,118.20686340332031,119.15966342094775,117.41286717472148,118.34581293262964,24090900
2023-06-30,118.80236053466797,120.17201669011786,118.79244097715116,119.26883719212228,29532200
2023-07-03,119.00086975097656,119.28869594561498,117.9289668686366,118.34581546548606,14467900
2023-07-05,120.83698272705078,121.69053409377197,118.33588382905948,118.3458033859375,27584800
2023-07-06,119.20929718017578,119.39787479559047,117.51212135798899,118.90162428949438,24745200
2023-07-07,118.5840072631836,120.14223332598381,118.50460537627106,119.19935295630401,21709500
2023-07-10,115.57672882080078,117.42278113323385,115.26905595945563,117.41286157602863,35315200
2023-07-11,116.26155853271484,116.82728376089246,114.48498095632307,115.41793425521223,23078800
2023-07-12,118.03813171386719,119.4276344809341,117.52203458036395,117.90910932353661,30404400
2023-07-13,123.6060791015625,123.89390530873035,119.54674595406351,120.02314977990251,44297900
2023-07-14,124.47947692871094,125.82927893055157,122.56394964464167,123.86413113846548,33283100
2023-07-17,123.71524047851562,126.14686468961106,123.26861052378432,124.995567566589,25716200
2023-07-18,122.83192443847656,123.7450235304355,122.03792061892348,123.66562163404387,26193600
2023-07-19,121.11488342285156,124.24126276731612,120.88661245663589,123.6656104289081,37224000
2023-07-20,118.30610656738281,123.1594354576292,117.33345990676118,120.50945982007009,37906800
2023-07-21,119.11996459960938,120.08269176427814,117.8396449955782,119.71547124691322,72937900
2023-07-24,120.61864471435547,122.07762238859752,120.07277371039838,120.74767468990552,29686100
2023-07-25,121.29353332519531,122.22648658848489,120.1124548384505,120.4499090798837,52509600
2023-07-26,128.30059814453125,129.99776623656712,127.35772529958219,129.09460190925336,61682100
2023-07-27,128.42959594726562,132.24081048402138,127.82416986063298,130.68257697710973,44952100
2023-07-28,131.58578491210938,132.7370897112607,129.59086334627574,129.79928007624758,36591200
2023-07-31,131.72471618652344,132.52863946512642,130.7917629491062,131.7346357432163,28055500
2023-08-01,130.56349182128906,131.6353945728261,129.7000057705623,129.79926191480814,23166800
2023-08-02,127.41728973388672,129.11445804972413,126.60343160302543,128.47925798305656,26273300
2023-08-03,127.48674774169922,128.4197010851892,126.46447294473376,127.01035151213354,20089500
2023-08-04,127.1492919921875,130.5237890233023,126.95079483936229,128.31051623779516,26147200
2023-08-07,130.5436553955078,130.6230572928783,128.05248333600815,128.19143287031562,22746300
2023-08-08,130.4146270751953,130.52380279242055,128.56857458489054,129.64047749645752,23535200
2023-08-09,128.68768310546875,131.04982518382914,128.0326288117845,130.67268510255067,24912900
2023-08-10,128.7174530029297,131.0597558939105,128.47924731856517,130.33523442746744,20857800
2023-08-11,128.58839416503906,128.95561459468232,127.20881873455603,127.69514955182483,19591100
2023-08-14,130.3451690673828,130.38486244718834,127.99294634651456,128.4197145429739,24695600
2023-08-15,128.80677795410156,130.43447898056363,128.31052745646844,130.11688653714737,19770700
2023-08-16,127.73487091064453,129.30302424952546,126.91110086620327,127.73487091064453,25216100
2023-08-17,128.94570922851562,131.0001932670892,128.32042884384344,128.82661397214423,33446300
2023-08-18,126.50416564941406,128.2807431949733,125.4322628444653,127.54628706629671,30504800
2023-08-21,127.40733337402344,127.76463429731196,125.6109092007312,126.22626247354604,25248700
2023-08-22,128.11203002929688,129.30302819235456,127.35773472637845,127.54629719383558,22054900
2023-08-23,131.37733459472656,132.40954397470435,128.89608243334328,129.20375527825698,27819700
2023-08-24,128.80677795410156,133.24325861449066,128.59836122593913,132.94550528703812,28500700
2023-08-25,128.90602111816406,129.77941160779702,126.2957389175236,128.5685593040722,26762900
2023-08-28,130.0275421142578,131.54606733409824,129.16407114652645,130.3252954237949,20543300
2023-08-29,133.56085205078125,135.54585383099212,131.24832315951218,131.24832315951218,43075600
2023-08-30,134.8610382080078,135.25803254284958,133.06461385464962,133.76928107064825,28315800
2023-08-31,135.14886474609375,136.9651434659,134.77170950484623,134.9900609451091,30053800
2023-09-01,134.6427001953125,136.42920516882052,133.83877674332504,136.42920516882052,21543700
2023-09-05,134.75184631347656,135.39696581622027,133.57076786425418,134.42431921159766,19403100
2023-09-06,133.45169067382812,135.5061598618362,132.66760640562674,134.99998980551268,18684500
2023-09-07,134.2456817626953,134.56328935661423,131.95300684241127,132.58820688588548,18844300
2023-09-08,135.35728454589844,135.6351836006342,133.8387593023914,133.8983069363544,23558300
2023-09-11,135.8932342529297,136.4490323863561,134.77170328374638,135.51607902909177,20763400
2023-09-12,134.32508850097656,135.84361389625101,134.1762194011905,135.23818764984745,18405500
2023-09-13,135.68479919433594,135.8733616364172,133.14398427221744,134.0769375034417,20749500
2023-09-14,137.06439208984375,137.65988359424148,135.21833965192076,136.56814159733074,24751000
2023-09-15,136.36962890625,137.48124030456012,135.45652981988454,136.94528129329058,38919600
2023-09-18,137.17355346679688,138.11642627515133,135.58554599898608,135.58554599898608,21861300
2023-09-19,137.00482177734375,137.3720574197808,135.59547227341233,136.38947604665375,20353700
2023-09-20,132.73707580566406,137.04452607661787,132.61796539950902,137.04452607661787,29927500
2023-09-21,129.4618377685547,131.23840796235106,129.09461723083658,130.45433880616167,31503900
2023-09-22,129.2732391357422,131.03988948397537,128.62811962390344,129.7794091306759,26397300
2023-09-25,130.12680053710938,130.1863481711838,127.99292954617495,128.85640052897944,20094600
2023-09-26,127.6058578491211,129.38242793397103,126.26597547277304,128.79685599233989,25718700
2023-09-27,129.5610809326172,129.918381917851,127.60586778894698,127.60586778894698,22746500
2023-09-28,131.3177947998047,132.30037616629912,128.81668823150392,128.86631630656447,22513100
2023-09-29,129.87867736816406,133.04475788137387,129.38242688382053,132.28052789506322,30859800
2023-10-02,133.16384887695312,133.41197411116025,130.1863460664677,130.2260545847838,22288000
2023-10-03,131.43690490722656,133.25318362014062,130.8513329307273,132.93559116374053,22989400
2023-10-04,134.225830078125,134.55335719954957,131.53614591729064,131.79419070491505,26752300
2023-10-05,134.05709838867188,134.4739469324216,132.4492366977958,134.05709838867188,19832600
2023-10-06,136.5482940673828,137.1239464843942,133.00505810690692,133.00505810690692,27597600
2023-10-09,137.38197326660156,137.8980779769235,134.59304815042893,135.9130761696135,19278100
2023-10-10,137.02468872070312,138.6722440524293,136.3001672148192,137.46139159362946,27786600
2023-10-11,139.49603271484375,140.05183090806798,137.54080433515963,137.54080433515963,25884300
2023-10-12,137.9278564453125,140.16098355386808,137.2231741164266,139.9922602118785,24765500
2023-10-13,136.32994079589844,138.95014288451765,135.59548458868076,138.33479709793974,23420500
2023-10-16,138.056884765625,138.58290904447986,136.9552081327783,137.13385103003665,28501900
2023-10-17,138.67222595214844,138.85086884355698,136.1512652036196,137.5904036136543,23515800
2023-10-18,136.92543029785156,139.66472731928488,136.34977796075492,138.40424694073948,23375000
2023-10-19,136.7169952392578,138.6126755411059,136.34977476248778,137.46137089391803,26066000
2023-10-20,134.5831298828125,136.83609605175457,134.06702516754572,136.30015222216522,26335700
2023-10-23,135.47637939453125,136.6276841287948,132.94549894839827,134.0273213470116,26317900
2023-10-24,137.76904296875,138.31492147464493,136.38946736895807,136.79639635920353,44814300
2023-10-25,124.66802978515625,127.34777899563072,124.13207842862528,127.1989099289669,84366200
2023-10-26,121.36299896240234,123.39762867067094,120.36057101478188,122.34557265321746,57061100
2023-10-27,121.25384521484375,122.38529574778306,119.30854416571684,121.95852001538093,44566500
2023-10-30,123.52667236328125,124.45962571740641,121.82949657826617,122.28604612521336,28940100
2023-10-31,123.14952087402344,124.42984802046038,121.76994514607122,124.12216757392719,26292300
2023-11-01,125.50174713134766,125.54144807960145,122.79222366961514,123.13959750160885,30082400
2023-11-02,126.53394317626953,128.01276746198673,125.97814507096508,127.45696935668228,27124600
2023-11-03,128.1318817138672,128.55864986310226,126.90117505497481,127.05997884535377,26393100
2023-11-06,129.2732391357422,129.3625605799608,127.7050859338931,128.08224111307598,19052700
2023-11-07,129.9878387451172,130.92079197589274,128.9060164432014,129.729793973687,29757300
2023-11-08,130.851318359375,131.21855399990926,129.7992698016351,129.98784740054361,26425800
2023-11-09,129.26332092285156,131.55599554780142,129.09459758945283,130.97042365935377,23747800
2023-11-10,131.595703125,131.80413499720473,128.43955723420933,129.1243853429863,26913300
2023-11-13,131.09945678710938,131.59570729972106,130.26575956056902,130.79178389238834,18324800
2023-11-14,132.61798095703125,134.68238488834018,132.32024276762044,133.1837138056391,32395200
2023-11-15,133.61045837402344,134.01738735349468,132.5683446064248,133.85858358428234,23861500
2023-11-16,135.9031524658203,136.1909862320152,133.3127394362453,134.17621044610362,28013200
2023-11-17,134.2952880859375,135.03966372618416,132.6477330342115,134.9801160980622,37240600
2023-11-20,135.22825622558594,135.63518525511367,132.61797384637484,132.68745618308765,27815500
2023-11-21,135.94288635253906,136.15130311721947,134.94046562365077,135.26797768243426,22635300
2023-11-22,137.45147705078125,138.37449576593937,136.43912173063663,136.43912173063663,17813900
2023-11-24,135.66497802734375,137.09418203702575,134.97023028496082,136.99492586910037,12514300
2023-11-27,135.38706970214844,137.38199132880567,134.9801406435023,135.0099144629775,23436500
2023-11-28,136.17112731933594,136.22075539571145,134.40447683977845,135.05953110146496,18730000
2023-11-29,133.9777069091797,137.25294788509495,133.8288226820438,136.53836114342,23967200
2023-11-30,131.5361328125,134.533489537284,130.29550678420406,134.0372391259656,38988300
2023-12-01,130.87118530273438,131.1193105581131,129.6901066640334,130.87118530273438,31442300
2023-12-04,128.30059814453125,129.05489339161807,126.94086915840347,128.90602431139112,36669900
2023-12-05,130.0076904296875,131.14906033747008,127.28823267724465,127.98298023608452,27384800
2023-12-06,129.04498291015625,130.85132683618656,128.9060333773847,130.45433249808588,23576200
2023-12-07,135.9031524658203,137.52093391588886,133.68987951198724,134.02732621189014,56767100
2023-12-08,133.9777069091797,135.37712172033739,133.02489934634232,133.19362268827305,32260100
2023-12-11,132.2904510498047,132.34007912846104,130.3749313974492,131.38728665345792,31138000
2023-12-12,131.52622985839844,132.00262607297714,130.2756689716308,130.82154752185775,29032800
2023-12-13,131.5758819580078,132.49890073880297,130.5833808288782,132.37980544950435,30104800
2023-12-14,130.95059204101562,132.7172427130491,128.71746466008253,132.3797959879111,38722400
2023-12-15,131.60560607910156,132.5087702558093,130.19624168094646,130.63294443593992,50847100
2023-12-18,134.78164672851562,136.1215140704281,131.4369078643111,131.6354201914368,32258000
2023-12-19,135.625244140625,136.43910216120065,135.05952649346082,135.81382173780045,25476800
2023-12-20,137.3025665283203,140.63737005261123,137.03460219773686,137.9278469217378,49107200
2023-12-21,139.36697387695312,139.63495335905975,138.1362673150206,138.44395531377506,27488300
2023-12-22,140.428955078125,140.92520551853121,139.6548056026402,139.7143532323911,26532200
2023-12-26,140.458740234375,141.6100298393638,140.13121309993724,140.52820742657298,16780300
2023-12-27,139.3173370361328,141.01452012352266,138.84094087687075,140.5281892635429,19628600
2023-12-28,139.17840576171875,140.0815852724405,138.70200954003505,139.72428432008698,16045700
2023-12-29,138.6424560546875,139.3074298543242,137.73927658207975,138.5829084225353,18733000
2024-01-02,137.13385009765625,138.4042500618413,135.45652112222194,137.51100529289818,23711200
2024-01-03,137.87823486328125,138.58291722535583,136.05203668758926,136.22076003752528,24212100
2024-01-04,135.36717224121094,138.11640346884573,135.3274788760327,137.3819474859961,27137700
2024-01-05,134.712158203125,136.13144252624735,134.13650579847908,135.72451347642397,22513900
2024-01-08,137.79884338378906,137.96756674647926,135.23818883448922,135.26796265470722,21404000
2024-01-09,139.8930206298828,140.42897968026014,137.11401464787397,137.46139607476167,24759600
2024-01-10,141.21304321289062,141.92764515529154,139.85332166843838,139.94264312514758,21320200
2024-01-11,141.0145263671875,144.13097851399309,139.58532268175995,142.41395623786542,24008700
2024-01-12,141.58026123046875,142.12613980794654,140.75649872961355,141.60011549083978,18785500
2024-01-16,141.42147827148438,143.267530806828,140.38926871174172,140.93514731118603,22670500
2024-01-17,140.40908813476562,140.77630858129382,137.85835383223127,140.28999288602355,20968600
2024-01-18,142.40402221679688,143.12855876412843,140.92520559596517,140.98475322574876,25746400
2024-01-19,145.2823028564453,145.35177005215584,143.29730083417112,143.65460180395502,34271900
2024-01-22,144.8952178955078,147.2772140972634,144.7463336676715,145.99689454630132,32200400
2024-01-23,145.9373321533203,146.07628167971635,144.40888736296378,144.79596212537868,21636100
2024-01-24,147.58486938476562,148.72625441809143,146.98937797744674,147.42606561840296,25233500
2024-01-25,150.73110961914062,151.90226857782716,148.41858066213035,148.94462008165343,29149100
2024-01-26,151.04872131347656,151.39608755777192,149.87756232275885,149.9668989175663,26115500
2024-01-29,152.35879516601562,152.62677462737892,150.29439164661815,150.91967200834566,27784300
2024-01-30,150.32418823242188,152.46797859903648,150.05620875745953,151.6541357617942,36331800
2024-01-31,139.04937744140625,142.92012476265015,138.8210913381924,142.54296958721974,71910000
2024-02-01,140.10145568847656,141.98720167736062,139.7342199917544,141.05424824171908,40466500
2024-02-02,141.31227111816406,141.55046162176478,135.47636147017644,138.2156582721091,62499600
2024-02-05,142.60252380371094,144.37910891749272,141.70927904042497,141.74898755775797,38505400
2024-02-06,143.01939392089844,144.2699396743933,142.11621441563744,143.56525733160348,29128200
2024-02-07,144.4485626220703,144.52796450496214,142.85063569672877,143.67441319432578,25208900
2024-02-08,144.81582641601562,145.2326750240787,144.01190301872515,144.73642451766594,22563800
2024-02-09,147.8826446533203,148.31934750358255,145.08378464629212,145.58003513170593,26829500
2024-02-12,146.42367553710938,148.2200999757686,146.2648717378868,147.3070008467846,21564100
2024-02-13,144.0515899658203,145.57011523611322,142.61246659033287,143.83323854119595,27837700
2024-02-14,144.8455810546875,145.42123338322318,143.00944836635193,144.9845305723091,22704200
2024-02-15,141.69935607910156,142.4437317454111,139.40668144996613,142.06657656161852,37590700
2024-02-16,139.4662322998047,142.1162079157189,139.08907710730534,141.9177107623263,31468900
2024-02-20,140.0617218017578,141.01452932682773,138.44395563708255,138.6126789723254,25144700
2024-02-21,141.4810028076172,141.61995232438937,139.62501587257833,140.38924578700608,23223300
2024-02-22,143.00946044921875,143.9126399622496,141.72914086755702,143.84315762538745,27191900
2024-02-23,142.88043212890625,143.59501882359496,142.35439273418308,142.5925983953203,19493800
2024-02-26,136.5383758544922,141.37185109123465,136.35971779155244,141.07409774924443,53641800
2024-02-27,137.83853149414062,138.20575198535647,136.06194638095468,136.98498010411188,33099200
2024-02-28,135.35728454589844,136.9750507978896,134.3945574118629,136.8658750875032,37328600
2024-02-29,137.4216766357422,137.8186709245879,135.37711212953872,136.25051773823296,42133000
2024-03-01,136.111572265625,137.8285945752075,135.89322085696574,137.39189175788897,31151100
2024-03-04,132.34999084472656,134.6426653234506,130.92078723607764,134.6426653234506,55999400
2024-03-05,131.6750946044922,132.2408273954596,129.69009277405854,130.89102554499024,40194800
2024-03-06,130.4146270751953,132.57828715901485,129.86876363343262,132.12173002942825,35318600
2024-03-07,133.3722686767578,133.92806672802465,130.6230370899261,131.79418082018677,37738200
2024-03-08,134.39454650878906,137.0544415724304,132.99511664674006,133.20354849306366,39370400
2024-03-11,136.63760375976562,138.05688799115902,135.10915896262767,135.10915896262767,32437800
2024-03-12,137.46136474609375,138.33477032136187,136.00238731666215,136.00238731666215,27563400
2024-03-13,138.74169921875,140.03195346478358,137.94771058521772,137.95763014261004,23347200
2024-03-14,142.0269012451172,142.513217049872,139.40669917238256,140.13122067260912,42753400
2024-03-15,140.1212615966797,142.10626328057222,138.97989168618588,141.43136997734203,49475400
2024-03-18,146.57252502441406,151.00900524024846,146.06635501951953,147.4955587325886,69273700
2024-03-19,145.9274139404297,147.6742101661268,144.98454106374294,147.04894486376466,24070400
2024-03-20,147.6245880126953,147.7436832734465,145.6395862302464,146.89013190121898,21311500
2024-03-21,146.49313354492188,149.24235003352564,145.79837082481882,148.34910531390932,24755600
2024-03-22,149.63938903808594,150.44331247348805,147.86280366006199,148.0017532026702,29211800
2024-03-25,148.9446258544922,149.25229872799846,146.71149870171885,148.81559588391366,19229300
2024-03-26,149.5401153564453,151.1181882221387,148.85528728225617,149.09349296069317,22149100
2024-03-27,149.73861694335938,150.50284693295552,147.78338881509114,150.04628982187702,22879200
2024-03-28,149.7981719970703,150.294422508123,149.04387667224117,149.71878524234197,24485400
2024-04-01,154.32398986816406,154.57211512447668,149.48058001874543,149.55998191808914,31730800
2024-04-02,153.4009552001953,153.53990473719549,151.00902410778318,152.3489065422849,24586000
2024-04-03,153.7582244873047,153.91702825239753,151.5846452787233,152.44813128619023,24705000
2024-04-04,149.4011688232422,153.60937836042848,149.3217669288391,152.34889789636918,34724700
2024-04-05,151.3563995361328,152.26949862092886,148.47815275024013,148.90492090258869,23459200
2024-04-08,153.6887664794922,154.1056150294735,151.4655590685636,151.63428239991117,20702000
2024-04-09,155.42567443847656,157.3709680650796,154.02624428775735,154.9194891977169,31079500
2024-04-10,154.96910095214844,155.43557761990488,153.52004287147383,155.03858328938844,22838600
2024-04-11,158.21458435058594,158.48254871038773,155.28670949781988,155.73333190851926,27166400
2024-04-12,156.54714965820312,159.0184821450273,155.96157781069545,156.7754357501012,25353700
2024-04-15,153.69869995117188,158.0458590213951,153.43072045036504,157.6687038087309,27136500
2024-04-16,153.2421417236328,154.4827679200494,152.27941458366453,153.03372500347797,20779500
2024-04-17,154.30413818359375,155.90206546670152,153.42081286214687,154.45300728212143,21763100
2024-04-18,154.84007263183594,155.76310641946125,153.4604968736819,154.17509879172633,19883000
2024-04-19,152.93446350097656,155.1874448352903,151.157893513365,155.02864105305625,32615600
2024-04-22,155.10804748535156,156.45784938513543,152.90469416152254,153.15281939939192,26446200
2024-04-23,157.07321166992188,157.77789408319916,155.1080638194722,155.78297241261876,21151600
2024-04-24,157.9366912841797,158.37339415365952,155.9913826322323,156.30899022616805,22779100
2024-04-25,154.83013916015625,155.3164700492321,149.73860473773226,150.19516181159548,57109700
2024-04-26,170.66055297851562,173.39986557629047,168.37779752849133,173.06240370866433,64665300
2024-04-29,164.90402221679688,168.27853443993808,163.97108407090454,167.79220353593925,45610000
2024-04-30,161.55931091308594,166.8394234809616,161.38066800310506,164.36809054901573,33562900
2024-05-01,162.63119506835938,165.86674249047698,161.86696514908917,163.06789787937092,33493200
2024-05-02,165.37049865722656,165.4796743643417,162.6609753825577,163.55422015396346,24294500
2024-05-03,165.98587036132812,166.70047228284332,161.8272888066215,166.30346280179975,34662400
2024-05-06,166.83941650390625,166.8791098785654,164.78493225886228,166.2042164988209,21871300
2024-05-07,169.96578979492188,170.47195983372737,167.12723643695188,167.23641214858006,28039700
2024-05-08,168.10980224609375,168.87401701223217,167.47460229491972,167.73264706920992,19569100
2024-05-09,168.6854705810547,169.40999204467994,166.9188049315239,168.11973776202532,15346700
2024-05-10,167.38526916503906,168.57628234941276,164.94372545466877,166.76992345897793,29799900
2024-05-13,167.87161254882812,168.0105620780994,162.77015819649304,163.02820299532175,31327600
2024-05-14,169.06259155273438,169.9657709630093,167.53414690365162,168.49687394196908,25127100
2024-05-15,171.21633911132812,171.3552886431622,169.23133714549078,169.35044756160798,26948400
2024-05-16,172.87376403808594,173.80671711584483,171.3949476927675,171.99043902402124,27867900
2024-05-17,174.73973083496094,174.94816271706677,172.38750821426203,172.87382403190227,24479300
2024-05-20,175.59326171875,177.42939448654315,174.7595645769426,174.86874028439564,22554400
2024-05-21,176.51629638671875,176.81403455010823,174.49158600949627,175.57340838811095,16989400
2024-05-22,175.0573272705078,175.82154211929756,173.89610294407106,175.31537207270605,17880000
2024-05-23,172.24853515625,176.91328638262783,171.6530285552818,175.74214258358214,21024900
2024-05-24,173.67774963378906,174.45189917635065,172.34778682854989,173.6678149317287,16579400
2024-05-28,175.0771484375,175.94063449763217,173.06237287112745,173.1417747585167,20572200
2024-05-29,174.5809326171875,175.51388604855438,173.40978862078367,174.11445590150407,23388700
2024-05-30,170.81936645507812,173.90604550946892,170.50175883094136,173.88619124686912,22931500
2024-05-31,171.20640563964844,171.76220372181547,168.16935530183432,170.57120566797727,37638900
2024-06-03,171.8713836669922,173.22118553313896,169.8764622562065,171.24610323694733,27459100
2024-06-04,172.48672485351562,172.5462876288162,170.60097920010114,171.98055484617473,26879600
2024-06-05,174.09458923339844,175.32528067630372,172.62567697442577,173.88615737761106,22068500
2024-06-06,175.40467834472656,175.8215269019053,174.43203171130955,174.5809007873156,23251000
2024-06-07,173.1516876220703,176.5361036720765,172.99288386731988,175.72226093160978,19661400
2024-06-10,173.89694213867188,175.9339073021769,171.66125199471998,173.85720320728015,23726700
2024-06-11,175.4967041015625,175.71530612964037,172.66483900249895,175.09925413873597,21540600
2024-06-12,176.6592559814453,179.2626031953618,174.9899479924397,177.11633707085997,27864700
2024-06-13,174.04598999023438,175.61594304528666,173.76777199685736,174.98994497931662,20913300
2024-06-14,175.66561889648438,175.93390595699566,173.04240975410747,173.1119718356913,18063600
2024-06-17,176.1127471923828,177.22561906564368,173.69819427096027,174.34406932448942,19618500
2024-06-18,173.97642517089844,176.26180021913805,172.9927312675741,176.01339021741077,21869900
2024-06-20,175.1787567138672,176.16245073210138,173.8770905786415,174.25466351538762,20160100
2024-06-21,178.48756408691406,179.69980614084275,175.48676694016078,175.87428594679412,57759000
2024-06-24,178.08016967773438,179.73954672974688,177.53366462186347,179.01419374381484,18298000
2024-06-25,182.8595733642578,183.1179143136271,178.27889222308787,178.47761719658297,23130200
2024-06-26,182.7105255126953,183.33650839401088,181.31942043498108,181.4684755299556,19839000
2024-06-27,184.2307891845703,184.86671815444103,182.8496302424256,183.00860111358634,18848900
2024-06-28,180.9915313720703,183.95258967563325,180.80275249600572,183.14774365065432,29156600
2024-07-01,181.82618713378906,182.71052611795955,180.1469331256833,181.86592606220148,16006100
2024-07-02,184.06190490722656,184.38980797268528,180.4053013095997,180.89219043620423,17372500
2024-07-03,184.63819885253906,184.90647074592763,182.8297667085458,183.67436680423387,10242100
2024-07-05,189.38780212402344,189.64614308224583,184.618326787977,184.67794276589416,20967500
2024-07-08,187.82778930664062,188.9605384287447,186.58573916566047,188.69225135300442,21035900
2024-07-09,187.77809143066406,190.14295958916762,187.5197504772306,189.09963450972523,15121400
2024-07-10,189.96409606933594,190.53047817126304,187.82777604241306,187.94700799576873,15952500
2024-07-11,184.38978576660156,189.64613480059487,183.90289669863316,188.64256383874462,25625800
2024-07-12,183.8929443359375,185.91996306920694,183.31663137213008,183.90287527675184,22898400
2024-07-15,185.34365844726562,187.0427894309769,183.74389752313695,183.74389752313695,16474000
2024-07-16,182.75027465820312,187.47999579867826,182.203769602895,186.16839882768255,18290700
2024-07-17,179.8687286376953,182.3826367867754,178.7558414559852,181.80632373022326,20734100
2024-07-18,176.55990600585938,181.33931230427376,175.3476639106666,180.77293018820677,25315700
2024-07-19,176.5301055908203,179.14336877027299,176.00347754543185,177.74234773802445,18881900
2024-07-22,180.51458740234375,181.5380354484916,179.08374329385708,179.44145432097875,24100300
2024-07-23,180.63380432128906,182.44223635279693,180.38539432762542,180.89216041821464,36352700
2024-07-24,171.5321044921875,175.06946101156643,170.72725839400522,172.49593665369468,49585200
2024-07-25,166.2161102294922,172.31705967237997,166.12668626172413,171.42278967121095,44852000
2024-07-26,165.93788146972656,167.020945440501,163.0165774179734,166.08692140634935,41336900
2024-07-29,168.4517822265625,169.34605213128413,166.92158335005726,167.75623728269647,20293800
2024-07-30,169.2069549560547,170.14097901520392,167.36872998762226,169.15728508367997,18959700
2024-07-31,170.44898986816406,173.14176079618966,168.9287219619174,172.13818990776468,25729100
2024-08-01,169.67396545410156,172.94304963161613,167.80593251440823,169.1672144988525,24531400
2024-08-02,165.6000518798828,167.438276847675,163.62270275190997,165.38144985923282,29130100
2024-08-05,158.23716735839844,163.38421519483722,153.944635352421,154.51101742060257,53630700
2024-08-06,157.2832489013672,159.54876176169466,155.41521624921614,158.31664286035743,49004600
2024-08-07,157.92913818359375,161.94343696392548,157.46212618793052,160.22444407280443,25138600
2024-08-08,160.99949645996094,162.64894258558448,159.19107944889603,159.48915933518853,25578800
2024-08-09,162.6290740966797,162.7483060574706,158.04839260811073,158.99234767510978,28602300
2024-08-12,161.25782775878906,163.85122874644176,160.810692794382,163.30473887980148,15895300
2024-08-13,163.11595153808594,163.6823184730739,161.93351747234263,162.37072151296138,18551700
2024-08-14,159.3500518798828,162.18193212107965,156.70698083807574,161.36713999266024,40591100
2024-08-15,160.27415466308594,160.61198866564624,158.5949004315282,159.4792395333743,31524300
2024-08-16,161.923583984375,164.0102189248703,160.1052209322512,160.44305489951088,24208600
2024-08-19,165.6099853515625,165.6298623978553,163.21530919170212,164.22882628821975,22416200
2024-08-20,166.11672973632812,167.5674508233367,165.75903388769558,165.83851174622947,18341500
2024-08-21,164.7952117919922,165.78885186270244,163.62270862444709,164.09965161309964,22902000
2024-08-22,162.75823974609375,166.52412878399306,162.2713506737651,166.19622575508728,22493300
2024-08-23,164.56666564941406,165.12310166986182,162.78805657250106,163.67239563965794,13955700
2024-08-26,165.10321044921875,166.48436931233536,163.41402564106588,165.32181244151707,14190400
2024-08-27,163.63262939453125,165.3814455137806,163.4140425413684,164.78525544371954,11821900
2024-08-28,161.8142852783203,164.54679536636124,160.50267315842373,163.99034421256823,16407400
2024-08-29,160.75108337402344,164.91443753942139,159.2308153360169,163.2649914453281,19699800
2024-08-30,162.34092712402344,162.61914514376983,160.66167290086105,161.5857509317876,22123800
2024-09-03,156.3592071533203,160.82065667227133,155.4847990112644,160.6914786071736,38945300
2024-09-04,155.45497131347656,157.98875628626521,154.9680974284368,155.66364237973846,19353800
2024-09-05,156.23995971679688,158.4358956354768,154.98796360800392,155.30593568698094,18688700
2024-09-06,149.96014404296875,156.82619994728552,149.59250210192843,156.29957197054128,37912100
2024-09-09,147.96029663085938,152.62663960312594,146.47780288600765,151.74112707707891,39260500
2024-09-10,147.91053771972656,150.50738007285446,147.59214370497173,149.6915067964419,31118800
2024-09-11,150.39793395996094,150.7362162140882,146.77628554400584,149.16417992613762,29607700
2024-09-12,153.91014099121094,154.03949046129577,151.88041704126704,153.02462848632382,29621500
2024-09-13,156.66616821289062,157.58152818841413,154.42751164329223,154.6463885405626,29591200
2024-09-16,157.2631378173828,157.45218236116395,155.8105069116596,156.51691894363321,18379800
2024-09-17,158.5167999267578,159.740594664956,157.5815364815847,158.21830933206348,20715600
2024-09-18,159.0043182373047,159.6908420434117,157.80042693308812,159.05406919954734,23677300
2024-09-19,161.3225860595703,162.9642616693234,160.52661614683478,162.88467834172684,26587700
2024-09-20,162.76527404785156,162.90456764484875,161.2429886014312,162.67573141732413,40896400
2024-09-23,161.03402709960938,164.65567515799938,160.85492668860783,163.5214231611921,24150900
2024-09-24,161.4718017578125,162.39712101997654,159.8798773312799,162.20807648352036,23332100
2024-09-25,160.6758575439453,161.9891949013652,160.48681299524299,160.6559541225392,18869200
2024-09-26,161.90960693359375,163.25280710146038,161.46187860492594,162.81502289321162,20319300
2024-09-27,163.12347412109375,164.86465182786756,161.81013654541118,161.9892218222414,21101300
2024-09-30,165.0138702392578,165.31234563823617,162.43691623380593,162.4966264954632,20413900
2024-10-01,166.14813232421875,168.3071905376278,163.75027859535956,166.84460026695353,28338100
2024-10-02,165.02383422851562,166.67546915041717,163.89952615078477,165.58100861617797,17760200
2024-10-03,165.02383422851562,165.79990072302581,163.09361211278292,163.58114729291918,15073100
2024-10-04,166.2177734375,167.3818731227034,164.6457371019136,167.21273199051447,19047400
2024-10-07,162.15834045410156,167.63061248672904,161.92950423820415,166.87444945314562,22463100
2024-10-08,163.55128479003906,163.89951115954543,162.0488877230142,163.11350061638578,23072700
2024-10-09,161.0439910888672,164.00896330918712,158.9346838265827,162.62597153558053,31181800
2024-10-10,161.26287841796875,162.2478928162512,159.59134021317385,160.0589719311791,14144100
2024-10-11,162.4170379638672,163.07369906378534,160.4271208786136,161.31263337427697,15344300
2024-10-14,164.1283721923828,165.3919586438415,162.5762240722605,162.81501959424767,19016100
2024-10-15,164.62583923339844,166.8346331245922,163.8000218608721,164.95416217665158,20247200
2024-10-16,164.3273468017578,164.96411962401345,162.9145075768113,163.7005180988684,16406000
2024-10-17,162.10858154296875,165.53124122104538,161.93944041934847,164.8944683866494,21453400
2024-10-18,162.5961151123047,163.87962007018098,162.25783286831472,162.36727890982462,19757700
2024-10-21,163.24285888671875,163.67068378195492,161.8001568233936,162.12849497134508,20946500
2024-10-22,164.3074493408203,164.93427806644567,162.15833529455813,162.15833529455813,16568100
2024-10-23,161.95936584472656,164.98404860544863,161.1136449298604,163.92937969662665,18280500
2024-10-24,161.89964294433594,162.50656821640374,160.1982572859619,162.00908898296657,22412500
2024-10-25,164.43679809570312,164.75517692607178,162.59611876941653,162.84485839827352,19828900
2024-10-28,165.87948608398438,167.89925067008892,163.12344672576728,167.89925067008892,32138600
2024-10-29,168.82456970214844,169.52105287482345,166.24763054521426,166.8844034485081,42169000
2024-10-30,173.58045959472656,181.10234312249673,173.18246710164854,179.76908724801194,68890800
2024-10-31,170.2473602294922,175.92858030114797,170.13791418034728,172.25718077657928,44769000
2024-11-01,170.4264373779297,171.45125861583475,168.02859889466288,169.21260195677476,31796500
2024-11-04,168.3867950439453,169.86927360734452,167.16298506324307,169.07330370933886,21492700
2024-11-05,168.88426208496094,169.67027262380228,167.98879032144563,168.57581219568198,18242100
2024-11-06,175.62013244628906,176.04797252771442,172.62531260376363,172.92380321236175,33695500
2024-11-07,179.8387451171875,180.16708323715014,176.29669536029814,176.51558744027324,25352900
2024-11-08,177.45086669921875,179.9879989024669,177.1822236349013,179.7392592604337,22006200
2024-11-11,179.44078063964844,179.6397693133584,177.5702537066768,177.67969975449668,17450400
2024-11-12,180.70436096191406,181.569985195191,178.48560772038502,178.91344777717472,25134900
2024-11-13,177.97817993164062,180.04769541710874,177.63988250609916,179.5502161710403,23184000
2024-11-14,174.69482421875,177.9184953896884,173.44118190987194,177.38120927026733,31007500
2024-11-15,171.6204071044922,173.2620826521563,170.35680548513443,172.8541459998015,32504600
2024-11-18,174.41624450683594,174.55553810267529,172.0283347729084,172.54571749253887,20135300
2024-11-19,177.2220001220703,177.9682189842711,172.68499186898757,172.84418886990383,23434900
2024-11-20,175.09280395507812,176.78423047859985,172.90389814923452,176.44594821026809,18997100
2024-11-21,166.78489685058594,173.25212704774955,162.87470208296352,173.02327566367867,59734400
2024-11-22,163.9293670654297,165.62080876483188,163.07370209558795,165.0138834352713,38604600
2024-11-25,166.80479431152344,167.77986461840595,164.77508555590978,165.25266140749017,33135300
2024-11-26,168.26739501953125,168.96387819100605,166.73516544238646,166.7849164091866,20486700
2024-11-27,168.3768310546875,168.6255706920237,167.17293971182346,168.14799483925975,19266500
2024-11-29,168.09823608398438,168.57581191461244,166.31726704322566,167.6505077939042,14257200
2024-12-02,170.6254425048828,171.21246438956555,167.72016544073577,167.91915410888186,23789100
2024-12-03,170.47621154785156,171.80945249599012,169.98869152545723,170.62546445455806,22248700
2024-12-04,173.49090576171875,174.02819184419297,170.19759561324068,170.2871382330325,31615100
2024-12-05,171.7696533203125,175.17240993472817,171.46121858121353,174.4759419461396,21356200
2024-12-06,173.8292236328125,174.19735345650352,170.9935855509351,171.16272669105973,21462400
2024-12-09,174.68585205078125,175.5723794273802,172.97256079724536,173.28136421093646,25389600
2024-12-10,184.44761657714844,185.63297660419835,180.34369430470025,182.13667521959667,54813000
2024-12-11,194.63771057128906,194.84689801892716,184.1288797897164,184.58707675233347,67894100
2024-12-12,191.2111358642578,194.4185600761266,190.96211115966233,194.2392695844635,34817500
2024-12-13,189.0794677734375,191.97810351938858,188.9001620988496,190.26481249193262,25143500
2024-12-16,195.89280700683594,198.22367470987274,191.86855906897816,192.11758378595036,44934900
2024-12-17,194.65762329101562,200.6342160179093,194.21933739249496,196.48048589662955,43504000
2024-12-18,187.66500854492188,196.23146433679096,187.0075948858922,194.4584096820746,34166100
2024-12-19,187.77459716796875,192.27696842780173,187.64511464715667,190.88243605492835,32265200
2024-12-20,190.66326904296875,192.13749096545695,184.49741523030252,185.0552281091218,63462900
2024-12-23,193.8707275390625,194.33889522295496,189.40819366703502,191.86855908689105,25675000
2024-12-24,195.34494018554688,195.34494018554688,193.02402811118543,194.0798904284353,10403300
2024-12-26,194.83694458007812,195.98245219810025,193.62170274567876,194.38868793025316,12046600
2024-12-27,192.0080108642578,194.55803671433245,189.9062416607854,194.18946980047588,18891400
2024-12-30,190.4939422607422,191.7988292724579,188.3822024440024,189.0595575397149,14264700
2024-12-31,188.5615234375,191.2111501400391,187.77459680063998,190.33457825065463,17466900
2025-01-02,188.6909942626953,191.25097555403835,186.76853081449056,189.90623605246924,20370800
2025-01-03,191.0417938232422,192.45626758091493,189.23885731709424,190.62343412562188,18596200
2025-01-06,196.10198974609375,197.44672936937255,193.09378194764346,193.2232644718959,29563600
2025-01-07,194.7273712158203,200.21587045148732,193.84084384019965,196.34104650196386,26487200
2025-01-08,193.19337463378906,195.52424236393108,191.62950729663424,191.818768515616,24864800
2025-01-10,191.29083251953125,195.75336668549778,189.5675856202091,193.54202583698017,26665200
2025-01-13,190.2648468017578,190.43418179207845,186.62909187000687,189.32852659632545,21823700
2025-01-14,188.9200897216797,191.23103088318788,187.57535034976993,190.49392754683893,17174900
2025-01-15,194.78712463378906,195.59396223510123,191.1115176062456,192.33671488233958,21776000
2025-01-16,192.1574249267578,194.71739096273467,192.05780896613516,193.38262220625612,17815400
2025-01-17,195.23536682128906,196.46056410218043,192.9941444980855,195.76329797481387,27735100
2025-01-21,197.27737426757812,201.50082353528188,197.0980685764286,198.29339931939404,29971300
2025-01-22,197.59613037109375,199.6978996202174,196.7594109579838,198.28344103159932,26200600
2025-01-23,197.2076416015625,199.5185981768782,194.43848807720923,197.3670210617764,26951400
2025-01-24,199.428955078125,200.11625050908367,197.22756995808922,197.32718592161126,23877500
2025-01-27,191.06170654296875,196.11193470563097,189.98591802549169,191.65937189687645,41728900
2025-01-28,194.53810119628906,194.71739168696277,189.93611434526252,191.99804618358004,24157900
2025-01-29,194.64767456054688,196.0222806001553,192.6753879484473,194.7970833042233,18218300
2025-01-30,200.08636474609375,200.6142959037936,196.89885156773758,197.22756600165175,24354700
2025-01-31,203.22409057617188,204.6783863780237,201.0127499247283,201.21196665384008,32001100
2025-02-03,200.44496154785156,202.9551348332388,199.31938021531738,199.90707487204236,27838300
2025-02-04,205.5748748779297,206.2422592489475,202.0187948719897,202.59653399897414,43856400
2025-02-05,190.58360290527344,191.99806150855852,187.29647352052726,190.32462266498615,70373900
2025-02-06,190.8525390625,191.35058847007514,187.98376961110344,188.7607254709797,29297400
2025-02-07,184.61695861816406,190.43417229867478,182.52516013677956,190.3046897826863,49315000
2025-02-10,185.7425537109375,187.46580046504565,185.13493280467802,186.61912556239702,23105600
2025-02-11,184.5970458984375,186.21072116923287,183.56109458441756,184.3081687207876,21239500
2025-02-12,182.8937225341797,184.38787090784842,181.12066768003388,182.50524456499636,22072600
2025-02-13,185.41383361816406,185.5532868448968,182.42553716023775,183.6009416706382,21402500
2025-02-14,184.5073699951172,185.6728037263188,183.60093167035657,184.33803502896936,20448400
2025-02-18,183.05307006835938,185.2345287451642,181.03099083809295,184.87593259008312,29916700
2025-02-19,184.54722595214844,184.73648715297452,182.87377209155156,183.35191045129994,19549400
2025-02-20,183.83999633789062,184.587070455128,182.00717815142445,184.07906552714084,20441500
2025-02-21,178.9591064453125,184.61694009305896,178.38136734197036,184.42767889722575,35199200
2025-02-24,178.5507049560547,182.40560234155157,178.19210879001352,181.28002106421596,29854200
2025-02-25,174.73565673828125,178.04271218366185,174.0085088406691,177.3454308360551,41913400
2025-02-26,172.05615234375,175.39308961437996,170.9106447310479,174.38703523452213,35431300
2025-02-27,167.84266662597656,173.87902359915924,167.28485366729163,173.31125512309177,39991000
2025-02-28,169.61570739746094,169.94442183496423,166.11940597917265,168.02194319125016,48130600
2025-03-03,166.3584747314453,172.69366445439235,165.28268607668863,171.25927958138345,40770500
2025-03-04,170.25320434570312,172.61395362786732,165.15318337522604,165.59146927723793,45388000
2025-03-05,172.3450164794922,173.10204608630403,168.40045859307807,169.8547695105912,30954900
2025-03-06,171.67762756347656,174.12802200431332,169.83483877564933,169.86472052254288,28302000
2025-03-07,173.18174743652344,174.28741777289434,169.60575619699736,170.5918843353401,27385800
2025-03-10,165.41319274902344,167.99607150995365,163.23920372577845,167.7966101322015,43604000
2025-03-11,163.58824157714844,166.29078517095678,160.9255963482493,164.4558560210946,39587400
2025-03-12,166.6497802734375,167.17831943801426,163.07963775446962,166.12124110886077,28372400
2025-03-13,162.31175231933594,165.67248166266438,161.6635485106855,165.58271795856493,31756200
2025-03-14,165.0342559814453,166.0315020416508,162.00261943703092,162.8203685104477,31995900
2025-03-17,163.83755493164062,165.84202932963498,163.21926721954216,164.57552252303753,31184300
2025-03-18,160.22750854492188,163.79765095180105,156.28838999765335,163.2292134435371,42074800
2025-03-19,163.4386444091797,165.41318720526314,160.5566041117451,161.31450558479577,34275600
2025-03-20,162.35166931152344,164.43591002375265,160.5167401261188,161.12506086024152,28138500
2025-03-21,163.53839111328125,163.7877026347692,160.44692216012342,160.7660482116765,36625800
2025-03-24,167.2182159423828,167.85646804378672,164.68521758619846,166.60991043967152,30879100
2025-03-25,170.09027099609375,170.16008551836464,167.85644975168057,168.51462053018605,24174400
2025-03-26,164.60543823242188,169.14291101426645,164.3860428738787,168.53459028680902,28901600
2025-03-27,161.793212890625,164.96444818748884,161.55386834836875,164.1766304631432,24508300
2025-03-28,153.90499877929688,161.37437785404254,153.2069295238927,160.0480386603904,48669300
2025-03-31,154.21412658691406,155.11164193370462,150.24509161947617,152.68834136730996,54603500
2025-04-01,156.637451171875,157.66461343058796,153.19693997672525,153.19693997672525,30672900
2025-04-02,156.6074981689453,157.9737354754909,154.2739462849113,154.72270392156926,25041700
2025-04-03,150.30491638183594,152.35924068042604,149.97582338010557,150.69384170810525,46883400
2025-04-04,145.19903564453125,150.65397293111235,144.9796402891217,147.60238713771614,62259500
2025-04-07,146.34585571289062,152.42906261628312,140.14298415460087,141.1601793715283,76794100
2025-04-08,144.30149841308594,151.82074204837693,142.63609935843277,150.80354683062922,52200200
2025-04-09,158.27293395996094,159.11061702523395,143.51368875470308,144.0222787835972,70406200
2025-04-10,152.39913940429688,157.28563866565491,149.51708388683267,156.10888048544342,48022000
2025-04-11,156.70724487304688,157.2357840662013,152.39914981719627,152.47891611104427,33636200
2025-04-14,158.63192749023438,161.27462328630523,157.12607630131762,159.5593589601424,30333000
2025-04-15,155.87953186035156,159.2103301054895,154.78257030571797,158.6917731015249,27551500
2025-04-16,152.90773010253906,155.46067741277207,151.09273508921532,152.67836778458886,28187400
2025-04-17,150.74371337890625,154.25400844452392,148.09103529003713,153.86508310192784,33046600
2025-04-21,147.26332092285156,148.53979463690146,145.6976525525358,148.46999532680982,26049100
2025-04-22,151.0528564453125,151.77087479980403,148.13091768280205,148.47995987784566,26971800
2025-04-23,154.92218017578125,157.09616926384234,153.38641273519517,155.1814586711159,31128800
2025-04-24,158.8413543701172,159.15049822016638,155.36096007364648,155.7199692710382,45894000
2025-04-25,161.51397705078125,165.6425750916004,160.59649729347288,164.61541287682232,56034000
2025-04-28,160.1676788330078,162.70067694860023,158.16321987401656,161.98265861948803,29745800
2025-04-29,159.71893310546875,160.29733764803302,157.086204107764,159.87849612757626,26809000
2025-04-30,158.36268615722656,158.83139304877153,154.97204023505506,157.54493703861002,34981100
2025-05-01,160.8557891845703,161.5039930234171,158.47237175928248,160.00812396444732,30203200
2025-05-02,163.57826232910156,164.51567601619934,161.42420728854916,162.95997467027814,25715000
2025-05-05,163.7577667236328,164.93450965911595,162.27186475669814,162.551092409754,21341800
2025-05-06,162.7804718017578,164.3461554362482,160.74609651363122,161.72339340187466,21277200
2025-05-07,150.96310424804688,164.5455898895658,147.43284488902702,163.62812539619352,127490100
2025-05-08,153.85513305664062,155.50058309873845,152.47892851591033,154.57315149382438,57498700
2025-05-09,152.32933044433594,154.62299934708025,151.78084208678038,153.7454179749914,32435300
2025-05-12,158.0236053466797,158.66184216787673,155.81968502629073,157.0562755246952,44138800
2025-05-13,159.09066772460938,160.12781218093087,155.72995326636035,158.35270013902556,42382100
2025-05-14,164.91458129882812,166.5400972975048,159.170449289238,159.51949150800576,48755900
2025-05-15,163.5084686279297,165.75227223459135,161.92283584781248,165.3832808496498,33146700
2025-05-16,165.73231506347656,168.88361607338598,165.16387753981013,167.26806720706887,42846900
2025-05-19,166.0813446044922,166.18107529267584,163.7677417629434,164.0569364118495,30426100
2025-05-20,163.5283966064453,168.03595283640126,162.45136908866291,165.9716462897934,46607700
2025-05-21,168.09579467773438,172.66318349220677,163.1095643409873,163.2392111991083,73416000
2025-05-22,170.39942932128906,176.28319020253375,170.23988151650855,171.3767414156938,74864400
2025-05-23,168.00604248046875,169.49194456610303,167.42763794814334,168.5944139952117,35211400
2025-05-27,172.423828125,172.69308880696215,169.53182079809207,169.69138381086714,37995700
2025-05-28,171.8853302001953,174.7873198647011,171.4365725199691,172.6831300854681,34784000
2025-05-29,171.38670349121094,173.93965089581198,170.1600951338123,173.5208093888165,29317300
2025-05-30,171.2670440673828,171.73575093359455,166.97888295989642,170.87811871209726,52639900
2025-06-02,168.5644989013672,169.40218193277036,166.92901598525125,167.37777366516244,38612300
2025-06-03,165.7223358154297,168.01600469808255,164.82482048675826,167.0287408798973,45084900
2025-06-04,167.5872039794922,167.75673398423967,165.90185569784677,166.28081407126308,26900800
2025-06-05,167.74676513671875,170.45926039928958,167.1284622369502,169.87088888051295,36379100
2025-06-06,173.20169067382812,174.01943975782734,170.35954849552294,170.35954849552294,35731800
2025-06-09,175.817626953125,176.1970440586742,174.1002861656323,174.27002138780236,28935900
2025-06-10,178.3237762451172,180.8298886948226,174.63948090794972,175.92747903926403,61766100
2025-06-11,177.07569885253906,180.09101684926247,176.47662077845203,179.49195401036374,31646800
2025-06-12,175.42823791503906,176.44666452455314,174.47971034788216,175.90749122267417,20941900
2025-06-13,174.39984130859375,176.85604320367563,172.1233689351953,172.17329464872896,27663100
2025-06-16,176.49659729003906,176.66633252587772,174.37986589593493,174.45974398959817,27389200
2025-06-17,175.6778564453125,177.08567926563504,174.30998028900405,175.4282431183839,24973000
2025-06-18,173.05194091796875,176.28692000243774,172.93211615674434,175.73776761612697,28707500
2025-06-20,166.38226318359375,174.07035081830173,165.20409556084024,173.68095462694552,75659900
2025-06-23,164.9344940185547,167.08116240174218,161.7494257286143,166.0128253516346,57671000
2025-06-24,166.51206970214844,167.95982401484335,165.87306016657053,166.66183161080377,40524300
2025-06-25,170.41600036621094,172.0934098171055,167.29085192583665,167.3707300173257,35479000
2025-06-26,173.27159118652344,173.4213683331891,169.6771681943881,172.16330733603075,31796700
2025-06-27,178.25387573242188,178.40363764116194,171.46438989107267,173.27158802075178,108140200
2025-06-30,175.95741271972656,180.94967899066734,174.30997094439113,180.5003780733202,63378900
2025-07-01,175.56802368164062,175.81763700531283,173.26159900853952,175.46818749328466,35904500
2025-07-02,178.3636932373047,178.58335417760583,174.79922295185074,175.26848197683447,29128900
2025-07-03,179.2523193359375,179.39210218822254,176.7761594232363,178.22391365801445,21689700
2025-07-07,176.5165557861328,179.0226833705182,175.40827199123135,178.78304908898676,34175600
2025-07-08,174.09031677246094,177.67476043779465,172.54271112131266,177.5749242496101,40442500
2025-07-09,176.34681701660156,179.1624626362242,172.50278095171484,174.97894087050608,43025600
2025-07-10,177.34527587890625,178.15402063985096,174.11029683512743,175.35836349959487,29252400
2025-07-11,179.91131591796875,181.14938835134018,176.20704719654847,176.51656530489134,34282900
2025-07-14,181.2791748046875,183.3859118317051,179.40207776586954,180.7300224544814,32536600
2025-07-15,181.718505859375,183.93507346834292,181.31913062189142,182.5272506181519,33448300
2025-07-16,182.68701171875,184.04490889196538,181.74846312672318,182.95659839065306,33104200
2025-07-17,183.29605102539062,183.77530432362263,180.20083982993623,181.85827589550698,31992600
2025-07-18,184.77377319335938,186.1316703490662,183.42587032160213,185.11324367348885,34014500
2025-07-21,189.8059844970703,189.99567783258155,185.86208164773134,185.9619330750015,45803100
2025-07-22,191.04405212402344,191.35357021159422,187.17006365240448,191.20380830960463,44660200
2025-07-23,189.93577575683594,192.23222149983224,188.88739669642578,191.20381577219638,58681900
2025-07-24,191.8727569580078,197.64381545602902,190.70456849752816,196.7252403051011,74881700
2025-07-25,192.88119506835938,194.02942546808288,190.96416662133603,191.68305419336826,39785900
2025-07-28,192.28213500976562,193.7498625541434,190.54482081320737,193.35047209995227,38139500
2025-07-29,195.44723510742188,195.61697034161693,191.78291329403916,192.13236281084488,41389200
2025-07-30,196.2260284423828,197.2943808004953,194.3888780023715,195.2974741739121,32445400
2025-07-31,191.60317993164062,195.68686545955075,190.79443520574372,195.40729975764043,51329200
2025-08-01,188.8374786376953,190.53484621084553,187.52950724447476,188.73762721302066,34832200
2025-08-04,194.7383270263672,194.96798225717674,189.82593856567027,189.9956738002762,31547400
2025-08-05,194.368896484375,197.55396485726567,193.5901041516216,194.40884314692985,31602300
2025-08-06,195.78671264648438,196.3258859841649,193.3704573812648,194.1991754853375,21562900
2025-08-07,196.21604919433594,197.23446060352177,194.0294340028213,196.75520727948205,26321800
2025-08-08,201.10845947265625,202.29662132319493,196.86503299798275,196.9149587094283,39161800
2025-08-11,200.68911743164062,201.16837075965444,198.76210983585918,200.62921267003748,25832400
2025-08-12,203.02549743652344,204.18370696130674,200.27975076589462,201.0585431482033,30397900
2025-08-13,201.6476287841797,204.21364576160173,197.2044995517677,203.81427054832747,28342900
2025-08-14,202.62611389160156,204.12379383237695,200.91875205563483,201.18833871082708,25230400
2025-08-15,203.58462524414062,206.12070520105007,200.96868242883633,203.534714766441,34931400
2025-08-18,203.18524169921875,204.9525082638803,202.17680937496152,203.88415594549542,18526600
2025-08-19,201.25823974609375,203.1253425488118,199.65072931767816,202.7159730378366,24240200
2025-08-20,199.01171875,200.9686786831588,196.29592455953664,200.41952632200108,28955500
2025-08-21,199.44105529785156,202.1668286588479,199.12154291514705,199.44105529785156,19774600
2025-08-22,205.771240234375,208.21744781149425,200.98865555430208,202.41643648326647,42827000
2025-08-25,208.1675262451172,210.19438514977915,204.9624845680577,206.11069972619865,29928900
2025-08-26,206.81961059570312,207.52851912382437,205.3818354433132,207.18903343187435,28464100
2025-08-27,207.15908813476562,208.58688428789492,205.3319167524022,205.38184246485358,23022900
2025-08-28,211.31265258789062,211.8917573213033,206.57997853322107,206.92944327697995,32339300
2025-08-29,212.58070373535156,214.31800279201352,209.87488848734807,210.1844065843309,39728400
2025-09-02,211.0231170654297,211.3525932568575,205.88107328271496,208.11761422314743,47523000
2025-09-03,230.30325317382812,230.95224175670688,224.4423216543269,225.86013881710127,103336100
2025-09-04,231.94070434570312,232.01058815431742,225.76027598883607,229.2947939629136,51684200
2025-09-05,234.63653564453125,235.39535470067108,231.5413241866342,231.84086323662245,46588900
2025-09-08,233.8870086669922,237.97434675109136,233.5172554040335,235.31608185012894,32474700
2025-09-09,239.47335815429688,240.3128053844981,233.07753270088136,234.0169206603603,38061000
2025-09-10,239.01365661621094,241.50203443312756,237.6945274082077,238.74382884116824,35141100
2025-09-11,240.21287536621094,242.09165136894262,236.09557331646107,239.7232054178332,30599300
2025-09-12,240.64259338378906,241.92175543476245,237.84442067897936,240.21286654309478,26771600
2025-09-15,251.44552612304688,252.24500622225327,244.5000723057695,244.5000723057695,58383800
2025-09-16,250.99581909179688,252.87457975705254,249.30692141357196,251.91521585326547,34109700
2025-09-17,249.36688232421875,251.43553649547647,246.11900683222018,251.0557800198683,34108000
2025-09-18,251.86524963378906,253.82397511354577,249.6367116291099,251.51547232528497,31239500
2025-09-19,254.55349731445312,255.83265939150547,251.64539584681071,253.08445699569828,55571400
2025-09-22,252.36492919921875,255.6128047936517,250.13639113793755,254.2636811395151,32290500
2025-09-23,251.49549865722656,254.1937306726042,250.31626206974443,252.8745862102155,26628000
2025-09-24,246.97845458984375,252.18505574615793,246.2789151995329,251.49550432970327,28201000
2025-09-25,245.6293182373047,246.32887284028934,240.58263166512353,244.24022750230412,31020400
2025-09-26,246.3788299560547,249.25695217808112,245.80921049475367,246.90849752367055,18503200
2025-09-29,243.89047241210938,250.98582213384148,242.61131034259105,247.6879914773483,32505800
2025-09-30,242.94110107421875,243.13096406959585,239.09361157011617,242.65128209661555,34724300
2025-10-01,244.7399139404297,246.13900797357311,238.45403213601972,240.59263270567308,31658200
2025-10-02,245.52940368652344,246.64866670301694,242.14162021805868,244.98974812584623,25483300
2025-10-03,245.1896209716797,246.138996907564,241.5020306823554,244.33018254314118,30249600
2025-10-06,250.26629638671875,251.1557292673991,244.42012945214807,244.61999567020933,28894700
2025-10-07,245.59934997558594,250.27629875611288,245.35951661425605,248.10771903747053,23181300
2025-10-08,244.46009826660156,245.84918907751907,243.66063338889384,244.79988761332393,21307100
2025-10-09,241.3721160888672,244.60000044134677,238.99366696134817,244.3101967172578,27892100
2025-10-10,236.4153594970703,243.93043262992407,235.6858257251368,241.27216783484693,33180300
2025-10-13,243.9904022216797,244.34017953936018,239.55331729181,240.05299046060216,24995000
2025-10-14,245.28955078125,246.95845730298234,240.35277752895155,241.07230809804528,22111600
2025-10-15,250.86590576171875,251.94520161834686,245.82920701293574,247.0883778879278,27007700
2025-10-16,251.29562377929688,256.79201310331337,249.93651222042618,251.60541868813706,27997200
2025-10-17,253.13442993164062,254.05382673080507,247.64801305801078,250.59608169913423,29671600
2025-10-20,256.3822937011719,257.1617826336821,254.06381810029453,254.52352413042843,22350200
2025-10-21,250.29627990722656,254.71338870395212,243.99039197294186,254.5734808325197,47312100
2025-10-22,251.52548217773438,256.19241249616164,249.12704181794433,254.20372304336274,35029400
2025-10-23,252.91456604003906,254.8732762688867,251.68537434804077,252.81462530948346,19901400
2025-10-24,259.7501220703125,261.5089509442133,255.1531226659378,256.412278354529,28655100
2025-10-27,269.0939636230469,269.9634205104271,264.10723541197956,264.6468909460984,35235200
2025-10-28,267.295166015625,270.5530448339537,266.3257988486908,269.5137161039883,29738600
2025-10-29,274.3905334472656,275.1600191542769,267.49504976173847,267.57498405043395,43580300
2025-10-30,281.2960205078125,291.3993974290424,279.87693527724974,291.3993974290424,74876000
2025-10-31,281.0061950683594,285.81304844327684,276.8489107040144,283.02486366213384,39267900
2025-11-03,283.5345458984375,285.3433603410046,279.61709481156873,281.9955439895644,29786000
2025-11-04,277.35858154296875,281.0861237356038,276.07941949471564,276.56908942406625,30078400
2025-11-05,284.1241455078125,286.23278206992967,277.15870054271744,278.6876991693174,31010300
2025-11-06,284.5638732910156,288.1615262521665,280.9562476047489,285.14348075532007,37173600
2025-11-07,278.647705078125,283.59448127875606,275.0101005397699,283.0248465894465,34479600
2025-11-10,289.9103698730469,290.6098939896417,282.6750818691635,284.23409016650885,29557300
2025-11-11,291.11956787109375,291.72918497214437,287.1321858980205,287.56189748708465,19842100
2025-11-12,286.5225830078125,291.8191369528623,283.504568014819,291.4893355792204,24829900
2025-11-13,278.3879089355469,282.65510670070455,277.0587612643864,282.15543354563385,29494000
2025-11-14,276.22930908203125,278.3778974858086,270.52305035910666,271.23257767900105,31647200
2025-11-17,284.83367919921875,293.7578650793077,283.38464532335746,285.59319216713175,52670200
2025-11-18,284.09417724609375,288.61121173854644,278.0181648979437,287.7318125744744,49158700
2025-11-19,292.61859130859375,303.6114007455407,286.44263841708545,286.9722907427786,68198900
2025-11-20,289.26080322265625,306.2197114167213,288.48131431646567,304.3409354639468,62025200
2025-11-21,299.464111328125,303.7213362601199,293.6579118539212,296.2262391249899,74137700
2025-11-24,318.3717346191406,319.27117069793417,309.39762425695875,310.9266228942269,85165100
2025-11-25,323.22857666015625,328.6150374741804,317.4423529194355,325.9967549915166,88632100
2025-11-26,319.7408752441406,324.287888914303,316.58293713459693,320.4703785574214,51373400
2025-11-28,319.970703125,326.6363566172421,316.5829348985448,323.15862038246837,26018600
2025-12-01,314.6841735839844,319.6409227326276,313.684827275924,317.49233426982363,41183000
2025-12-02,315.6035461425781,318.17187340075924,313.7047943107319,316.5329308632399,35854700
2025-12-03,319.42108154296875,321.369788644051,313.89469739870816,315.68353592029735,41838300
2025-12-04,317.4123840332031,322.14927599125497,314.4943097586067,322.0193865832628,31240900
2025-12-05,321.0599670410156,322.9487461411032,318.961364259978,319.28113189003057,28851700
2025-12-08,313.7200012207031,320.44000244140625,311.2200012207031,320.04998779296875,33909400
2025-12-09,317.0799865722656,317.989990234375,311.8999938964844,312.3699951171875,30194000
2025-12-10,320.2099914550781,321.30999755859375,314.67999267578125,315.8299865722656,33428900
2025-12-11,312.42999267578125,321.1199951171875,308.6000061035156,320.0799865722656,42353700
2025-12-12,309.2900085449219,314.8699951171875,305.55999755859375,313.70001220703125,35940200
2025-12-15,308.2200012207031,311.4200134277344,304.8800048828125,311.32000732421875,29151900
2025-12-16,306.57000732421875,310.7699890136719,302.5899963378906,304.95001220703125,30585000
2025-12-17,296.7200012207031,308.0899963378906,296.1199951171875,308.010009765625,43930400
2025-12-18,302.4599914550781,303.9599914550781,299.2300109863281,301.7200012207031,33518000
2025-12-19,307.1600036621094,307.25,300.9700012207031,301.7300109863281,59943200
2025-12-22,309.7799987792969,310.1300048828125,305.29998779296875,309.8800048828125,26429900
2025-12-23,314.3500061035156,314.94000244140625,309.32000732421875,309.6300048828125,25478700
2025-12-24,314.0899963378906,315.0799865722656,311.9200134277344,314.7699890136719,10097400
2025-12-26,313.510009765625,315.0899963378906,312.2799987792969,314.4800109863281,10899000
2025-12-29,313.55999755859375,314.0199890136719,310.6199951171875,311.3699951171875,19621800
2025-12-30,313.8500061035156,316.95001220703125,312.4599914550781,312.5,17380900
