Price,Close,High,Low,Open,Volume
Ticker,AAPL,AAPL,AAPL,AAPL,AAPL
Date,,,,,
2015-01-02,24.214893341064453,24.68222562747745,23.776353422468404,24.671150729967486,212818400
2015-01-05,23.532724380493164,24.064287433869833,23.34667824119713,23.984552891373717,257142000
2015-01-06,23.53493309020996,23.79406943566659,23.173912432554356,23.596948452562806,263188400
2015-01-07,23.864944458007812,23.964611763586213,23.632385158602347,23.743127360263635,160423600
2015-01-08,24.781883239746094,24.83946964261763,24.075347638095636,24.19273576043146,237458000
2015-01-09,24.808475494384766,25.08311575891223,24.40980277991557,24.95465436316189,214798000
2015-01-12,24.197175979614258,24.945792806630894,24.09750865378446,24.939148543547873,198603200
2015-01-13,24.412012100219727,24.98344228730691,24.121868061955624,24.68000803529737,268367600
2015-01-14,24.31899070739746,24.47181381263504,24.03106027700955,24.150662070103355,195826400
2015-01-15,23.658966064453125,24.376575123869163,23.62352943536436,24.36328659918488,240056000
2015-01-16,23.47513771057129,23.827298884688386,23.300164782396326,23.705481754379125,314053200
2015-01-20,24.079792022705078,24.135163140605048,23.588096225386572,23.88488460623004,199599600
2015-01-21,24.26361656188965,24.598056787392125,23.98011511203048,24.130724570790218,194303600
2015-01-22,24.89484977722168,24.91035361942313,24.30127144897852,24.42087324158633,215185600
2015-01-23,25.023317337036133,25.19385964342137,24.70216382660714,24.87270782278486,185859200
2015-01-26,25.04988670349121,25.328957536245927,24.983442393649014,25.191636592238247,222460000
2015-01-27,24.17281150817871,24.912570412240157,24.148448084734664,24.89928019685748,382274800
2015-01-28,25.539369583129883,26.161741992686807,25.539369583129883,26.05321340320937,585908400
2015-01-29,26.334497451782227,26.39872813532269,25.59473862220585,25.763067251836308,337745600
2015-01-30,25.949115753173828,26.57813070202149,25.880454433135018,26.223755963952947,334982000
2015-02-02,26.27469253540039,26.39429430858434,25.709908355677726,26.14623287364737,250956400
2015-02-03,26.279129028320312,26.376581032432806,26.048785008958852,26.24590602450807,207662800
2015-02-04,26.480680465698242,26.691091708380142,26.203824901479106,26.24590748797394,280598800
2015-02-05,26.669687271118164,26.73417145961258,26.516259315856928,26.68747466730253,168984800
2015-02-06,26.44510269165039,26.738615912814105,26.338369840108527,26.68747269934462,174826400
2015-02-09,26.62076759338379,26.647449535368576,26.33392484181884,26.36060848026484,155559200
2015-02-10,27.132184982299805,27.161092674695414,26.718599709283218,26.720822072959173,248034000
2015-02-11,27.768129348754883,27.777023892483754,27.23891672034267,27.298952769936612,294247200
2015-02-12,28.119457244873047,28.346263877299908,27.921558304762623,28.030513500714687,297898000
2015-02-13,28.257322311401367,28.30179333867826,27.93934954663485,28.30179333867826,217088800
2015-02-17,28.42409324645996,28.657570397556903,28.221746155981133,28.3484904589152,252609600
2015-02-18,28.621994018554688,28.635334989242327,28.339597698284383,28.379622306808475,179566800
2015-02-19,28.561954498291016,28.690922861865086,28.535272558559186,28.568624983223973,149449600
2015-02-20,28.795438766479492,28.795438766479492,28.473019474319724,28.599762112292385,195793600
2015-02-23,29.57368278503418,29.57368278503418,28.831006151951826,28.911055353853747,283896400
2015-02-24,29.389137268066406,29.707111846758544,29.16677865661738,29.56035434890063,276912400
2015-02-25,28.637556076049805,29.262386449737566,28.495246740191888,29.253490207727708,298846800
2015-02-26,29.0000057220459,29.10006640489472,28.152820071444435,28.63756014934092,365150000
2015-02-27,28.564180374145508,29.033357042942402,28.515261222485382,28.90661104284422,248059200
2015-03-02,28.704265594482422,28.96887282281326,28.528603825590125,28.73984377825784,192386800
2015-03-03,28.764297485351562,28.799875661866288,28.481901222763646,28.675355436986415,151265200
2015-03-04,28.581968307495117,28.80877499266501,28.533052544931437,28.706491953319468,126665200
2015-03-05,28.108341217041016,28.628659337495048,27.96380784031683,28.59085879639421,226068400
2015-03-06,28.150588989257812,28.766521358455478,28.07498790488838,28.550833317284816,291368400
2015-03-09,28.270662307739258,28.810995279684807,27.808156175542326,28.452996227639467,354114000
2015-03-10,27.685869216918945,28.288460807501274,27.527994817596916,28.108350887908518,275426400
2015-03-11,27.181108474731445,27.743675330611506,27.152202474172537,27.73922890608748,275756000
2015-03-12,27.672521591186523,27.77258395917488,27.045470531678525,27.19667441748349,193450800
2015-03-13,27.481290817260742,27.883760923464692,27.256709915985283,27.661402386110844,207309200
2015-03-16,27.783700942993164,27.783700942993164,27.321196435001667,27.54577735550877,143497200
2015-03-17,28.24843406677246,28.310694197430077,27.9393557778212,27.99494542254569,204092400
2015-03-18,28.5664005279541,28.71982845602437,28.09944795575962,28.23953321847968,261083600
2015-03-19,28.35071563720703,28.739843106737325,28.328480121097527,28.62866382972867,183238000
2015-03-20,27.99494171142578,28.55083638851777,27.830396859863175,28.517483963273463,274780400
2015-03-23,28.286230087280273,28.42853941926363,28.132802149548414,28.266218632686233,150838800
2015-03-24,28.17060089111328,28.4707828514936,28.14169319834328,28.290674693141913,131369200
2015-03-25,27.434598922729492,28.199512923167894,27.434598922729492,28.137252796892433,206620800
2015-03-26,27.62583351135254,27.768142887477786,27.261165522973897,27.296743715236,190291600
2015-03-27,27.405689239501953,27.728108434323467,27.330088152452873,27.69920243570958,158184800
2015-03-30,28.099454879760742,28.10612536584905,27.57246442478671,27.5835830325748,188398800
2015-03-31,27.66807746887207,28.12613558907677,27.652512436529037,28.037191820061732,168362400
2015-04-01,27.6280517578125,27.821504320484593,27.37233906824674,27.754796072263535,162485600
2015-04-02,27.865968704223633,27.91933427218699,27.614704195954534,27.801484532056698,128880400
2015-04-06,28.317358016967773,28.352936195517167,27.645836013226795,27.676966071227053,148776000
2015-04-07,28.019405364990234,28.488580411799642,28.01273487897068,28.38184924256404,140049200
2015-04-08,27.928232192993164,28.106119702993404,27.788146923979166,27.983821827810612,149316800
2015-04-09,28.141695022583008,28.146143143202508,27.7192151726219,27.98382066980979,129936000
2015-04-10,28.26177406311035,28.28623364166175,27.85263510636203,28.006061366912018,160752000
2015-04-13,28.206180572509766,28.588639230734085,28.152814997705434,28.544164808218575,145460400
2015-04-14,28.083892822265625,28.304027368810186,27.997173101006812,28.239543169022074,102098400
2015-04-15,28.19062042236328,28.268445585854018,28.019405062683663,28.10834883372793,115881600
2015-04-16,28.05497932434082,28.261772854593556,28.041638353505544,28.079438901846288,113476000
2015-04-17,27.739227294921875,28.048305523453024,27.674743116071788,27.917114801850463,207828000
2015-04-20,28.37295150756836,28.48857721065811,27.83262014670152,27.92156390871118,188217200
2015-04-21,28.21952247619629,28.506363493308605,28.166155206372657,28.484129675573577,129740400
2015-04-22,28.59975814819336,28.655347790616638,28.088334455775946,28.237314290319635,150618000
2015-04-23,28.833236694335938,29.00000562952615,28.493028337981716,28.528606525123738,183083600
2015-04-24,28.968873977661133,29.04670083365714,28.7353968025956,29.015570769843237,178103600
2015-04-27,29.495866775512695,29.60260134584796,29.162328877291642,29.420265666217432,387816800
2015-04-28,29.031124114990234,29.916109961374485,28.810991379817118,29.898324267820577,475696000
2015-04-29,28.604211807250977,29.260169036251504,28.528610693220685,28.942197848635377,253544400
2015-04-30,27.828168869018555,28.604199621886025,27.70142458160776,28.604199621886025,332781600
2015-05-01,28.67313003540039,28.93551484929317,27.861522807023945,28.0394086024176,234050400
2015-05-04,28.61754608154297,29.033358897210668,28.5197077719741,28.795433608675246,203953200
2015-05-05,27.972702026367188,28.56195073733543,27.968253906023552,28.495242503867665,197085600
2015-05-06,27.797040939331055,28.183944315277262,27.43014901723643,28.141695650753707,288564000
2015-05-07,27.968975067138672,28.152070633388597,27.692097515406704,27.859563034667513,175763600
2015-05-08,28.495933532714844,28.495933532714844,28.15876914169282,28.286042868912773,222201600
2015-05-11,28.205657958984375,28.482533795746967,28.051589142485113,28.44457535513179,168143200
2015-05-12,28.10517692565918,28.330695903089556,27.870724547028903,28.044888392389844,192640000
2015-05-13,28.136444091796875,28.399923276401505,28.105183993924086,28.167704189669664,138776800
2015-05-14,28.79290008544922,28.79290008544922,28.393217269931714,28.4490391015852,180814000
2015-05-15,28.75270652770996,28.913473656013124,28.627666185050565,28.81969339901858,152832000
2015-05-18,29.069782257080078,29.18812428658893,28.6611659750214,28.665632676256102,203531600
2015-05-19,29.042984008789062,29.223846196970214,28.94696868731493,29.18142106006961,178532800
2015-05-20,29.040752410888672,29.246176365558323,28.87998524513075,29.02735571492461,145819600
2015-05-21,29.337726593017578,29.391316786883003,28.98939885062926,29.04298904449469,158921600
2015-05-22,29.59450340270996,29.690518733383474,29.33995596401194,29.38461615898261,182384000
2015-05-26,28.942508697509766,29.67712607533172,28.830865009082903,29.607907533642262,282790400
2015-05-27,29.482858657836914,29.531982144843504,29.038519035042373,29.10327086404503,183332800
2015-05-28,29.42481231689453,29.462770764775602,29.272978525370245,29.442675717149484,122933200
2015-05-29,29.089876174926758,29.351121969971384,29.005025890228723,29.301998479577218,203538000
2015-06-01,29.147930145263672,29.337725761952687,29.038521520643027,29.08987665887506,128451200
2015-06-02,29.0184268951416,29.17472736620968,28.87552312058011,28.99609679623413,134670400
2015-06-03,29.054141998291016,29.237239217254434,29.005018520378577,29.17471904665565,123934000
2015-06-04,28.884450912475586,29.156861744311495,28.783972289246318,28.93357440064891,153800400
2015-06-05,28.72591781616211,28.95813858108162,28.661165980173738,28.915713437081244,142507200
2015-06-08,28.536123275756836,28.850959248843054,28.319534279272943,28.781737310168158,210699200
2015-06-09,28.451276779174805,28.598647263681052,28.049360528202932,28.290509597367066,224301600
2015-06-10,28.77728271484375,28.879993016268955,28.547295249775257,28.562925300454886,156349200
2015-06-11,28.712522506713867,29.067548612456317,28.68796075937411,28.84426123922032,141563600
2015-06-12,28.395448684692383,28.654462799151382,28.382051990340052,28.62320270996455,147544800
2015-06-15,28.339630126953125,28.411082010997315,28.06945263717518,28.156534567618184,175955600
2015-06-16,28.49146842956543,28.54729027276738,28.216825914998417,28.364194695206884,125976400
2015-06-17,28.424470901489258,28.55397622680664,28.299428868582282,28.51825114850945,131672400
2015-06-18,28.55398178100586,28.649995396454134,28.40661303610098,28.408846386287326,141628800
2015-06-19,28.26817512512207,28.540585935354017,28.223518341350022,28.516024193215262,218867600
2015-06-22,28.49370002746582,28.594178657629293,28.37535799972522,28.466904931100128,136157200
2015-06-23,28.364194869995117,28.493701955873092,28.33070142315806,28.464675210506293,121075600
2015-06-24,28.605342864990234,28.982699035849468,28.384288863009008,28.404383907031253,221123600
2015-06-25,28.469139099121094,28.848726939023745,28.469139099121094,28.772810052462177,127752400
2015-06-26,28.301671981811523,28.578547822431265,28.248083494105483,28.507095937640774,176267200
2015-06-29,27.805973052978516,28.239151051350287,27.794809707755416,28.01363035385756,196645600
2015-06-30,28.006929397583008,28.160998197819048,27.87965568977192,28.0381894869719,177482800
2015-07-01,28.26817512512207,28.34409370179107,28.131969720006097,28.33516200432724,120955200
2015-07-02,28.23245620727539,28.288278050960418,28.08285237150343,28.230222856534695,108844000
2015-07-06,28.13420295715332,28.1855597914771,27.87742219262861,27.89751893772821,112241600
2015-07-07,28.064985275268555,28.16769724345696,27.636272303574902,28.109642060203637,187787200
2015-07-08,27.36832618713379,27.83053086198302,27.361627840237674,27.794805777354732,243046400
2015-07-09,26.81011390686035,27.70103001819271,26.620319986898956,27.65413987586442,314380000
2015-07-10,27.526866912841797,27.654140646579222,27.064662121527192,27.227662652442298,245418000
2015-07-13,28.05828857421875,28.08061696799642,27.75908264624676,27.91761645667965,165762000
2015-07-14,28.047122955322266,28.216821810967417,27.9198492394752,28.143136579806693,127072400
2015-07-15,28.317296981811523,28.3909822039926,28.040421190535152,28.071681278088274,134596800
2015-07-16,28.69465446472168,28.708054566907215,28.435642039525213,28.52272396471212,144889600
2015-07-17,28.942508697509766,28.942508697509766,28.65000277896658,28.821935013130545,184658800
2015-07-20,29.489564895629883,29.690522167865755,29.1836588787485,29.243947423257225,235600800
2015-07-21,29.194826126098633,29.67935935161535,29.098814184187123,29.663731006067156,307025600
2015-07-22,27.96004867553711,28.022568875360726,27.238829619462862,27.238829619462862,461802400
2015-07-23,27.9466495513916,28.377592563285585,27.924319450351526,28.17886692957112,203998000
2015-07-24,27.799270629882812,28.076146422616993,27.665298582014465,27.982366159463854,168649200
2015-07-27,27.412986755371094,27.600549012105486,27.26785134311559,27.484438638044374,177822000
2015-07-28,27.549196243286133,27.667539985288723,27.363869013173137,27.549196243286133,134472400
2015-07-29,27.46210479736328,27.575981798382127,27.301337667347717,27.497831583387594,148046800
2015-07-30,27.32366943359375,27.368326215311846,27.176298987539383,27.31250438639071,134513200
2015-07-31,27.08475112915039,27.3839553040279,26.99766921535488,27.37502360728644,171540000
2015-08-03,26.44615364074707,27.368329760709486,26.240727989009937,27.129412370118644,279904000
2015-08-04,25.597665786743164,26.28092464255406,25.287296456584127,26.21840444706124,496554400
2015-08-05,25.767356872558594,26.222863206316752,25.03050804074894,25.220301920594746,397250400
2015-08-06,25.823427200317383,26.1307160653794,25.59688746052577,26.01183840343258,211612000
2015-08-07,25.91091537475586,26.074653738281246,25.68213206910282,25.70007632753877,154681600
2015-08-10,26.85296058654785,26.913520302057684,26.137449318951404,26.137449318951404,219806400
2015-08-11,25.455583572387695,26.507541906594625,25.419696776558233,26.42455101739805,388331200
2015-08-12,25.84810447692871,25.88847819074605,24.589792392756152,25.240257021476328,404870000
2015-08-13,25.82792091369629,26.108293477433204,25.691098965692007,26.027546042176308,194143200
2015-08-14,26.009605407714844,26.088109394236614,25.572224831908866,25.641756689791208,171718000
2015-08-17,26.278762817382812,26.38866839301048,25.906427198152485,26.027548361832526,163538800
2015-08-18,26.130722045898438,26.34156275421477,26.02081648382766,26.115021251316897,138242800
2015-08-19,25.79651641845703,26.13520520520476,25.7224976592639,26.041000445099755,193146000
2015-08-20,25.26717758178711,25.648483611062783,25.038392595214948,25.58792388594571,274006400
2015-08-21,23.72176170349121,25.098951562027775,23.697088781656007,24.769233162283008,513102000
2015-08-24,23.129615783691406,24.40362879000235,20.635420824502845,21.27915685105936,648825200
2015-08-25,23.268678665161133,24.921755869739176,23.214847613615213,24.921755869739176,414406400
2015-08-26,24.60325813293457,24.648117066601113,23.56251512829146,24.02008172771778,387098400
2015-08-27,25.327735900878906,25.39951120986132,24.67727120064296,25.172971406945223,338464400
2015-08-28,25.410724639892578,25.415209847647688,25.018203077879622,25.159510224151333,212657600
2015-08-31,25.29184913635254,25.68885594036272,25.121382135566,25.12811080340812,224917200
2015-09-01,24.16138458251953,25.09446351743567,24.080637153090667,24.706428875535263,307383600
2015-09-02,25.197649002075195,25.197649002075195,24.47765227015218,24.724381561589574,247555200
2015-09-03,24.75577735900879,25.296334790713942,24.68175858892311,25.231288148328805,212935600
2015-09-04,24.50905418395996,24.773726027147735,24.338588849286264,24.441765776459967,199985200
2015-09-08,25.190906524658203,25.2469810217472,24.74455400698199,25.06530019878136,219374400
2015-09-09,24.7064266204834,25.5744588407277,24.6211922798336,25.516142589108206,340043200
2015-09-10,25.249229431152344,25.408480828757018,24.65035409552812,24.733343272285687,251571200
2015-09-11,25.617080688476562,25.617080688476562,25.067551137537496,25.07427980539464,199662000
2015-09-14,25.86380386352539,26.218195142058235,25.76287044010209,26.148663304200323,233453600
2015-09-15,26.081375122070312,26.137449630575368,25.66418064189204,26.002871152414873,173364800
2015-09-16,26.110530853271484,26.139688977053208,25.892961520704546,26.074642352071283,148694000
2015-09-17,25.55203628540039,26.128482269521882,25.50717735491766,25.94231616788589,256450400
2015-09-18,25.446611404418945,25.63726610331166,25.0922218094221,25.16848231997262,297141200
2015-09-21,25.84137535095215,25.877263856489446,25.493714437664757,25.49595618581724,200888000
2015-09-22,25.43539810180664,25.61035029936734,25.238014731218577,25.430911182697873,201384800
2015-09-23,25.64175796508789,25.7314775446858,25.412974662808935,25.48699173306296,143026800
2015-09-24,25.79427719116211,25.90642622242803,25.204373902756387,25.40175558173138,200878000
2015-09-25,25.729230880737305,26.173341803252995,25.57446466798422,26.11726728689416,224607600
2015-09-28,25.220069885253906,25.697824051210933,25.220069885253906,25.536329203209096,208436000
2015-09-29,24.46194076538086,25.46006795060603,24.19278383411679,25.307545233220914,293461600
2015-09-30,24.740070343017578,25.018199386771588,24.387922547788225,24.7109105075078,265892000
2015-10-01,24.57857894897461,24.587551075675574,24.069421454058606,24.46418647261006,255716400
2015-10-02,24.758020401000977,24.899329280594365,24.12325816216384,24.226435069223086,232079200
2015-10-05,24.847734451293945,24.980071173318276,24.464185041372186,24.645865890477733,208258800
2015-10-06,24.966615676879883,25.06306390790795,24.621196470669094,24.814092932725227,192787200
2015-10-07,24.847734451293945,25.069789012562733,24.540447258239688,25.063060345745207,187062400
2015-10-08,24.56063461303711,24.715400803406812,24.27128994512158,24.715400803406812,247918400
2015-10-09,25.148296356201172,25.184183152026744,24.55839142763354,24.67278390489033,211064400
2015-10-12,25.031661987304688,25.289605086536547,24.99577518923133,25.285119878499245,121868800
2015-10-13,25.074281692504883,25.222317530278357,24.825310695502758,24.856712288704962,132197200
2015-10-14,24.71988296508789,25.01371280450353,24.574088919353986,24.962125221575796,177849600
2015-10-15,25.089988708496094,25.143819780006776,24.782699657407257,24.88139138122593,150694000
2015-10-16,24.906047821044922,25.121373675772034,24.791655372476285,25.07202784653624,156930400
2015-10-19,25.06081771850586,25.065302925807504,24.697454321783546,24.85222049818976,119036800
2015-10-20,25.518386840820312,25.60810639760575,24.856708318136878,24.973342544077195,195871200
2015-10-21,25.516141891479492,25.9243641979451,25.50268284733232,25.56997293429419,167180800
2015-10-22,25.906429290771484,25.906429290771484,25.59241162378314,25.64400093722937,166616400
2015-10-23,26.709415435791016,26.743060489612784,26.092595723673156,26.175584917007193,237467600
2015-10-26,25.857074737548828,26.49632373414479,25.776327315741124,26.485109860218078,265335200
2015-10-27,25.69333839416504,26.13969096645082,25.567730341662678,25.883991365341736,279537600
2015-10-28,26.75202751159668,26.758757890513674,26.032030980725605,26.227170899119155,342205600
2015-10-29,27.03464126586914,27.070529772051515,26.527727239221168,26.624175460513595,204909200
2015-10-30,26.80362319946289,27.18941620885488,26.79240760985503,27.137826892420907,197461200
2015-11-02,27.18043327331543,27.220806984090192,26.828285461491465,27.09520064446117,128813200
2015-11-03,27.49220848083496,27.698562250318563,27.072770563752727,27.092958275581612,182076000
2015-11-04,27.364360809326172,27.77258317262153,27.279128170399268,27.617816977818606,179544400
2015-11-05,27.238218307495117,27.63692624256414,27.071527737980944,27.447708480518628,158210800
2015-11-06,27.269756317138672,27.4386999620281,27.170643880773742,27.28101991423142,132169200
2015-11-09,27.15937614440918,27.43869578018609,27.042242657981237,27.247226688875976,135485600
2015-11-10,26.303394317626953,26.59623061006111,26.143461231894975,26.332678978020382,236511600
2015-11-11,26.154726028442383,26.44981367862618,25.951993333491004,26.21329363333577,180872000
2015-11-12,26.066875457763672,26.31465909867427,26.051107454758,26.188515074628896,130102400
2015-11-13,25.305498123168945,26.033082657183602,25.289730122423524,25.949736528338832,183249600
2015-11-16,25.7199764251709,25.73349136463906,25.003655417441404,25.089252898378675,152426800
2015-11-17,25.609603881835938,25.91595515426298,25.526257733787073,25.88667049000019,110467600
2015-11-18,26.4205265045166,26.465577443476526,26.017314242067567,26.075881837582,186698800
2015-11-19,26.75616455078125,26.97466524569888,26.301143813878102,26.499370380292167,173183200
2015-11-20,26.873294830322266,27.01295376704762,26.771927643562183,26.85076764309796,137148400
2015-11-23,26.524152755737305,26.970164742966002,26.431796069841756,26.866544459761943,129930000
2015-11-24,26.7786865234375,26.884558122071645,26.38223344242789,26.42953744464211,171212800
2015-11-25,26.58721923828125,26.857530050130254,26.56244070423051,26.853023924711955,85553200
2015-11-27,26.53766441345215,26.672820690093285,26.490360404061132,26.645789091048368,52185600
2015-11-30,26.648042678833008,26.89807938952724,26.524149995666143,26.578211476237374,156721200
2015-12-01,26.431795120239258,26.762924933642704,26.323672151730133,26.74940999222496,139409600
2015-12-02,26.193017959594727,26.605240795250975,26.14796701607765,26.43179105368523,133546400
2015-12-03,25.94973373413086,26.307895024758317,25.72898174746501,26.253833559249966,166278000
2015-12-04,26.812475204467773,26.862032268531873,25.9294637385827,25.970010271127585,231108000
2015-12-07,26.643535614013672,26.999443928947482,26.537664000962682,26.80121736144958,128336800
2015-12-08,26.632272720336914,26.71561713872775,26.323668425837894,26.472337916140933,137238000
2015-12-09,26.044347763061523,26.51063206197819,25.922708156572398,26.499368467113474,185445600
2015-12-10,26.16824722290039,26.341697016152033,26.019577690125683,26.138964272746666,116850800
2015-12-11,25.49471664428711,25.992536933126495,25.420381044780573,25.947485992046726,187544800
2015-12-14,25.337038040161133,25.38208898374484,24.73109305303525,25.269459906202233,257274800
2015-12-15,24.888774871826172,25.409122416293304,24.85723886532313,25.215400251441203,213292400
2015-12-16,25.080251693725586,25.226669893892176,24.508097274721848,25.019432724915703,224954000
2015-12-17,24.54863929748535,25.28523285246727,24.54863929748535,25.2334227104903,179091200
2015-12-18,23.88412094116211,24.670271389359083,23.834563874077595,24.53286550142011,385813200
2015-12-21,24.176959991455078,24.185970524556982,23.78050512788861,24.16569639543183,190362400
2015-12-22,24.154438018798828,24.264814057773368,23.97873517572152,24.192731501094364,131157600
2015-12-23,24.46528434753418,24.519345814682012,24.147669576051687,24.16343757557743,130629600
2015-12-24,24.334638595581055,24.553139284369426,24.316617530435273,24.553139284369426,54281600
2015-12-28,24.062076568603516,24.2580517863807,23.917911483773185,24.23552459552697,106816800
2015-12-29,24.49457359313965,24.65000228462855,24.071088840671305,24.09361431456941,123724800
2015-12-30,24.17470359802246,24.485559213586477,24.143167595802193,24.458529336588093,100855200
2015-12-31,23.710678100585938,24.109384349789213,23.611563944781977,24.104879942063416,163649200
2016-01-04,23.730945587158203,23.735451712532264,22.97633113383233,23.113738741825244,270597600
2016-01-05,23.136266708374023,23.843577233061005,23.068690287724074,23.821051759511022,223164000
2016-01-06,22.68349838256836,23.059680854996756,22.49653539645649,22.65196237437679,273829600
2016-01-07,21.72614860534668,22.555098693762698,21.72164419837296,22.2284750527924,324377600
2016-01-08,21.841033935546875,22.325339388636742,21.795982984899094,22.199195351956075,283192000
2016-01-11,22.19468879699707,22.314075360632692,21.926631005645223,22.293802948807883,198957600
2016-01-12,22.51680564880371,22.6812448631054,22.26451588888082,22.64970885793796,196616800
2016-01-13,21.93789291381836,22.793874642374632,21.91762050355392,22.597899416901196,249758400
2016-01-14,22.41769027709961,22.633939612925026,21.56621474715147,22.066288113904072,252680400
2016-01-15,21.879322052001953,22.00997218287025,21.480615908897953,21.66983191753492,319335600
2016-01-19,21.773447036743164,22.221710138837405,21.512146836634987,22.167648680346424,212350800
2016-01-20,21.8027400970459,22.11810190214439,21.04361938917253,21.422053211574006,289337600
2016-01-21,21.69236183166504,22.04826842385823,21.386010591829923,21.863556798538532,208646000
2016-01-22,22.845680236816406,22.85469076868208,22.15864393824545,22.217209817497473,263202000
2016-01-25,22.399675369262695,22.870464169969765,22.347865228447493,22.868211106825548,207178000
2016-01-26,22.52356719970703,22.72404686256047,22.09107186311873,22.510052257496053,300308000
2016-01-27,21.043621063232422,21.76669969383574,21.02559999440265,21.63379817802954,533478800
2016-01-28,21.19454574584961,21.291406852167956,20.811607447521563,21.126969308924362,222715200
2016-01-29,21.9266300201416,21.9266300201416,21.25310855531319,21.35222270266927,257666000
2016-02-01,21.721647262573242,21.784719280602793,21.48963160257156,21.73065779637512,163774000
2016-02-02,21.282392501831055,21.63379469450947,21.237339837011106,21.494134011442785,149428800
2016-02-03,21.703622817993164,21.81399883237092,21.192287564028874,21.39952465347622,183857200
2016-02-04,21.878009796142578,22.043341274884668,21.558673279542926,21.710414757132185,185886800
2016-02-05,21.29369354248047,21.950487266896594,21.218956298789394,21.859894731130765,185672400
2016-02-08,21.517913818359375,21.674184195858096,21.071746935546646,21.0921293521255,216085600
2016-02-09,21.513381958007812,21.72853946722121,21.27331318376394,21.354846301037156,177324800
2016-02-10,21.35031509399414,21.821394929259718,21.311813825280545,21.724008249160672,169374400
2016-02-11,21.22121810913086,21.452229142675453,20.96982466387226,21.241602248753622,200298800
2016-02-12,21.286897659301758,21.402403176130246,21.0649477791782,21.332194787425067,161405600
2016-02-16,21.88707160949707,21.934632298950824,21.42731655020201,21.5201726406854,196231600
2016-02-17,22.222259521484375,22.24264192996997,21.776092815831376,21.893861874423507,179452800
2016-02-18,21.801008224487305,22.396651175658235,21.762505235441324,22.38532646219024,156084000
2016-02-19,21.751182556152344,21.914248756098978,21.696827732139703,21.74212313083212,141496800
2016-02-22,21.941423416137695,21.945953992362313,21.72400241088704,21.812329640272974,137123200
2016-02-23,21.445438385009766,21.855367523451385,21.41373125429655,21.832719819786092,127770400
2016-02-24,21.764772415161133,21.82818666911204,21.135156996778832,21.284634933584957,145022800
2016-02-25,21.91425323486328,21.91425323486328,21.572267202742797,21.753452290359903,110330800
2016-02-26,21.948225021362305,22.19961677451011,21.87348604528401,22.013902842621285,115964400
2016-02-29,21.89839744567871,22.24717758078485,21.889338019426862,21.9368987113174,140865200
2016-03-01,22.768077850341797,22.822432670918456,22.063723559374896,22.115814819696116,201628400
2016-03-02,22.817907333374023,22.84961446091474,22.566513873652035,22.763552504434063,132678400
2016-03-03,22.987762451171875,23.03532313165287,22.749957320858435,22.77940088109081,147822800
2016-03-04,23.329753875732422,23.49734894099103,22.958326040343685,23.18480651206408,184220400
2016-03-07,23.07156753540039,23.28898859276928,22.865469465490182,23.189336626842675,143315600
2016-03-08,22.881324768066406,23.046656294282354,22.73864267430595,22.82470464274588,126247600
2016-03-09,22.901708602905273,23.00588942474126,22.709198797083857,22.944738722590504,108806800
2016-03-10,22.913028717041016,23.155362750632587,22.68201939810401,22.96738527389231,134054400
2016-03-11,23.159894943237305,23.164423792669737,22.987769290352173,23.155364365895892,109632800
2016-03-14,23.21877670288086,23.30710567463495,23.05118164121407,23.08062520776838,100304400
2016-03-15,23.685321807861328,23.821209708941513,23.519990347476355,23.54490333093037,160270800
2016-03-16,24.000131607055664,24.077134124384102,23.68758750566512,23.692118081924775,153214000
2016-03-17,23.961631774902344,24.113373258371606,23.77138730256809,23.898215798851812,137682800
2016-03-18,23.98880386352539,24.120162911922126,23.823474137016007,24.0839252180575,176820800
2016-03-21,23.98654556274414,24.38062106642876,23.81215464662429,23.991074411516013,142010800
2016-03-22,24.169992446899414,24.299086226519456,23.828006504151766,23.837065928955983,129777600
2016-03-23,24.0363712310791,24.249263422019336,23.98428169153553,24.115640776494775,102814000
2016-03-24,23.932193756103516,24.063552859351564,23.755539244519138,23.886898347767186,104532000
2016-03-28,23.8234806060791,24.04996107050679,23.79403703984186,24.006929229334705,77645600
2016-03-29,24.387418746948242,24.412331738585134,23.753272696405663,23.7555379850751,124760400
2016-03-30,24.813194274902344,25.007967574434186,24.595773278940666,24.60709799110982,182404400
2016-03-31,24.684104919433594,24.890202967996302,24.659191930532415,24.849436415967897,103553600
2016-04-01,24.91058349609375,24.912848784343115,24.5051832948904,24.636542366815014,103496000
2016-04-04,25.1665096282959,25.40884365418212,24.973999852742512,25.007972267717157,149424800
2016-04-05,24.869821548461914,25.078184908237542,24.781494297389987,24.801878439588343,106314800
2016-04-06,25.130268096923828,25.134798673115025,24.731662059617005,24.9649383520245,105616400
2016-04-07,24.582185745239258,25.007968325801674,24.48706438063093,24.901522248683936,127207600
2016-04-08,24.609365463256836,24.860757162220555,24.498388803456823,24.665985573310813,94326800
2016-04-11,24.690895080566406,25.050999853477524,24.64786497495567,24.679572096104007,117630000
2016-04-12,25.012502670288086,25.026090945019725,24.609367726100686,24.76337278081606,108929200
2016-04-13,25.3748722076416,25.442815312275144,25.09403690709012,25.09403690709012,133029200
2016-04-14,25.38846206665039,25.4541416147626,25.21407285317995,25.27975240129216,101895600
2016-04-15,24.878877639770508,25.433755791346098,24.851701091028172,25.390723951959068,187756000
2016-04-18,24.342119216918945,24.675044022744533,24.21981956812419,24.66145574884801,243286000
2016-04-19,24.213029861450195,24.459892764585337,24.059023060112374,24.432714483910782,129539600
2016-04-20,24.26285171508789,24.48027275522926,24.02051768543887,24.15187677049579,122444000
2016-04-21,24.000131607055664,24.21755261398772,23.898214376116265,24.21755261398772,126210000
2016-04-22,23.9344539642334,24.115639014935994,23.694385240774857,23.78271247781748,134732400
2016-04-25,23.79856300354004,23.927656774123356,23.669469232956722,23.780444155199945,112126400
2016-04-26,23.63323402404785,23.848391482941093,23.533583803504545,23.533583803504545,224064800
2016-04-27,22.15432357788086,22.355891094992916,21.6696554212396,21.742129115842708,458408400
2016-04-28,21.477140426635742,22.167904728247734,21.345781357430408,22.106755770050007,328970800
2016-04-29,21.23027992248535,21.452231555372222,20.95170989694444,21.286900043048345,274126000
2016-05-02,21.207632064819336,21.30728402921264,20.926796752694237,21.282371038114313,192640400
2016-05-03,21.556413650512695,21.683242175177742,21.21669290695213,21.334462004439807,227325200
2016-05-04,21.33219337463379,21.719474722918175,21.24839498908705,21.560937376849367,164102000
2016-05-05,21.24561309814453,21.43473684522037,21.118012371649755,21.418786754408522,143562000
2016-05-06,21.127126693725586,21.293463104624514,20.9288883631719,21.275235671374006,174799600
2016-05-09,21.143075942993164,21.366377202684173,21.097503015606634,21.190926212926954,131745600
2016-05-10,21.286619186401367,21.32079843518479,20.988124006445666,21.2661126801886,134747200
2016-05-11,21.079275131225586,21.320805556693756,21.067881465015834,21.300299043631465,114876400
2016-05-12,20.58481788635254,21.14079539282424,20.386581315893334,21.12712438477307,305258800
2016-05-13,20.62583351135254,20.88787218667541,20.507347380286475,20.507347380286475,177571200
2016-05-16,21.391435623168945,21.507644380987752,20.88331023500105,21.051925670953594,245039200
2016-05-17,21.302579879760742,21.57828961064528,21.193208315299433,21.54411208326967,187667600
2016-05-18,21.5463809967041,21.694489931630287,21.39371563938697,21.455238641453214,168249600
2016-05-19,21.4643497467041,21.56460841546963,21.32079898423161,21.56460841546963,121768400
2016-05-20,21.6967716217041,21.744621885494894,21.53726900397226,21.564612756893798,128104000
2016-05-23,21.972482681274414,22.145656317313065,21.799309045235763,21.844881969682415,152074400
2016-05-24,22.307432174682617,22.350724271888282,22.065900065721316,22.15248773699063,140560800
2016-05-25,22.69935417175293,22.726696187300238,22.355285989205374,22.48288669757087,152675200
2016-05-26,22.87936019897461,22.9522751279102,22.476048140151935,22.713022093799868,225324800
2016-05-27,22.86568260192871,22.893026346387384,22.615037695557884,22.65833152301028,145364800
2016-05-31,22.75403594970703,22.877080213373,22.51706200543505,22.694792029031795,169228800
2016-06-01,22.43503189086914,22.681120411559874,22.40541080054539,22.56263257340704,116693200
2016-06-02,22.266416549682617,22.29375855981205,22.018048947623726,22.23907280112426,160766400
2016-06-03,22.31199073791504,22.39174117560807,22.2048965479719,22.28236964346596,114019600
2016-06-06,22.473772048950195,23.216594181455072,22.227685217578443,22.32794217168202,93170000
2016-06-07,22.564912796020508,22.75631556794565,22.54896270989583,22.61504213482064,89638000
2016-06-08,22.54440689086914,22.685678589346253,22.48516296720797,22.562634319478764,83392400
2016-06-09,22.706192016601562,22.783663386545104,22.435038744940268,22.444153330538825,106405600
2016-06-10,22.519338607788086,22.63782469767143,22.439588187825375,22.450980111575035,126851600
2016-06-13,22.17983627319336,22.585427522374886,22.12515049628161,22.48744789709202,152082000
2016-06-14,22.207176208496094,22.43959376261823,22.045396248257337,22.17527603258587,127727600
2016-06-15,22.13425636291504,22.423638701038083,22.10919169619796,22.28920078515296,117780800
2016-06-16,22.22768783569336,22.27325902579635,21.89045511827106,21.97704107483852,125307200
2016-06-17,21.721832275390625,22.02260654816734,21.714996773032112,22.015771045808826,244032800
2016-06-20,21.66942596435547,22.004379519882672,21.653475877826985,21.874499747171008,137647600
2016-06-21,21.854001998901367,21.954258980801672,21.573734093628605,21.632978040953613,142185600
2016-06-22,21.77195930480957,22.077289967345976,21.726386396531133,21.931460137712364,116876400
2016-06-23,21.897287368774414,21.940581209838957,21.703607231975436,21.860830769795754,128960800
2016-06-24,21.282068252563477,21.569171582580047,21.11117370300611,21.170417633612853,301245600
2016-06-27,20.972177505493164,21.202315965632827,20.849133231906485,21.190922301282,181958400
2016-06-28,21.32535743713379,21.341309261800948,20.994962048588413,21.16813565519468,161779600
2016-06-29,21.509923934936523,21.544103186627478,21.334471254189793,21.411944340584558,146124000
2016-06-30,21.783357620239258,21.822093299821137,21.48714145243588,21.51904162837733,143345600
2016-07-01,21.84943962097168,21.98159850165106,21.721838902207814,21.758295505384886,104106000
2016-07-05,21.64436149597168,21.737784673958213,21.52359630564104,21.735505593453183,110820800
2016-07-06,21.767410278320312,21.79703311573814,21.503094253113787,21.55550094658784,123796400
2016-07-07,21.860824584960938,21.988425252929453,21.787909669203398,21.806137094321244,100558400
2016-07-08,22.02944564819336,22.07729591094634,21.88589485993442,21.986151808280546,115648400
2016-07-11,22.09780502319336,22.25047040152665,22.040840174105185,22.045396597123375,95179600
2016-07-12,22.198055267333984,22.261855600883973,22.129698512142728,22.14109043546025,96670000
2016-07-13,22.072738647460938,22.255025107420934,22.06590140581734,22.19578292060921,103568800
2016-07-14,22.510225296020508,22.55579647044835,22.175271774846365,22.191221859739,155676000
2016-07-15,22.507946014404297,22.626433848342835,22.444145675404556,22.539846183904167,120548000
2016-07-18,22.74720573425293,22.815562515447628,22.466937889909502,22.489723483641068,145975600
2016-07-19,22.756322860717773,22.785943962033777,22.635555897438163,22.685685252303365,95119600
2016-07-20,22.77682113647461,22.890750815071478,22.726691799743357,22.785935719373832,105104000
2016-07-21,22.65605926513672,23.013798438655886,22.58770075262052,22.747203369015253,130808000
2016-07-22,22.480607986450195,22.62643785525426,22.400855810148364,22.61732327115036,113254800
2016-07-25,22.17983627319336,22.521625421143423,22.08413572899042,22.387189190729227,161531600
2016-07-26,22.02716827392578,22.323386195929274,21.970203422650442,22.061347532376846,224959200
2016-07-27,23.4581241607666,23.777127663368365,23.412552976864593,23.75889849443587,369379200
2016-07-28,23.774843215942383,23.799907882959403,23.42849777655176,23.430776856761174,159479200
2016-07-29,23.745227813720703,23.822700913535343,23.62446261013216,23.74067139063949,110934800
2016-08-01,24.164491653442383,24.18727724725398,23.790802351958167,23.790802351958167,152671600
2016-08-02,23.80674934387207,24.169044932095982,23.697376074006293,24.164488509298266,135266400
2016-08-03,24.10524559020996,24.116637516895125,23.872828033938575,23.88194261834424,120810400
2016-08-04,24.254159927368164,24.28394149053734,24.1189936837763,24.18772251920903,109634800
2016-08-05,24.62299156188965,24.66193707127502,24.325169053757037,24.345786647721216,162213600
2016-08-08,24.82689094543457,24.82689094543457,24.54968771065634,24.63215985472597,112148800
2016-08-09,24.927688598632812,24.957471902628445,24.74441466042447,24.79481556148187,105260800
2016-08-10,24.74211883544922,24.948303508647196,24.687136838545147,24.904775147681466,96034000
2016-08-11,24.726085662841797,24.955179386486087,24.70775774546712,24.861250120825655,109938000
2016-08-12,24.783361434936523,24.842926298107884,24.691723587252874,24.691723587252874,74641600
2016-08-15,25.08118438720703,25.094929452823862,24.760452789323715,24.77419785494055,103472800
2016-08-16,25.058273315429688,25.2530043978627,25.019327798081715,25.115546751946088,135177600
2016-08-17,25.021615982055664,25.05598038908108,24.820012393024626,24.994124106866064,101424000
2016-08-18,24.989545822143555,25.108673799051683,24.975799009073988,25.023910233047655,87938800
2016-08-19,25.053691864013672,25.12929321865578,24.8245981211078,24.918525646819003,101472400
2016-08-22,24.858963012695312,24.99412748465648,24.70776030048799,24.939145474693174,103280800
2016-08-23,24.936853408813477,25.044527746957115,24.86354348145878,24.877288546635743,85030800
2016-08-24,24.748991012573242,24.91393874877222,24.668808570767112,24.872701814722475,94700400
2016-08-25,24.643613815307617,24.71463231618468,24.439720524273138,24.60237687173623,100344800
2016-08-26,24.499284744262695,24.73066815971261,24.354954571624482,24.606959080089144,111065200
2016-08-29,24.471792221069336,24.613830963198097,24.35037282356486,24.42597417410984,99881200
2016-08-30,24.283939361572266,24.398486245353265,24.169392477791263,24.23812130719856,99455600
2016-08-31,24.306846618652344,24.414520961220756,24.201463702989773,24.206046556801446,118649600
2016-09-01,24.451171875,24.467208364417324,24.196877722920807,24.31600568032861,106806000
2016-09-02,24.680273056030273,24.742127605992668,24.471796882605915,24.673398774615084,107210000
2016-09-06,24.673391342163086,24.810848963511415,24.62986472672596,24.719211131894617,107521600
2016-09-07,24.82459831237793,24.916236159815647,24.529067172010745,24.70317890735775,169457200
2016-09-08,24.173969268798828,24.574883290465237,24.109823304987632,24.570302184984335,212008000
2016-09-09,23.62643814086914,24.21979187060213,23.62643814086914,23.972370197635943,186228000
2016-09-12,24.1556453704834,24.219791340326505,23.488981724228417,23.51647360323829,181171200
2016-09-13,24.730667114257812,24.92310675369148,24.568010777936287,24.629867062979635,248704800
2016-09-14,25.60580825805664,25.894466879100452,24.87958147331745,24.909364780125077,443554800
2016-09-15,26.47636604309082,26.513021884030763,25.999850597951735,26.08461591924033,359934400
2016-09-16,26.327455520629883,26.604658771448115,26.12585363308392,26.373275323149475,319547600
2016-09-19,26.02046775817871,26.616111140609824,25.9448664034801,26.389308824360544,188092000
2016-09-20,26.018177032470703,26.144179293697142,25.775338217576035,25.89904905191292,138057200
2016-09-21,26.013595581054688,26.11439564085053,25.759301382936105,26.082322656209136,144012800
2016-09-22,26.258716583251953,26.332026486338364,26.11667788133942,26.196860314739254,124296000
2016-09-23,25.82115364074707,26.297669010181558,25.555405827538955,26.212903702359732,209924800
2016-09-26,25.86009979248047,25.97693808498759,25.55540645783113,25.57602405470779,119477600
2016-09-27,25.9082088470459,25.928828191435294,25.73638855113548,25.887591250502936,98429600
2016-09-28,26.105236053466797,26.263311324136268,25.986108054539123,26.045672927926393,118564400
2016-09-29,25.699735641479492,26.07086812688124,25.612680650119508,25.924248274145206,143548000
2016-09-30,25.8990535736084,25.972363516253836,25.612686337048586,25.76388732907178,145516400
2016-10-03,25.777626037597656,25.899047184134982,25.722644031139744,25.821154406127008,86807200
2016-10-04,25.887592315673828,26.187704552234916,25.802827003645554,25.90133738060136,118947200
2016-10-05,25.8990535736084,26.038800924877343,25.81657966965142,25.979236050275766,85812400
2016-10-06,26.09148597717285,26.1945774613045,25.91737424491938,26.04795760714785,115117200
2016-10-07,26.130430221557617,26.244977086281747,26.00442971906894,26.18770365391968,97433600
2016-10-10,26.586320877075195,26.746685745576233,26.281625879077243,26.350352930786556,144944000
2016-10-11,26.643604278564453,27.19113821057531,26.620693504896412,26.96433413575745,256164000
2016-10-12,26.88186264038086,27.02848426396819,26.74669815249531,26.884154067521216,150347200
2016-10-13,26.799381256103516,26.904764146242666,26.51072271051164,26.7558528946681,140769600
2016-10-14,26.94829750061035,27.072008336808725,26.83375062426148,27.005570938784786,142608800
2016-10-17,26.929969787597656,26.996405433972964,26.753566629321565,26.87956888523306,94499600
2016-10-18,26.911638259887695,27.081167115049958,26.9070554069165,27.07429458343945,98214000
2016-10-19,26.83145523071289,26.978075061385127,26.070864203658324,26.861236782996038,80138400
2016-10-20,26.81770896911621,26.891018885953567,26.650471540633934,26.771890926535217,96503200
2016-10-21,26.71232795715332,26.783348200363697,26.63901803514478,26.76043742961082,92770800
2016-10-24,26.952884674072266,26.97350227615297,26.803973361384084,26.826882390756058,94154800
2016-10-25,27.090335845947266,27.115536298189827,26.874987162364132,27.021607022040897,192516000
2016-10-26,26.480947494506836,26.506147948519903,25.95861398923006,26.187707754551223,264536800
2016-10-27,26.226648330688477,26.542797016934276,26.139591603459056,26.435122695053426,138248000
2016-10-28,26.05254364013672,26.393892865891907,25.990687343831727,26.086908054989856,151446800
2016-10-31,26.01130485534668,26.16938010380211,25.9334120706561,26.03650530793658,105677600
2016-11-01,25.541662216186523,26.063995697126007,25.32173242146709,25.99297719249639,175303200
2016-11-02,25.564573287963867,25.738685044826394,25.482101137709808,25.52104665963332,113326800
2016-11-03,25.290550231933594,25.665889635814263,25.226074923961,25.555361038381356,107730400
2016-11-04,25.062580108642578,25.387261576155574,24.89448403168557,24.99119698748168,123348000
2016-11-07,25.424108505249023,25.447135151133345,25.2053509772968,25.348118992692342,130240000
2016-11-08,25.573787689208984,25.72576674467385,25.26062032354273,25.401085175355718,97016800
2016-11-09,25.532333374023438,25.63365272194597,24.880670700924725,25.30206340643254,236705600
2016-11-10,24.8208065032959,25.580696540818312,24.36947745970068,25.580696540818312,228538000
2016-11-11,24.968170166015625,25.069489503833324,24.53526330257498,24.6665171007387,136575600
2016-11-14,24.341833114624023,24.82539959689381,23.96649377621111,24.802372956180022,204702000
2016-11-15,24.66421127319336,24.79546505732826,24.445455551908545,24.539865305567652,129058000
2016-11-16,25.327392578125,25.382658633805825,24.54677754904232,24.56980419383247,235362000
2016-11-17,25.318180084228516,25.41028841480842,25.06027886678912,25.28594243204859,110528000
2016-11-18,25.34351348876953,25.454043852398016,25.251406902036415,25.265222538682277,113715600
2016-11-21,25.728065490722656,25.787934420268233,25.332000846304773,25.357330684505023,117058400
2016-11-22,25.74418067932129,25.88694692155281,25.652072349507886,25.77871976578358,103862000
2016-11-23,25.612930297851562,25.67740561027784,25.405686967323877,25.642864762386477,109705600
2016-11-25,25.74187469482422,25.76029671015207,25.548447047521943,25.589895703599566,45903600
2016-11-28,25.691213607788086,25.898456876694922,25.649764954006717,25.65897596116035,108776000
2016-11-29,25.6658878326416,25.797141630884603,25.345812749964455,25.509304199928877,114115200
2016-11-30,25.44943618774414,25.836289805737298,25.39186869552385,25.69812817577269,144649200
2016-12-01,25.212255477905273,25.54614794816539,25.106331515318686,25.414894151392858,148347600
2016-12-02,25.306665420532227,25.350415512183364,25.064881293576455,25.138567600211147,106112000
2016-12-05,25.124753952026367,25.336601880738346,24.926721657893783,25.32969406344865,137298000
2016-12-06,25.318180084228516,25.412591606198497,25.143176188629006,25.214559310338796,104782000
2016-12-07,25.566871643066406,25.60371567744042,25.136267971446728,25.159294614520356,119994800
2016-12-08,25.817869186401367,25.889252313584898,25.467857854722514,25.527728537713447,108273200
2016-12-09,26.239267349243164,26.411969859457983,25.86162466745242,25.86162466745242,137610400
2016-12-12,26.08959197998047,26.481050281412198,25.903072083360275,26.087288788046205,105497600
2016-12-13,26.524799346923828,26.69289544716425,26.19321001618473,26.213933470945666,174935200
2016-12-14,26.524799346923828,26.757370759958963,26.476442862327794,26.490258498835086,136127200
2016-12-15,26.66986083984375,26.879407300698123,26.53400243655398,26.568541517512404,186098000
2016-12-16,26.704408645629883,26.826451448381032,26.630722325658223,26.819543630386885,177404400
2016-12-19,26.858688354492188,27.02908763527047,26.653748227886037,26.66526242876879,111117600
2016-12-20,26.93006706237793,27.05671622402695,26.86789495554484,26.88171058888106,85700000
2016-12-21,26.95540428161621,27.03369699122384,26.890928965951453,26.895535349539273,95132800
2016-12-22,26.778087615966797,26.828747276446872,26.628411825499303,26.791903248163194,104343600
2016-12-23,26.8310546875,26.8310546875,26.61690355665161,26.61690355665161,56998000
2016-12-27,27.00145721435547,27.125803209159262,26.824148353371736,26.831056171390763,73187600
2016-12-28,26.886316299438477,27.17645513317043,26.757363949848656,27.0613201733917,83623600
2016-12-29,26.879409790039062,26.96691173127073,26.803420291253055,26.81493273369872,60158000
2016-12-30,26.66986083984375,26.987632682401166,26.58005571571187,26.860985286306974,122345200
2017-01-03,26.745859146118164,26.78730781374833,26.425784007070973,26.66526500262077,115127600
2017-01-04,26.715919494628906,26.82875303786345,26.653747379573833,26.67677402378607,84472400
2017-01-05,26.851783752441406,26.90935125010862,26.667567057178076,26.6928968966973,88774400
2017-01-06,27.151126861572266,27.20869434104453,26.819537617629607,26.8909207299928,127007600
2017-01-09,27.399822235107422,27.50114158038002,27.158039829552894,27.1603412642579,134247600
2017-01-10,27.427453994750977,27.489626108498722,27.24093589668743,27.349161297891264,97848400
2017-01-11,27.574825286865234,27.616273946295752,27.310014504771377,27.342252155792867,110354400
2017-01-12,27.459692001342773,27.471206201765387,27.220211038479082,27.379097868845456,108344800
2017-01-13,27.411338806152344,27.54489581704745,27.358375937410994,27.427457634583096,104447600
2017-01-17,27.63239288330078,27.687657177157718,27.222512669956387,27.250143938474743,137759200
2017-01-18,27.630096435546875,27.747534625873215,27.56562111750752,27.63239962742561,94852000
2017-01-19,27.58173942565918,27.653122561164782,27.487329642263447,27.494237460948423,102389200
2017-01-20,27.63239288330078,27.736013653885067,27.570220772314254,27.736013653885067,130391600
2017-01-23,27.650819778442383,27.818915880985873,27.57943488959548,27.63239775829992,88200800
2017-01-24,27.62548828125,27.65542274456876,27.51726111543693,27.52877531653976,92844000
2017-01-25,28.0653018951416,28.115961567076894,27.69687031309449,27.72910796672234,129510400
2017-01-26,28.07912254333496,28.194257535877,28.00082983485968,28.016948663542745,105350400
2017-01-27,28.081424713134766,28.173533060942884,28.000830567610393,28.12517657362826,82251600
2017-01-30,28.007736206054688,28.007736206054688,27.784375807794287,27.84654792755327,121510000
2017-01-31,27.943262100219727,27.952473110362984,27.775165996361807,27.897208806323995,196804000
2017-02-01,29.647258758544922,30.047929772891518,29.24658950101878,29.25119412743658,447940000
2017-02-02,29.596603393554688,29.794635737945327,29.423900890201505,29.469955945188115,134841600
2017-02-03,29.723243713378906,29.74857354684435,29.51139579423172,29.545934879120793,98029200
2017-02-06,30.001867294311523,30.050225525066214,29.681792235777884,29.734756848899746,107383600
2017-02-07,30.287410736083984,30.416361365033605,30.03871873154924,30.05944218685019,152735200
2017-02-08,30.404844284057617,30.446294704375685,30.216024742015342,30.24596096148724,92016400
2017-02-09,30.624547958374023,30.6314857250858,30.323898461658306,30.446470378731956,113399600
2017-02-10,30.555173873901367,30.744815618492357,30.53898692409789,30.633807796393384,80262000
2017-02-13,30.82575035095215,30.948325797298406,30.70086702086009,30.777185983811883,92141600
2017-02-14,31.225839614868164,31.242026557100893,30.816493830683726,30.867373127198103,132904800
2017-02-15,31.33917236328125,31.514938565098177,31.133343676054785,31.34148730522616,142492400
2017-02-16,31.302162170410156,31.42935689749489,31.184213092669612,31.37616618277543,90338400
2017-02-17,31.387739181518555,31.41317883990692,31.24435394089768,31.24435394089768,88792800
2017-02-21,31.614364624023438,31.62592874067213,31.447851225126517,31.505668279497034,98028800
2017-02-22,31.709192276000977,31.71150368827983,31.477924008662008,31.551928019196147,83347600
2017-02-23,31.57505989074707,31.794764064225188,31.521869171223212,31.771639352154608,83152800
2017-02-24,31.605127334594727,31.605127334594727,31.28597594519853,31.43167610624884,87106400
2017-02-27,31.66756820678711,31.785517304157608,31.51724521582886,31.7161361049175,81029600
2017-02-28,31.681461334228516,31.785531414851786,31.614391517934532,31.70227464457798,93931600
2017-03-01,32.32900619506836,32.412262955360646,31.82253139290543,31.889597672282996,145658400
2017-03-02,32.13705062866211,32.44232300766749,32.09079413677125,32.37756815367014,104844000
2017-03-03,32.32667541503906,32.33823953321085,32.0514656353682,32.09540716709695,84432400
2017-03-06,32.22492218017578,32.32436937834266,32.05378590671845,32.23185994645789,87000000
2017-03-07,32.266563415527344,32.37294488772751,32.09773496754085,32.160178414451956,69785200
2017-03-08,32.14628982543945,32.33130514891458,32.104663230316284,32.134725706058425,74828800
2017-03-09,32.072296142578125,32.097735804659074,31.695331095765436,32.08617520915662,88623600
2017-03-10,32.178680419921875,32.229559742935045,32.06304623650561,32.204120081428464,78451200
2017-03-13,32.192543029785156,32.245733744711835,32.10466348531365,32.111601251222616,69686800
2017-03-14,32.14398193359375,32.296616327969346,32.109289571651075,32.215674541184775,61236400
2017-03-15,32.483943939208984,32.55101018724552,32.153228466057726,32.24111154109597,102767200
2017-03-16,32.537132263183594,32.613451212915585,32.43768507576059,32.54407002871617,76928000
2017-03-17,32.3752555847168,32.60883533337657,32.352127339597125,32.60883533337657,175540000
2017-03-20,32.71520233154297,32.724451507180184,32.43073989426104,32.47005506624662,86168000
2017-03-21,32.34056854248047,33.02512448157474,32.31512888020964,32.86554873904641,158119600
2017-03-22,32.70596694946289,32.747597084061425,32.322060673038834,32.342877504775444,103440800
2017-03-23,32.590328216552734,32.742966140564654,32.51863560860373,32.66895859115008,81385200
2017-03-24,32.52557373046875,32.77997027326692,32.458507475844264,32.7244646105998,89582400
2017-03-27,32.58108901977539,32.659719418464164,32.058420246299406,32.236497878874204,94300400
2017-03-28,33.256385803222656,33.31188794268025,32.5209506955383,32.58802048588234,133499200
2017-03-29,33.33038330078125,33.41595496380093,33.11530549478005,33.228624693216595,116760000
2017-03-30,33.28644561767578,33.418270246070115,33.18700193986894,33.34657763576764,84829200
2017-03-31,33.22401428222656,33.365088126538545,33.07368772711122,33.23788981955639,78646800
2017-04-03,33.23326110839844,33.33039339169721,33.082938092814025,33.23557605037279,79942800
2017-04-04,33.480709075927734,33.50846013961856,33.11067842530555,33.12918031072404,79565600
2017-04-05,33.307273864746094,33.64030090445569,33.25870595109031,33.353526836066756,110871600
2017-04-06,33.22401428222656,33.42290521799632,33.17544637269694,33.36971095306502,84596000
2017-04-07,33.150001525878906,33.344266075859544,33.13381457781785,33.240196033289536,66688800
2017-04-10,33.110694885253906,33.27489699442483,33.048251432033915,33.21014212770616,75733600
2017-04-11,32.75453186035156,33.152313635689204,32.391438919949145,33.05749278170043,121517600
2017-04-12,32.79384994506836,32.87479174335535,32.61114598794621,32.74759698477941,81400000
2017-04-13,32.62039566040039,32.92798293455409,32.62039566040039,32.81928654711352,71291600
2017-04-17,32.800785064697266,32.81234918605461,32.57876593280913,32.71983974407023,66328400
2017-04-18,32.655094146728516,32.84935873659802,32.63428083971579,32.70366205863358,58790000
2017-04-19,32.534828186035156,32.84010408690004,32.48163745623287,32.81235301550316,69313600
2017-04-20,32.941864013671875,33.05287183249187,32.64584081090193,32.659716347145064,93278400
2017-04-21,32.902549743652344,32.9973670869395,32.805417458342916,32.94186494040556,69283600
2017-04-24,33.219383239746094,33.29107585841825,33.11299825376905,33.18700581425303,68537200
2017-04-25,33.425209045410156,33.51077719210791,33.27257111167275,33.28182382037621,75486000
2017-04-26,33.2286376953125,33.44140770104317,33.15926000743867,33.411341683714326,80164800
2017-04-27,33.25407791137695,33.33964960930629,33.14307008005347,33.284143929206884,56985200
2017-04-28,33.2216911315918,33.3720176495641,33.13381157392462,33.32344975203475,83441600
2017-05-01,33.89931106567383,34.042696296088565,33.52465751323557,33.55703493716388,134411600
2017-05-02,34.11438751220703,34.24852355694448,33.95943816627095,34.12132527927324,181408800
2017-05-03,34.01032638549805,34.109773620952154,33.36508917721564,33.670361594710705,182788000
2017-05-04,33.88772964477539,34.028803390349346,33.721216255610315,33.885418233129926,93487600
2017-05-05,34.449729919433594,34.45435274496605,33.94093680090705,33.94093680090705,109310800
2017-05-08,35.38636779785156,35.54594351871682,34.46592078324636,34.46592078324636,195009600
2017-05-09,35.61301040649414,35.81883907325609,35.488123535633214,35.58525580803918,156521600
2017-05-10,35.444190979003906,35.601455313885985,35.178233751073414,35.52976268003735,103222800
2017-05-11,35.75071334838867,35.7785825048383,35.36986794901809,35.40237901200923,109020400
2017-05-12,36.25000762939453,36.32431713842479,35.91792693425418,35.924893339993226,130108000
2017-05-15,36.15711212158203,36.37772321243627,36.00616862348201,36.229100668166375,104038800
2017-05-16,36.10370635986328,36.24071706526849,35.92953912787453,36.212851442051544,80194000
2017-05-17,34.89150619506836,35.894711268717074,34.76610733258318,35.66945467236841,203070800
2017-05-18,35.42327880859375,35.60905783309512,35.09584721998728,35.128358283517,134272800
2017-05-19,35.54403305053711,35.75767767254821,35.444178914098835,35.61834607216179,107843200
2017-05-22,35.76000213623047,35.89701278335505,35.50920100363772,35.76232308936414,91865600
2017-05-23,35.71588897705078,35.97133208567546,35.60209846050506,35.97133208567546,79675600
2017-05-24,35.60906219482422,35.80180764630263,35.45347326148539,35.725173656429966,76712000
2017-05-25,35.73213577270508,35.843605313747204,35.537069391041626,35.69962470909451,76942400
2017-05-26,35.67174530029297,35.81804680168177,35.60207774994407,35.76231205271489,87710400
2017-05-30,35.685699462890625,35.86218762510547,35.60674451217143,35.627643726754584,80507600
2017-05-31,35.47437286376953,35.801808039519756,35.38613056151959,35.755364163055475,97804800
2017-06-01,35.571903228759766,35.6067387909086,35.34897122214482,35.569582275325985,65616400
2017-06-02,36.09906005859375,36.09906005859375,35.504569821014016,35.6648042376232,111082800
2017-06-05,35.746070861816406,35.866827767268795,35.63692935400107,35.84128310541234,101326800
2017-06-06,35.866825103759766,36.18264837987697,35.71123619071204,35.73910180396234,106499600
2017-06-07,36.08045959472656,36.22211566131747,35.87378141987484,35.999183731120105,84278400
2017-06-08,35.99222183227539,36.11994156869703,35.855207653820855,36.05259849937361,85003200
2017-06-09,34.5965690612793,36.03867492991036,33.90919121369438,36.03867492991036,259530800
2017-06-12,33.76986312866211,33.92545208992348,33.09409345041489,33.844176178277756,289229200
2017-06-13,34.04155349731445,34.241265329747584,33.707151959897104,34.173922248975565,136661600
2017-06-14,33.70947265625,34.252873321570036,33.4029367670296,34.252873321570036,126124800
2017-06-15,33.507450103759766,33.55157303411702,33.02442945416785,33.28219708738648,128661600
2017-06-16,33.038352966308594,33.55620904100653,33.02209566246163,33.389008269576124,201444400
2017-06-19,33.983489990234375,34.07638125348718,33.3611344719178,33.3611344719178,130165600
2017-06-20,33.674652099609375,34.10658697190328,33.658398334059676,34.10658697190328,99600400
2017-06-21,33.87434768676758,33.920795093838045,33.581748156797836,33.79307181127359,85063200
2017-06-22,33.81863021850586,34.06710693885357,33.700194243135414,33.85114129061045,76425200
2017-06-23,33.96956253051758,34.17391979838276,33.69786218670951,33.70250763646279,141757600
2017-06-26,33.862735748291016,34.43400194224442,33.760557133193196,34.17623445177102,102769600
2017-06-27,33.37739181518555,33.94169522684023,33.35184715797583,33.67463680265872,99047600
2017-06-28,33.86505889892578,33.9300810139464,33.2450243099109,33.5538811279786,88329600
2017-06-29,33.36579132080078,33.70251742867017,33.040680612409396,33.60498421615276,125997600
2017-06-30,33.44474411010742,33.663034209976,33.389009336702564,33.544598259420724,92096400
2017-07-03,33.3239860534668,33.741987980943975,33.23109831111197,33.64445478843934,57111200
2017-07-05,33.460994720458984,33.62355003161704,33.142850501232495,33.36810698363725,86278400
2017-07-06,33.145179748535156,33.32399240727423,33.07087024917093,33.212526386507434,96515200
2017-07-07,33.481903076171875,33.61427185791482,33.18465798501413,33.18465798501413,76806800
2017-07-10,33.686256408691406,33.89293466698357,33.2937991046057,33.46564534206682,84362400
2017-07-11,33.7953987121582,33.86971174179813,33.528343791700344,33.609619681498685,79127200
2017-07-12,33.84416961669922,33.94634472494956,33.63052495563669,33.874356186742034,99538000
2017-07-13,34.315574645996094,34.48277539662131,33.77449493125614,33.78842773656827,100797600
2017-07-14,34.61050033569336,34.677846962729916,34.21340115093702,34.36202366897313,80528400
2017-07-17,34.73125457763672,35.04243239726825,34.50135618621704,34.55941190824262,95174000
2017-07-18,34.85200500488281,34.863616855821384,34.52456994298791,34.64764776737007,71475200
2017-07-19,35.070289611816406,35.16317731805271,34.82180950530406,34.944887310614654,83692000
2017-07-20,34.912391662597656,35.23750586474434,34.877559643250706,35.1817710903488,68974800
2017-07-21,34.896141052246094,34.93561852555064,34.57335131787063,34.83111891463383,105010400
2017-07-24,35.318782806396484,35.400062245206634,34.81021404818792,34.96812747527722,85972800
2017-07-25,35.469722747802734,35.725165780959614,35.25143268115461,35.25143268115461,75415600
2017-07-26,35.63691711425781,35.746058584587765,35.544025856029194,35.61137246117484,63124000
2017-07-27,34.96347427368164,35.76000054974113,34.20642900322231,35.704265786046555,129905200
2017-07-28,34.71733474731445,34.88685652682671,34.64534619204657,34.80790156578718,68854800
2017-07-31,34.538516998291016,34.91007512100406,34.39918535985428,34.810217413855575,79383600
2017-08-01,34.845054626464844,34.884532103058135,34.464209127248445,34.62444353094187,141474400
2017-08-02,36.491512298583984,37.0976143078871,36.26393481173815,36.98846924366249,279747200
2017-08-03,36.126922607421875,36.50776806757906,35.99919928834219,36.47061154867575,108389200
2017-08-04,36.31734085083008,36.55188471492229,36.154785522081,36.243031362019245,82239600
2017-08-07,36.879310607910156,36.904855263401494,36.382353845710945,36.47292061637306,87481200
2017-08-08,37.17424774169922,37.580637876655814,36.753924797637495,36.83055879115649,144823600
2017-08-09,37.401817321777344,37.45058568678089,36.94898340434453,36.983815419747046,104526000
2017-08-10,36.21051025390625,37.30157975418536,36.04964662203939,37.27826484389665,163217200
2017-08-11,36.71407699584961,36.96819669849492,36.38535954469906,36.508920736715325,105028400
2017-08-14,37.266605377197266,37.35053406139659,37.0101556317673,37.14304419731428,88490800
2017-08-15,37.67458724975586,37.81446600331374,37.33420885712396,37.45543995609141,117862000
2017-08-16,37.52304458618164,37.88673429761588,37.33653603849995,37.75384931414014,110686400
2017-08-17,36.802669525146484,37.46710530600799,36.79800583183834,37.422809112969794,111762400
2017-08-18,36.7187385559082,37.185008251856246,36.5368936590769,36.80266724347307,109712400
2017-08-21,36.65113067626953,36.809660663895095,36.16154607710975,36.71873821632033,105474000
2017-08-22,37.25028991699219,37.30157987390728,36.83997381902732,36.888930150492534,86418400
2017-08-23,37.296905517578125,37.41114285393085,37.04045936367374,37.084755546287134,77596400
2017-08-24,37.13138198852539,37.47409044200262,36.963524641624105,37.40181566310647,79275600
2017-08-25,37.2689323425293,37.43212600451109,37.13138365295572,37.21997246525724,101920400
2017-08-28,37.64427947998047,37.767840649368395,37.28524986687383,37.334209744062925,103864000
2017-08-29,37.97998809814453,38.028944410128425,37.301565030389256,37.32487993147503,118067600
2017-08-30,38.08256149291992,38.20845268824614,37.91004050335436,38.18747141525075,109078400
2017-08-31,38.23411178588867,38.355342892488736,38.1128806792886,38.15018310552788,107140400
2017-09-01,38.24576187133789,38.453251685961,38.14784568933811,38.42061295862774,66364400
2017-09-05,37.7864875793457,38.29238965197478,37.432121698835864,38.175822255773944,117874000
2017-09-06,37.746864318847656,37.99865038307383,37.42280702048679,37.93337290983247,86606800
2017-09-07,37.5953254699707,37.8238001893692,37.38550552322698,37.78882782667486,87714000
2017-09-08,36.982177734375,37.56967492105878,36.958862829370304,37.502067388313236,114446000
2017-09-11,37.65127182006836,37.7794966770566,37.27592463362364,37.41813701003698,126323200
2017-09-12,37.5020637512207,38.224783048013585,37.01481287713145,37.910049647749496,286856000
2017-09-13,37.219970703125,37.29224548183914,36.8143184135975,37.27126064551317,179629600
2017-09-14,36.900577545166016,37.16168739474096,36.85628136196564,37.066104825964,95042800
2017-09-15,37.27359390258789,37.52770998723289,36.8352993291783,36.944872972530696,196458400
2017-09-18,36.99149703979492,37.41813413626858,36.835297155952865,37.32721170963351,113077600
2017-09-19,37.0054817199707,37.24794387730473,36.937874200675346,37.18732655929405,83242400
2017-09-20,36.38536071777344,36.89592309278053,35.86313733048767,36.81199439763381,211805600
2017-09-21,35.76054763793945,36.322403372403244,35.61134150486139,36.322403372403244,150046800
2017-09-22,35.41084289550781,35.49943525352264,35.10077319981049,35.3292442965621,186581600
2017-09-25,35.098445892333984,35.39685816059518,34.774388653018086,34.96789096963907,177549200
2017-09-26,35.702266693115234,35.88411157067662,35.364221910846254,35.385203191175236,146640000
2017-09-27,35.95638656616211,36.070623922187686,35.795522952065745,35.85614028917769,102016800
2017-09-28,35.73489761352539,35.9680323858252,35.59967901870899,35.87710996692245,88022000
2017-09-29,35.93074035644531,35.93307398154975,35.43649563463179,35.71859035590698,105199200
2017-10-02,35.858463287353516,36.007669418176675,35.604347207215675,35.9633732366682,74795200
2017-10-03,36.01466751098633,36.156879899456726,35.88178250782671,35.90509385639331,64921200
2017-10-04,35.781532287597656,35.87012466029969,35.543737325116126,35.81650464609564,80655200
2017-10-05,36.22682189941406,36.23847935264511,35.9144220740115,35.9447271835859,85135200
2017-10-06,36.20583724975586,36.25013343349978,36.03331620710981,36.12890233441458,69630400
2017-10-09,36.33173370361328,36.539223575154196,36.25013864157454,36.324739942791545,65051600
2017-10-10,36.345706939697266,36.83529134892203,36.159201981282166,36.383009354321906,62468000
2017-10-11,36.49726104736328,36.59750732414715,36.31075245809779,36.362042409079685,67622400
2017-10-12,36.36903762817383,36.68843124334951,36.306090220834726,36.45063625092287,64500400
2017-10-13,36.5998420715332,36.66744961407022,36.464623429103604,36.53922473268391,65576800
2017-10-16,37.27359390258789,37.30156894094005,36.75370072417806,36.81198442564828,96486000
2017-10-17,37.4111442565918,37.50439676017066,37.12205580372936,37.25028066416653,75989200
2017-10-18,37.24562072753906,37.467101671243675,37.20832185675938,37.39949057557953,65496800
2017-10-19,36.36436462402344,36.620814323552636,36.140557211120395,36.54387941369388,170336800
2017-10-20,36.42731857299805,36.77702083129883,36.359711034962906,36.511247257284445,95896400
2017-10-23,36.40866470336914,36.763030628659415,36.25246479960394,36.576522059698476,87937200
2017-10-24,36.62548828125,36.70008958734267,36.415664770818275,36.43664605465474,71028800
2017-10-25,36.46461486816406,36.730388397479196,36.19884133884892,36.581182267992716,84828400
2017-10-26,36.697750091552734,36.79566628165683,36.55087402771921,36.6557839773054,68002000
2017-10-27,38.01263427734375,38.14085914374413,36.99849635632413,37.13604505057401,177816800
2017-10-30,38.86824417114258,39.18297765530634,38.168839590650364,38.208472089995574,178803200
2017-10-31,39.40910339355469,39.55131575795525,38.91952246825695,39.14332987486318,144187200
2017-11-01,38.90787124633789,39.618933182180236,38.609458951518015,39.60261203671337,134551200
2017-11-02,39.192291259765625,39.28321368921502,38.53251935074372,38.84025899340612,165573600
2017-11-03,40.215763092041016,40.62607916236106,39.894035848950885,40.56546537979789,237594400
2017-11-06,40.62372970581055,40.79625069941234,40.03389907989269,40.185435242654286,140105200
2017-11-07,40.75430679321289,40.856886707046606,40.47221558752603,40.54448682935728,97446000
2017-11-08,41.08768081665039,41.08768081665039,40.64239246904859,40.7193273843951,97638000
2017-11-09,41.00376510620117,41.05505506598256,40.36497423451421,40.82425024696634,117930400
2017-11-10,40.86804962158203,41.0341719661069,40.77446188137926,40.97099827789114,100582000
2017-11-13,40.704254150390625,40.82825946659758,40.57088792155931,40.594286632978104,67928400
2017-11-14,40.088924407958984,40.58962637830053,40.05148787911344,40.48667770904722,99130000
2017-11-15,39.560150146484375,39.85027791417302,39.396369781718285,39.76838594671788,116632400
2017-11-16,40.03275680541992,40.21291333275822,39.84557780792042,40.051471492041685,94550000
2017-11-17,39.81050491333008,40.10063272143448,39.691179967409035,40.01874074257152,87598000
2017-11-20,39.77070999145508,39.90641469316812,39.67244180817521,39.843241014580016,65049600
2017-11-21,40.51006317138672,40.64108740931225,39.95788704717005,39.95788704717005,100525200
2017-11-22,40.93589782714844,40.94525517175338,40.48900875672528,40.56153978037809,102355600
2017-11-24,40.938232421875,41.0622377545537,40.863359391503096,40.968650036731404,56106800
2017-11-27,40.73234176635742,40.96397622523732,40.55686208936625,40.956957323769124,82867200
2017-11-28,40.49370193481445,40.91485040705226,40.210593082113746,40.78148767621537,105715200
2017-11-29,39.65373992919922,40.458607557273915,39.11092446826275,40.390756963460994,166665600
2017-11-30,40.208251953125,40.276102536188226,39.41040335529264,39.876007230103156,166108800
2017-12-01,40.02107620239258,40.16613829761256,39.424444430220944,39.76370451395961,159037200
2017-12-04,39.728607177734375,40.38840903284762,39.68883220509846,40.35565296302134,130169600
2017-12-05,39.691162109375,40.131032298237315,39.40103443180621,39.55545740068039,109400800
2017-12-06,39.543758392333984,39.82218671349077,38.947130355732995,39.1904605999383,114240000
2017-12-07,39.61629104614258,39.87833953783558,39.52036130538249,39.54843690945161,102693200
2017-12-08,39.62800598144531,40.009383114987685,39.4993236871912,39.89005816989682,93420800
2017-12-11,40.40010452270508,40.451578851805564,39.49228843145303,39.58821818751698,141095200
2017-12-12,40.17314910888672,40.33459099273524,40.116997893734805,40.27843620743994,77636800
2017-12-13,40.30651092529297,40.60365392630902,40.24333724509378,40.3603236905737,95273600
2017-12-14,40.294822692871094,40.50773893926903,40.16145639453041,40.336936111203535,81906000
2017-12-15,40.704254150390625,40.7510480030861,40.35095645687639,40.62470424379411,160677200
2017-12-18,41.277503967285156,41.46000256744993,40.91250676695561,40.91718722520547,117684400
2017-12-19,40.8376350402832,41.03651346570218,40.732347932179394,40.952283065190386,109745600
2017-12-20,40.79316711425781,41.04351620291852,40.53579555568858,40.9148304236339,93902400
2017-12-21,40.947601318359375,41.18391626326869,40.73468866472213,40.75106491339718,83799600
2017-12-22,40.947601318359375,41.043531076785065,40.82827640894882,40.870389822807745,65397600
2017-12-26,39.90876770019531,40.119341926636636,39.70052834785274,39.96258047892696,132742000
2017-12-27,39.9157829284668,39.9578963418206,39.707547165438044,39.79879646451484,85992800
2017-12-28,40.02808380126953,40.208243932293136,39.88769863447187,40.0093655410203,65920800
2017-12-29,39.595237731933594,39.913441057833,39.59289928789782,39.89706480929548,103999600
2018-01-02,40.30416488647461,40.31352580045824,39.6022462836929,39.81282400661299,102223600
2018-01-03,40.297149658203125,40.839968474154716,40.23397954869898,40.36734223890624,118071600
2018-01-04,40.48433303833008,40.587281691749936,40.262059483979016,40.369685025177354,89738400
2018-01-05,40.94526290893555,41.031831750925626,40.48901640769327,40.58026570794173,94640000
2018-01-08,40.79316711425781,41.087971614866134,40.69489537724607,40.79316711425781,82271200
2018-01-09,40.78850173950195,40.959300980537996,40.57324707008062,40.83997607024875,86336000
2018-01-10,40.77913284301758,40.781474856775525,40.47730939010454,40.514745908802524,95839600
2018-01-11,41.010772705078125,41.059908588629746,40.82593567106534,40.849330820735744,74670800
2018-01-12,41.43425369262695,41.497427365644,41.09733219672616,41.221337529225394,101672400
2018-01-16,41.22370147705078,41.97241432734817,41.21200211357929,41.62379328870673,118263600
2018-01-17,41.90455627441406,41.9396507884389,40.961645582745746,41.214333224012265,137547200
2018-01-18,41.94197463989258,42.13851456048156,41.70566333067557,41.967711797937405,124773600
2018-01-19,41.75481414794922,42.01686270900164,41.50914183689063,41.78990866232449,129700400
2018-01-22,41.4132080078125,41.59570660494731,41.31962026523079,41.48340059982055,108434400
2018-01-23,41.422569274902344,41.984106493976,41.371098510710866,41.48340452646805,130756400
2018-01-24,40.762760162353516,41.48339714467017,40.52410679746099,41.47169778528601,204420400
2018-01-25,40.03510665893555,40.93356181882684,39.89940193632538,40.83061316235407,166116000
2018-01-26,40.128684997558594,40.243332987250355,39.789425055589945,40.243332987250355,156572000
2018-01-29,39.298091888427734,39.812831581035425,39.08985613945785,39.812831581035425,202561600
2018-01-30,39.066463470458984,39.16005122173868,38.535343878079864,38.729541853621896,184192800
2018-01-31,39.17409133911133,39.41040631577507,38.95649819798095,39.04306705153036,129915600
2018-02-01,39.255985260009766,39.45252170117444,39.01733182708451,39.113261603180696,188923200
2018-02-02,37.55265426635742,39.026684400187065,37.45906652490365,38.839505347136026,346375200
2018-02-05,36.614418029785156,38.343477505754464,36.49977003097488,37.22508740195526,290954000
2018-02-06,38.14460754394531,38.30604944131928,36.03183221340703,36.22603017907835,272975200
2018-02-07,37.32803726196289,38.231172856032934,37.218073276522176,38.15864182365693,206434400
2018-02-08,36.300899505615234,37.66964260600261,36.27282389580829,37.50352025097628,217562000
2018-02-09,36.74491500854492,37.0926057952475,35.295416555680326,36.8999676132487,282690400
2018-02-12,38.224945068359375,38.50215699971971,37.003322717140904,37.235901563137254,243278000
2018-02-13,38.607887268066406,38.70420816084328,37.97593331088665,38.046412100350224,130196800
2018-02-14,39.31970977783203,39.359646916272006,38.26489040714786,38.30247598263867,162579600
2018-02-15,40.6400032043457,40.66349374207075,39.702643640911546,39.888234303148494,204588800
2018-02-16,40.50844955444336,41.06992836864625,40.35340050220169,40.492006533089175,160704400
2018-02-20,40.37217712402344,40.938348059316176,40.27115672319348,40.419161773030865,135722000
2018-02-21,40.188934326171875,40.90545828630088,40.174835705295834,40.60240425439604,149886400
2018-02-22,40.52487564086914,40.86551880612801,40.33928503404216,40.36042758709232,123967600
2018-02-23,41.22966384887695,41.264901443927855,40.76920562691521,40.799747265758924,135249600
2018-02-26,42.044857025146484,42.14352586821339,41.396460234407215,41.429349848762854,152648800
2018-02-27,41.908599853515625,42.399596100612726,41.85456768273009,42.075399491200336,155712400
2018-02-28,41.84516143798828,42.43247845158995,41.82871842565069,42.1129778528027,151128400
2018-03-01,41.112205505371094,42.23515574611324,40.562477446370096,41.943845113754676,195208000
2018-03-02,41.396461486816406,41.417604042820585,40.51313424362813,40.59536007435443,153816000
2018-03-05,41.53977584838867,41.75590816450628,40.99944326574465,41.161543399007854,113605600
2018-03-06,41.50452423095703,41.87570906687499,41.37766531511881,41.79583480191392,95154000
2018-03-07,41.1192512512207,41.3118930122191,40.94070811407803,41.09810869248664,126814000
2018-03-08,41.56795883178711,41.61024394557519,41.128646754391646,41.22496404180873,95096400
2018-03-09,42.2821159362793,42.286815475047455,41.67365650727135,41.807566476930596,128740800
2018-03-12,42.69091033935547,42.848310909275334,42.33617206249424,42.35496305722243,128828400
2018-03-13,42.27978515625,43.109076643598875,42.10828956078416,42.895292351414525,126774000
2018-03-14,41.92034912109375,42.40899741596787,41.77234405342869,42.36201276130099,117473600
2018-03-15,41.96968078613281,42.34321720616517,41.83342636615037,41.934443192119986,90975200
2018-03-16,41.82168197631836,42.080099379873786,41.727709078453145,41.969683465319356,157618800
2018-03-19,41.182674407958984,41.69246520374782,40.79739454647945,41.65722761279198,133787200
2018-03-20,41.16858673095703,41.53507208120745,41.09810795174742,41.16858673095703,78597600
2018-03-21,40.23592758178711,41.133346395785146,40.23357601878862,41.121599334891776,148219600
2018-03-22,39.66740417480469,40.567170949186654,39.60867245620693,39.93756864647452,165963200
2018-03-23,38.74882888793945,39.91876340626609,38.74882888793945,39.55932567120972,164115200
2018-03-26,40.58831024169922,40.66583652732721,39.101222947632834,39.48415483536228,150164800
2018-03-27,39.54759979248047,41.14745166306302,39.214003971444654,40.80210877821386,163690400
2018-03-28,39.11063003540039,39.942273284293705,38.80757590603423,39.29152475547946,166674000
2018-03-29,39.41604232788086,40.34870258116179,39.209305470317126,39.42308984941592,153594000
2018-04-02,39.15760803222656,39.68854503990623,38.638421669404664,39.1482125349196,150347200
2018-04-03,39.559322357177734,39.64389614567644,38.734730607839076,39.38312726319695,121112000
2018-04-04,40.315792083740234,40.409761378700175,38.70889348091307,38.73473557473187,138422000
2018-04-05,40.595359802246094,40.93130347216911,40.42621218594805,40.54367560922729,107732800
2018-04-06,39.55698013305664,40.52017796942348,39.51469144030749,40.1654397524392,140021200
2018-04-09,39.949317932128906,40.66349409278615,39.902333271573795,39.90938079142207,116070800
2018-04-10,40.701080322265625,40.877275475175864,40.29700581814884,40.64234860462888,113634400
2018-04-11,40.51078796386719,40.858478709963855,40.336940798469165,40.461451746423364,89726400
2018-04-12,40.91016387939453,41.11220112545618,40.65174289558331,40.73866827270133,91557200
2018-04-13,41.048763275146484,41.309532195215816,40.842030106003335,41.06051033337822,100497200
2018-04-16,41.304840087890625,41.3917618744456,41.07226121814989,41.1192458707553,86313600
2018-04-17,41.87336730957031,42.03781540441986,41.44345070001389,41.46224528009664,106421600
2018-04-18,41.77939987182617,42.00963081941792,41.553872050744566,41.77235235146113,83018000
2018-04-19,40.595359802246094,41.20381947450477,40.56247018711588,40.82088756751069,139235200
2018-04-20,38.93207931518555,40.22417703818973,38.863948518722765,40.07852353288215,261964400
2018-04-23,38.819313049316406,39.213988427152856,38.54914502750533,39.19284587149001,146062000
2018-04-24,38.27898406982422,39.075386001140814,37.87490957405361,38.92033340945452,134768000
2018-04-25,38.445777893066406,38.861599424791336,38.15447089081557,38.20380352230031,113528400
2018-04-26,38.579689025878906,38.93442729205529,38.37999976208661,38.55619490612709,111852000
2018-04-27,38.13332748413086,38.60552915559445,37.73630053958174,38.52800286600505,142623200
2018-04-30,38.82400894165039,39.29386262956207,38.02055956548532,38.08869035766404,169709600
2018-05-01,39.72613525390625,39.74962579014744,38.82636490930883,39.0941813984154,214277600
2018-05-02,41.481048583984375,41.75826063293078,40.83030000247239,41.1662437822668,266157600
2018-05-03,41.55622482299805,41.69953039478505,40.98065455702421,41.318949912370606,136272800
2018-05-04,43.18660354614258,43.28527239361948,41.85691670617901,41.875711284464984,224805200
2018-05-07,43.49905776977539,44.0887228912663,43.402736897928456,43.50375372593912,169805600
2018-05-08,43.70814514160156,43.748082279576245,43.149018040556854,43.459123231465554,113611200
2018-05-09,44.015899658203125,44.02529515598114,43.51315628663752,43.82560946207637,92844800
2018-05-10,44.64549255371094,44.7230188366596,44.08401758147566,44.10516372024267,111957200
2018-05-11,44.4756965637207,44.82237098712518,44.206847378072545,44.687948193562164,104848800
2018-05-14,44.3719367980957,44.69738719101418,44.30354687419681,44.57475313594708,83115200
2018-05-15,43.968658447265625,44.117234231162634,43.652643426187645,44.048840718550096,94780800
2018-05-16,44.37901306152344,44.44504955390993,43.86489930236729,43.88140932509462,76732400
2018-05-17,44.09836196899414,44.55116036327544,43.949786202651836,44.33655172267472,69176000
2018-05-18,43.9379997253418,44.29174885556378,43.89555155700583,44.14553369993248,73190800
2018-05-21,44.249305725097656,44.63607134090016,44.079505835377276,44.33656270229301,73603200
2018-05-22,44.138458251953125,44.54409086890035,44.0488406556325,44.426174494172024,60962800
2018-05-23,44.42146682739258,44.45448327580504,43.80830010142055,43.947444189787284,80233600
2018-05-24,44.3719367980957,44.53466199455494,43.91442422063814,44.518155570933565,92936000
2018-05-25,44.47335433959961,44.72569358980837,44.25402794225532,44.390811411868505,69844000
2018-05-29,44.31298065185547,44.513439966610946,44.070073161376456,44.24223369231623,90056400
2018-05-30,44.21863555908203,44.336551920572916,44.048835710653414,44.270519046019764,74762000
2018-05-31,44.0700569152832,44.39078954154259,43.89790004633062,44.152599802347325,109931200
2018-06-01,44.864830017089844,44.8695440818223,44.27760509085612,44.33420625434989,93770000
2018-06-04,45.23979187011719,45.614765037577044,45.12659317019987,45.19498307680026,105064800
2018-06-05,45.588829040527344,45.73740482688072,45.36478864422395,45.53223148269539,86264000
2018-06-06,45.7468376159668,45.7704223312926,45.261022707842756,45.66429830937113,83734400
2018-06-07,45.624210357666016,45.79872430858135,45.360075201959646,45.78457491780687,85388800
2018-06-08,45.209144592285156,45.27989514815871,44.753989040222194,45.08415350293508,106627200
2018-06-11,45.098297119140625,45.27281465481039,44.85775029790672,45.12659949697931,73234000
2018-06-12,45.34592056274414,45.42374580151868,45.079428405593966,45.1360295606633,67644400
2018-06-13,44.973304748535156,45.48742201526099,44.91198952894419,45.37893736680692,86553600
2018-06-14,44.99689483642578,45.17848708337205,44.86011139313714,45.17376942021792,86440400
2018-06-15,44.53465270996094,44.84595364672595,44.3978692921571,44.81529423972038,246876800
2018-06-18,44.511085510253906,44.624284250591025,44.14790097049282,44.30826915128323,73939600
2018-06-19,43.79179000854492,43.94272284557757,43.2635232796693,43.662081258316235,134314000
2018-06-20,43.982810974121094,44.147893191048695,43.80121873623951,43.94743749853748,82514800
2018-06-21,43.73754119873047,44.419097668013194,43.614907167311685,44.15968021665077,102847600
2018-06-22,43.61019515991211,43.90026845785163,43.558311662911876,43.89319376267183,108801600
2018-06-25,42.96165466308594,43.61019477128706,42.62205490339157,43.25172795844052,126652400
2018-06-26,43.494625091552734,43.989875223254224,43.048901412430034,43.15502901102434,98276800
2018-06-27,43.43096160888672,44.166758662861064,43.400302198797014,43.683300788900816,101141200
2018-06-28,43.746971130371094,43.9144139509313,43.34605621168392,43.41680674992798,69460800
2018-06-29,43.654991149902344,44.145523596701956,43.136159930688606,43.93327200803173,90950800
2018-07-02,44.14316940307617,44.17147177813843,43.25643961910087,43.35077487177182,70925200
2018-07-03,43.37436294555664,44.32476872776422,43.284745340770385,44.28703462064132,55819200
2018-07-05,43.7234001159668,43.96159354939329,43.45926852886405,43.69038366757895,66416800
2018-07-06,44.32947540283203,44.43795643576801,43.67621777946467,43.72810126426766,69940800
2018-07-09,44.94500732421875,44.96858844083861,44.64314168271515,44.690307514477155,79026400
2018-07-10,44.890769958496094,45.11009271096756,44.8506752202268,44.97566990105466,63756400
2018-07-11,44.308265686035156,44.7563465471134,44.244589825221624,44.45448086414058,75326000
2018-07-12,45.05112838745117,45.14074598088069,44.645495783589865,44.69737927467831,72164400
2018-07-13,45.12187957763672,45.24215298223861,45.02046962595416,45.06292139132797,50055600
2018-07-16,45.0228385925293,45.43318534216058,44.90727923050014,45.16669673769916,60172400
2018-07-17,45.150177001953125,45.249226320159714,44.619553341082245,44.749262066777305,62138000
2018-07-18,44.902557373046875,45.23272540578134,44.79171568473517,45.22800774285761,65573600
2018-07-19,45.2515983581543,45.40960590073451,44.7351239556108,44.7351239556108,81147200
2018-07-20,45.1478271484375,45.38129929328812,44.84831851576083,45.228009428517055,82704800
2018-07-23,45.18790817260742,45.2704510650198,44.70445037102443,44.9685818691092,63957600
2018-07-24,45.515716552734375,45.67136701702628,45.29167618059886,45.386007832491124,74791600
2018-07-25,45.94493103027344,45.95200572380578,45.381287389704944,45.529863150927376,66839600
2018-07-26,45.80107879638672,46.213786098393896,45.65957771057542,45.89541045457952,76304000
2018-07-27,45.039337158203125,46.032194609591265,44.83180678717591,45.98502877974518,96096000
2018-07-30,44.78700637817383,45.32706188833266,44.58890769660208,45.25631133105051,84118000
2018-07-31,44.87661361694336,45.31290565554583,44.65257321814302,44.87897424756083,157492000
2018-08-01,47.52030563354492,47.58162086147488,46.53216569994232,46.96138309102007,271742800
2018-08-02,48.909358978271484,49.142834720583664,47.24909782850807,47.30333835907744,249616000
2018-08-03,49.05085754394531,49.227732115734135,48.458915007304384,48.82445650870577,133789600
2018-08-06,49.30556869506836,49.348016874766266,48.83390306185673,49.053225854009,101701600
2018-08-07,48.843318939208984,49.40695904402814,48.76077604077673,49.364510878106664,102349600
2018-08-08,48.8763427734375,49.00840855209186,48.2325203032362,48.59334416224635,90102000
2018-08-09,49.2607536315918,49.473001700187574,48.864552678750876,49.41404350351956,93970400
2018-08-10,49.114017486572266,49.485575177649636,48.91048987483557,49.07378574614256,98444800
2018-08-13,49.431129455566406,49.923382254830344,49.15423793306954,49.53526034152595,103563600
2018-08-14,49.639400482177734,49.83109437109607,49.28677602737051,49.73643188137967,82992000
2018-08-15,49.75536346435547,49.87369337817859,49.30334232687699,49.51396942903644,115230400
2018-08-16,50.484283447265625,50.600244468404085,50.04646125852407,50.11272573092973,114001600
2018-08-17,51.4924430847168,51.5800060608776,50.446407133647675,50.51267159308972,141708000
2018-08-20,50.99072265625,51.8710937996567,50.90789028088457,51.61550439065792,121150800
2018-08-21,50.89132308959961,51.40014383914747,50.6522979855683,51.30784665925993,104639200
2018-08-22,50.893699645996094,51.20372346063428,50.607339648826624,50.66887351875901,76072400
2018-08-23,50.99782943725586,51.367018204194856,50.78720232734104,50.799032430245035,75532800
2018-08-24,51.15639877319336,51.331524767256205,50.907905185486186,51.26052969460536,73905600
2018-08-27,51.5776481628418,51.766976764615386,51.196625660811684,51.39068485955114,82100400
2018-08-28,51.994178771972656,52.19297221924966,51.80958434076638,51.83088286487246,91107200
2018-08-29,52.770408630371094,52.89110745651331,51.925534903087936,52.10066086863943,109019200
2018-08-30,53.25556564331055,54.01997594606434,52.63314908356902,52.83431140009816,195175200
2018-08-31,53.87086868286133,54.16432450876809,53.4851120729644,53.605807264799424,173360400
2018-09-04,54.04363250732422,54.23769166709195,53.63421206114945,54.05546621964784,109560400
2018-09-05,53.69101333618164,54.35366156833602,53.272128046000965,54.192734620702346,133332000
2018-09-06,52.79881286621094,53.804617207503874,52.37282442296422,53.539555725515555,137160000
2018-09-07,52.37282180786133,53.33602545116315,52.23319337295159,52.50298543834602,150479200
2018-09-10,51.669944763183594,52.50298843468489,51.229757303877285,52.28999240596996,158066000
2018-09-11,52.97631072998047,53.082806943997085,51.25105834056841,51.59421441290767,142996000
2018-09-12,52.31839370727539,53.248465165484035,52.02729949768136,53.23426615255607,197114800
2018-09-13,53.582157135009766,54.041277818620834,52.67338418396215,52.89821031768042,166825600
2018-09-14,52.973941802978516,53.68392137771475,52.66155266788886,53.42596299890154,127997200
2018-09-17,51.56344985961914,52.763313434962186,51.41908720503265,52.573984830581786,148780400
2018-09-18,51.64864730834961,52.502989516991164,51.383585819005404,51.542147486225396,126286800
2018-09-19,51.67940902709961,51.97523383237658,50.952865183133554,51.71017596241406,108495200
2018-09-20,52.072265625,52.60475027848478,51.8640038049603,52.12196578156135,106435200
2018-09-21,51.511390686035156,52.3870315255617,51.42382407428225,52.24976836092235,384986800
2018-09-24,52.252132415771484,52.363362846345964,51.26763007640745,51.31259603061541,110773600
2018-09-25,52.58345031738281,52.73254717183654,51.99416601700422,52.00599973120798,98217600
2018-09-26,52.16455841064453,52.95263606451722,52.00836205881916,52.30182154305388,95938800
2018-09-27,53.236637115478516,53.5892616223279,52.902945831595176,52.969213917547854,120724800
2018-09-28,53.42359924316406,53.44726306298628,53.01654398633508,53.19876948242372,91717600
2018-10-01,53.78331756591797,54.294503721470214,53.56795984146107,53.946613444314615,94403200
2018-10-02,54.26136779785156,54.4317631714536,53.634220666637496,53.78094861179492,99152800
2018-10-03,54.92164611816406,55.252968421450255,54.3796931085446,54.44359227101489,114619200
2018-10-04,53.95607376098633,54.98791072252861,53.65788007610717,54.616353071097365,128168000
2018-10-05,53.0804443359375,54.055485523559796,52.202438179564524,53.94898929690006,134322000
2018-10-08,52.95737838745117,53.201137756680225,52.11250094585972,52.58818958011952,118655600
2018-10-09,53.69101333618164,53.78567943285647,52.59764610036944,52.92660311263696,107564000
2018-10-10,51.203731536865234,53.56796502679298,51.13036755219829,53.357337879043975,167962400
2018-10-11,50.75170135498047,51.946834254825696,50.247618357424,50.76826927692951,212497600
2018-10-12,52.564517974853516,52.74674706543594,51.31731958871107,52.16456226162704,161351600
2018-10-15,51.44038391113281,52.49825370424345,51.419085391816054,52.33969204186986,123164000
2018-10-16,52.5739860534668,52.77278307881881,51.29838956224378,51.81194102118885,116736000
2018-10-17,52.346797943115234,52.68995403710675,51.908975733135755,52.609490546874305,91541600
2018-10-18,51.12327194213867,52.003647047544305,50.40855804234303,51.558725285783076,130325200
2018-10-19,51.90187454223633,52.36336055788579,51.456952839383014,51.606049710263214,132314800
2018-10-22,52.218990325927734,52.86034005758021,51.81430403669069,52.015462726587266,115168400
2018-10-23,52.71124267578125,52.834306797919794,50.810864538749705,51.078291300952,155071200
2018-10-24,50.903160095214844,53.066230717386226,50.77299647127529,52.68047766425556,163702000
2018-10-25,52.01782989501953,52.391752849252924,51.29601671156717,51.52321173088781,119423200
2018-10-26,51.18952560424805,52.110132264199265,50.33044920447651,51.09485949880697,189033600
2018-10-29,50.22869110107422,51.99180637497226,48.77323076308927,51.873476442346316,183742000
2018-10-30,50.47954559326172,50.924463645690075,49.52580670807782,49.97072476050618,146640000
2018-10-31,51.79536437988281,52.17165259816873,51.26524512370163,51.32677898331654,153435600
2018-11-01,52.59055709838867,52.62368933605675,51.310226322888035,51.84034573672041,233292800
2018-11-02,49.102195739746094,50.56238691019162,48.61704221561226,49.59208347306749,365314800
2018-11-05,47.70825958251953,48.37090790263362,46.898883307010784,48.349609382233005,264654800
2018-11-06,48.224185943603516,48.44901211289893,47.731932947771526,47.78636371038881,127531600
2018-11-07,49.686737060546875,49.712769789684685,48.30937854826853,48.74483182553473,133697600
2018-11-08,49.51337814331055,49.90047723917868,49.100151860589314,49.86722939737878,101450400
2018-11-09,48.558677673339844,48.924403878426105,48.03145938671116,48.81516253903021,137463200
2018-11-12,46.11258316040039,47.461503388574435,46.02233746371556,47.2596391587509,204542000
2018-11-13,45.651851654052734,46.82740454065561,45.46661319307252,45.509362481467676,187531600
2018-11-14,44.3623046875,46.18619210460232,44.155689779845716,46.04845004074686,243204000
2018-11-15,45.45711898803711,45.59011034254825,44.38605662645267,44.73991147050331,185915200
2018-11-16,45.960594177246094,46.3025740679151,44.99402953711943,45.241013000523054,147713200
2018-11-19,44.13908767700195,45.28851747369283,43.93247629945973,45.122278226029906,167701200
2018-11-20,42.03019714355469,43.09650870762466,41.68109304931267,42.36030195645278,271300800
2018-11-21,41.98270034790039,42.81152632280583,41.928079679401435,42.68328208090455,124496800
2018-11-23,40.9163932800293,41.93995928124868,40.87127405903531,41.545732307356154,94496000
2018-11-26,41.4697380065918,41.548108696422304,40.434300553403695,41.37949593469791,179994000
2018-11-27,41.379493713378906,41.50536079593518,40.58154192418176,40.73115539333304,165549600
2018-11-28,42.970645904541016,43.05376369196034,41.54335510075574,41.97082991406699,184250000
2018-11-29,42.64052963256836,43.412357641203364,42.20117993200249,43.37910981039645,167080000
2018-11-30,42.410186767578125,42.825786644844754,42.042083294393294,42.816285189782384,158126000
2018-12-03,43.89209747314453,43.92059459018368,43.034774172698484,43.80660249828381,163210000
2018-12-04,41.961334228515625,43.31500152005368,41.86159070426997,42.97302165192976,165377200
2018-12-06,41.493492126464844,41.50774068534604,40.47230312963953,40.790533023797565,172393600
2018-12-07,40.01396179199219,41.438875810181194,39.96883893495053,41.20139014048303,169126400
2018-12-10,40.27756118774414,40.39392681826417,38.788525387961656,39.185125924591716,248104000
2018-12-11,40.04719543457031,40.797647130558154,39.66009277068402,40.76677646859411,189126800
2018-12-12,40.158809661865234,40.828517056992325,40.13981038220844,40.467537990997414,142510800
2018-12-13,40.59816360473633,40.982892750447746,40.26568520596623,40.488922255315906,127594400
2018-12-14,39.29911804199219,40.15406769431689,39.25162164436145,40.13506841051603,162814800
2018-12-17,38.93339157104492,39.98070398320627,38.64603238784971,39.29199353840662,177151600
2018-12-18,39.439239501953125,39.78596648532235,39.04026176741648,39.2753738408261,135366000
2018-12-19,38.20906066894531,39.766965732375674,37.78158583477407,39.422612313422675,196189200
2018-12-20,37.244876861572266,38.49880086889331,36.88152408807262,38.09269879182356,259092000
2018-12-21,35.79620361328125,37.560723512525044,35.53497162650569,37.25199150656966,382978400
2018-12-24,34.87001419067383,35.99094661247746,34.81301633704648,35.18349332626678,148676800
2018-12-26,37.32562255859375,37.33987111908619,34.84389801591564,35.219125811772976,234330000
2018-12-27,37.0833740234375,37.23061755574268,35.63946480198552,37.009754069156195,212468400
2018-12-28,37.10237121582031,37.64621522429912,36.70339718009544,37.40397891761338,169165600
2018-12-31,37.46097946166992,37.84570497009902,37.16174528956495,37.648591489285586,140014000
2019-01-02,37.503726959228516,37.724590460067255,36.6274044817337,36.784145853458895,148158800
2019-01-03,33.7680778503418,34.60640172363963,33.72295500680148,34.19317547745964,365248800
2019-01-04,35.20960998535156,35.27848283128066,34.15042635194018,34.323789806748884,234428400
2019-01-07,35.13125228881836,35.34499155915994,34.64915668419154,35.314117263459316,219111200
2019-01-08,35.80096435546875,36.05507575894766,35.271372331890156,35.51835583150387,164101200
2019-01-09,36.40892028808594,36.69865303809117,35.53497493470445,35.92919831490206,180396400
2019-01-10,36.525291442871094,36.56566356603284,35.827083095118475,36.216559392156526,143122800
2019-01-11,36.166683197021484,36.50153878834281,35.98144470474648,36.30680246578782,108092800
2019-01-14,35.62284851074219,35.924456309448,35.437609988385816,35.824712768467144,129756800
2019-01-15,36.3519287109375,36.427922231509605,35.63472106236991,35.686968193150925,114843600
2019-01-16,36.7960090637207,37.01924604454484,36.335286549890746,36.35428582738021,122278800
2019-01-17,37.01449966430664,37.44197439864599,36.3970357565118,36.62027276354135,119284800
2019-01-18,37.242496490478516,37.49423066668109,37.04300581658366,37.40398497191301,135004000
2019-01-22,36.40654754638672,37.2211215121317,36.2450554347819,37.145127995415336,121576000
2019-01-23,36.55377960205078,36.8435122960888,36.02656133084995,36.608400270150376,92522400
2019-01-24,36.264060974121094,36.68678517553782,36.03607676090995,36.59891663750267,101766000
2019-01-25,37.46572494506836,37.5535970765076,36.6487775687618,36.92425809596469,134142000
2019-01-28,37.11900329589844,37.1261275746307,36.49204140125868,36.997883309964045,104768400
2019-01-29,36.73427200317383,37.55360024747364,36.59890709133916,37.107126146086244,166348800
2019-01-30,39.24449920654297,39.45823481777731,38.05232036425895,38.76952796047286,244439200
2019-01-31,39.5271110534668,40.13507372055917,39.08063688443312,39.448740356323015,162958400
2019-02-01,39.54610824584961,40.13032086817942,39.405988969666886,39.65060250317511,130672400
2019-02-04,40.669403076171875,40.7667730276874,39.72658509160154,39.75745937470211,125982000
2019-02-05,41.3652458190918,41.57898506305087,40.93065029956902,41.051766667858935,144406400
2019-02-06,41.379493713378906,41.695350007409324,41.04938886264292,41.476860058781234,112958400
2019-02-07,40.595787048339844,41.30824381331951,40.45329424584691,40.94251397800082,126966800
2019-02-08,40.64350128173828,40.70312733127808,40.16887661725878,40.304825757066446,95280000
2019-02-11,40.40975570678711,40.83429643477586,40.36682670736698,40.79613489799055,83973600
2019-02-12,40.75796890258789,40.784204501347254,40.47414841763224,40.569552249159045,89134000
2019-02-13,40.5886344909668,41.137194763699675,40.526624722123245,40.87722611368674,89960800
2019-02-14,40.736507415771484,40.846217281030114,40.39783197721137,40.47653877930612,87342800
2019-02-15,40.645877838134766,40.95116286674207,40.486080490292245,40.843836724374356,98507200
2019-02-19,40.76750946044922,40.889148896685995,40.42406656800364,40.476537768089266,75891200
2019-02-20,41.02986526489258,41.33753763113266,40.78182257054154,40.82952266876856,104457600
2019-02-21,40.79852294921875,41.11096283125137,40.61726108922249,40.97501734607539,68998800
2019-02-22,41.25405502319336,41.26120985514692,40.87483437251925,40.92253446530428,75652800
2019-02-25,41.55457305908203,41.945719682081254,41.48779219461515,41.537879662607395,87493600
2019-02-26,41.57842254638672,41.809771827642344,41.30175690127716,41.430551160576144,68280800
2019-02-27,41.70722198486328,41.73822869074752,41.19682321958781,41.311307838567444,111341600
2019-02-28,41.296974182128906,41.716743632971415,41.24211927045124,41.57602711901077,112861600
2019-03-01,41.73106384277344,41.77399283512558,41.234974864095655,41.56649542685582,103544800
2019-03-04,41.94096374511719,42.394120255566705,41.49257469823671,41.90280220085392,109744800
2019-03-05,41.864627838134766,41.97672506553204,41.62850744949889,41.962415400636054,78949600
2019-03-06,41.623748779296875,41.85509811540578,41.48541592394316,41.65952294909317,83241600
2019-03-07,41.14196014404297,41.60465871287591,41.0274791869895,41.46870961945666,99185600
2019-03-08,41.23976135253906,41.27792289728009,40.42646117176131,40.62203635909517,95997600
2019-03-11,42.66839599609375,42.7208672064059,41.82170907547074,41.8550995148253,128044000
2019-03-12,43.14777755737305,43.567543462773116,42.780479205774704,42.93073795318164,129870400
2019-03-13,43.33859634399414,43.71781711847124,43.15017600294716,43.46738700048797,124130000
2019-03-14,43.82036209106445,43.9086110924784,43.5413127001033,43.86090735580744,94318000
2019-03-15,44.390384674072266,44.678976254213644,43.82274735566281,44.08748706861486,156171600
2019-03-18,44.84354019165039,44.93178554071585,44.31167344863982,44.31406081869042,104879200
2019-03-19,44.488182067871094,45.07490392114361,44.34269438014027,44.92226139953133,126585600
2019-03-20,44.876949310302734,45.194160320045455,44.05887804532728,44.41663433069777,124140800
2019-03-21,46.5297737121582,46.82552016805965,45.270472092327076,45.32055956507145,204136800
2019-03-22,45.56621170043945,47.14987887158073,45.50181457067001,46.58939274805469,169630800
2019-03-25,45.01527786254883,45.788029035736734,44.50487908991449,45.6759317859226,175381200
2019-03-26,44.5501823425293,46.002675178612826,44.02309028279383,45.71169986519132,199202000
2019-03-27,44.950870513916016,45.25853921871362,44.492943053204904,45.01765137448114,119393600
2019-03-28,45.0104866027832,45.21082914023792,44.72666618841411,45.06534151771608,83121600
2019-03-29,45.30386734008789,45.33487404742733,44.96757557971136,45.27524800364219,94256000
2019-04-01,45.61153030395508,45.71646906225277,44.92940835895731,45.70693049851085,111448000
2019-04-02,46.27457046508789,46.37951286036313,45.56621293626409,45.575751499796354,91062800
2019-04-03,46.59178161621094,46.86605990037226,46.06706963719681,46.09092150507348,93087200
2019-04-04,46.672874450683594,46.835055514550795,46.06468818261306,46.45821854703762,76457200
2019-04-05,46.985321044921875,47.00917291740986,46.7301198385826,46.85414302480752,74106400
2019-04-08,47.72468185424805,47.75568491902388,46.82790392141536,46.846984690122916,103526800
2019-04-09,47.58157730102539,48.38056764876141,47.51718016237022,47.77715244831723,143072800
2019-04-10,47.84869384765625,47.87731681584689,47.26674323132718,47.38599528748367,86781200
2019-04-11,47.45039749145508,47.93933170184318,47.328761691309175,47.903557536883895,83603200
2019-04-12,47.431312561035156,47.73421380848301,46.796894375967724,47.510019356322424,111042800
2019-04-15,47.51716613769531,47.665041139824325,47.226190873249585,47.362139943698025,70146400
2019-04-16,47.521949768066406,48.027577378944855,47.35738132962048,47.57203723861774,102785600
2019-04-17,48.44733810424805,48.5069641281486,47.36929857312662,47.591105635180504,115627200
2019-04-18,48.6214485168457,48.69061310818153,48.30185387954341,48.44495416346428,96783200
2019-04-22,48.7812385559082,48.8790261008626,48.25891404522584,48.37578235304574,77758000
2019-04-23,49.48482894897461,49.54922607406308,48.630983846339284,48.757390726408396,93292000
2019-04-24,49.40851593017578,49.72333948607253,49.38228033057737,49.45621602782266,70162400
2019-04-25,48.960121154785156,49.55161030134446,48.92195962551455,49.32980323611612,74172800
2019-04-26,48.72639846801758,48.893350644801465,48.20645752970833,48.869498774138975,74596400
2019-04-29,48.800331115722656,49.12469688428121,48.62145301481061,48.750243646182206,88818800
2019-04-30,47.860626220703125,48.51174151592459,47.488560337719434,48.43065098025572,186139600
2019-05-01,50.209877014160156,51.35230988948973,49.90220473089384,50.05723455742813,259309200
2019-05-02,49.883140563964844,50.71790507301995,49.63986895589644,50.04770900660693,127985200
2019-05-03,50.50325393676758,50.52471843691336,50.140726608516964,50.298140221488424,83569600
2019-05-06,49.72334671020508,49.809208354157676,48.53559700159812,48.72401368842716,129772400
2019-05-07,48.38295364379883,49.47053202213597,47.89879049413808,49.103237220053025,155054800
2019-05-08,48.39247131347656,48.97442179007838,48.11819310588487,48.15396725842881,105358000
2019-05-09,47.87253952026367,48.10150140045921,46.90421353185238,47.796216467342845,139634400
2019-05-10,47.2093505859375,47.60918957732427,46.15349960538394,47.266813330080936,164834800
2019-05-13,44.46556854248047,45.36579626358833,43.77842680351272,44.94202086357993,229722400
2019-05-14,45.16947555541992,45.41847349035006,44.39135198547642,44.63077462238211,146118800
2019-05-15,45.71056365966797,45.909284861741796,44.5373943474672,44.59724999917742,106178800
2019-05-16,45.50945281982422,46.08167274519695,45.21256745080139,45.46875141212985,132125600
2019-05-17,45.25086975097656,45.70577121307955,44.714561831332965,44.75526323345386,131516400
2019-05-20,43.83589172363281,44.13756659807393,43.1631146676168,43.938845361937226,154449200
2019-05-21,44.6762580871582,45.011448261831,44.2213529606178,44.345853734052945,113459200
2019-05-22,43.76166915893555,44.4631793828225,43.70660297552515,44.2117848841149,118994400
2019-05-23,43.01466369628906,43.22535309271578,42.57173044037936,43.04818271299096,146118800
2019-05-24,42.8494758605957,43.608445291739905,42.765676464152946,43.14396472396016,94858800
2019-05-28,42.67228698730469,43.237324443115924,42.595673658588964,42.83748915813703,111792800
2019-05-29,42.468780517578125,42.94044331585505,42.138376171721504,42.23893322191725,113924800
2019-05-30,42.68906021118164,42.91172152723815,42.29880011361617,42.60526082042716,84873600
2019-05-31,41.915714263916016,42.614827782966735,41.89656001846683,42.193441689682246,108174400
2019-06-03,41.491939544677734,42.59807084717863,40.766489319881806,42.042612284986966,161584400
2019-06-04,43.0098762512207,43.05536713031265,41.78403369307506,42.00430204941067,123872000
2019-06-05,43.70420455932617,44.2907929158903,43.36901434411754,44.12080124391348,119093600
2019-06-06,44.345855712890625,44.4057113648459,43.61082655329625,43.8334914782854,90105200
2019-06-07,45.526206970214844,45.94998600483363,44.477538442467015,44.65470883240894,122737600
2019-06-10,46.108001708984375,46.77598911152849,45.878154420674264,45.923645296205336,104883600
2019-06-11,46.64192581176758,46.92683934948886,46.35222645142724,46.65389767491463,107731600
2019-06-12,46.49346923828125,46.91964111865078,46.30193045250542,46.436006506558954,73012800
2019-06-13,46.4838981628418,47.11597370565027,46.352218650285145,46.61558132869754,86698400
2019-06-14,46.14632034301758,46.34982739236637,45.56212852455843,45.86140682062975,75046000
2019-06-17,46.421653747558594,46.677837716141795,46.00984653024875,46.184624027838574,58676400
2019-06-18,47.5134162902832,47.95395301650747,46.73768937090985,46.9388034867993,106204000
2019-06-19,47.374542236328125,47.85578393485164,47.240466183129016,47.80789649873899,84496800
2019-06-20,47.755226135253906,48.03056062202927,47.41284996964704,47.973097891587294,86056000
2019-06-21,47.592430114746094,48.08803671259237,47.44159268874081,47.5972195902715,191202400
2019-06-24,47.544532775878906,47.922820862039956,47.44636864871783,47.53495382755675,72881600
2019-06-25,46.823883056640625,47.707349446417524,46.75684136270738,47.50862823550264,84281200
2019-06-26,47.83664321899414,48.12155673926339,47.250058493716004,47.3506155620523,104270000
2019-06-27,47.82227325439453,48.26041706742118,47.78157184924549,47.953952766753574,83598800
2019-06-28,47.38652038574219,47.764808530798014,47.17822389353572,47.568480245909996,124442400
2019-07-01,48.25563049316406,48.95953359072476,48.04014794005199,48.64349397414677,109012000
2019-07-02,48.53814697265625,48.63391821311523,48.21013915067002,48.222111012389796,67740800
2019-07-03,48.94037628173828,48.94755866772957,48.528569102842056,48.6698275650695,45448000
2019-07-05,48.89727020263672,49.10078084743417,48.57883774773992,48.686580826337675,69062000
2019-07-08,47.88931655883789,48.21971731146836,47.503845969686104,48.07845883336478,101354400
2019-07-09,48.18140411376953,48.24604558375023,47.59960531085121,47.69297997634442,82312000
2019-07-10,48.657859802246094,48.777571116582486,48.25802445075848,48.327459058921235,71588400
2019-07-11,48.30351257324219,48.93558813067086,48.29393727609442,48.67701126809106,80767200
2019-07-12,48.674617767333984,48.84221286513295,48.41125143272195,48.47110708574294,70380800
2019-07-15,49.13191223144531,49.28992836732956,48.84220928460961,48.86375644132579,67789600
2019-07-16,48.96192932128906,49.34739991342239,48.72250668402115,48.98347648185129,67467200
2019-07-17,48.686580657958984,49.103173588115254,48.66742641412559,48.85417572487808,56430000
2019-07-18,49.239654541015625,49.29232780714967,48.770384620902945,48.84221213411293,74162400
2019-07-19,48.50462341308594,49.44076665116611,48.44955723828679,49.27077499857013,83717200
2019-07-22,49.6131591796875,49.615552090872,48.74884331314436,48.758418611181895,89111600
2019-07-23,50.001014709472656,50.017776044989866,49.62990895028045,49.91003660607573,73420800
2019-07-24,49.96031188964844,50.07523371101221,49.60117800125017,49.720889297382925,59966400
2019-07-25,49.565269470214844,50.09678795373076,49.49583486785246,50.0129885793759,55638400
2019-07-26,49.73765182495117,50.214100456871776,49.59399680482801,49.67539961135831,70475600
2019-07-29,50.2021369934082,50.43198433339106,49.90525526033395,49.91004473601888,86693600
2019-07-30,49.98664855957031,50.317052906207756,49.634697056404036,49.98185908479763,135742800
2019-07-31,51.00659942626953,53.000990526564195,50.59000635601354,51.8158491472123,277125600
2019-08-01,49.90284729003906,52.201305551333476,49.49822619298105,51.21248911312201,216071600
2019-08-02,48.84700393676758,49.42400967424095,48.274784021316925,49.20853077764251,163448400
2019-08-05,46.28997039794922,47.561303978461524,46.108010514374186,47.40328781920137,209572000
2019-08-06,47.166255950927734,47.42243990688443,46.45756339111695,47.00105375926209,143299200
2019-08-07,47.654666900634766,47.779167660416284,46.40488444167236,46.78556545258096,133457600
2019-08-08,48.70573425292969,48.72967797252302,47.73846862611717,47.932400333607646,108038000
2019-08-09,48.304378509521484,48.72976393634565,47.895810765479915,48.37888091759197,98478800
2019-08-12,48.18180847167969,48.55913186457045,47.862166138995526,47.975122589913205,89927600
2019-08-13,50.22224807739258,50.98410113532269,48.181825243658736,48.31160675750548,188874000
2019-08-14,48.72737121582031,49.61419794208263,48.68891716975622,48.825908333667165,146189600
2019-08-15,48.48463439941406,49.301762666206294,47.98714483073128,48.89800620511257,108909600
2019-08-16,49.62861633300781,49.787236519570556,48.98933158147647,49.0950783725183,110481600
2019-08-19,50.553897857666016,51.125886205011135,50.476989765853084,50.61878493455606,97654400
2019-08-20,50.55629348754883,51.27488825272847,50.54668181087362,50.68126728740163,107537200
2019-08-21,51.104251861572266,51.34698612513652,50.85430792354824,51.18836961984207,86141600
2019-08-22,51.061004638671875,51.53686158978541,50.650034771451054,51.23644619968191,89014800
2019-08-23,48.7009391784668,50.96246709693238,48.30679433653748,50.33279395070405,187272000
2019-08-26,49.6262092590332,49.794441106144575,49.28253222326784,49.47479876304336,104174400
2019-08-27,49.06624221801758,50.1213008461803,48.91483169869876,49.955470975912974,103493200
2019-08-28,49.39548873901367,49.441152454824554,48.86435650196321,49.0518153700021,63755200
2019-08-29,50.23184585571289,50.30635193898806,49.66706722800578,50.109277719604904,83962000
2019-08-30,50.16695785522461,50.577923970977196,49.79684411690572,50.508229228326634,84573600
2019-09-03,49.436344146728516,49.743969139920104,49.08065343594684,49.61178566616297,80092000
2019-09-04,50.27510070800781,50.344795442434986,49.825680603113376,50.082834187024794,76752400
2019-09-05,51.25807189941406,51.42390177073253,50.83268270783798,50.950446853296846,95654800
2019-09-06,51.25325393676758,51.53204022483421,51.07300475059711,51.44311846648742,77449200
2019-09-09,51.47197723388672,52.01753267690804,50.726949174171494,51.63299946292692,109237600
2019-09-10,52.08001708984375,52.099244117011374,50.880761066104746,51.397474127705344,127111600
2019-09-11,53.73589324951172,53.76473561660298,52.32754595134343,52.4092617130592,177158400
2019-09-12,53.61573791503906,54.416045003484264,53.5604625066759,54.026707807498056,128906800
2019-09-13,52.572689056396484,53.06296532020904,52.15691521661223,52.87310442243304,159053200
2019-09-16,52.84906768798828,52.90434675357643,52.28669102458082,52.32754707272448,84632400
2019-09-17,53.04133987426758,53.070182245036186,52.661614385904336,52.86349631256455,73274800
2019-09-18,53.538822174072266,53.55804919622197,52.73851525459077,53.12785236837871,101360000
2019-09-19,53.103816986083984,53.77674437024011,52.96201816775611,53.35616292155293,88242400
2019-09-20,52.32754135131836,53.48834659405456,52.26505628460942,53.20475629070718,221652400
2019-09-23,52.56547546386719,52.8346464382801,52.308318169456676,52.62075086028852,76662000
2019-09-24,52.3155403137207,53.47154191204904,52.19777981793663,53.12065509347318,124763200
2019-09-25,53.12064743041992,53.23360390363498,52.18575493970242,52.52462435934759,87613600
2019-09-26,52.8466682434082,53.09901788679732,52.591916597251874,52.87310494256668,75334000
2019-09-27,52.589515686035156,53.10382666173709,52.21940189013441,53.002883868542426,101408000
2019-09-30,53.82722091674805,53.973823753885995,53.06296236123528,53.08939905865949,103909600
2019-10-01,53.976226806640625,54.84863417143314,53.882497362527516,54.09158894337955,139223200
2019-10-02,52.62316131591797,53.73349535353158,52.375615676431906,53.60852153239703,138449200
2019-10-03,53.07018280029297,53.10382917722504,51.70269136073253,52.49578505515693,114426000
2019-10-04,54.55782699584961,54.67318912519149,53.80799149102436,54.22857296123739,138478800
2019-10-07,54.56984329223633,55.25959571661038,54.276637636700606,54.37998241718254,122306000
2019-10-08,53.930564880371094,54.81018194958028,53.91374352685756,54.271839962271294,111820000
2019-10-09,54.56264114379883,54.745292369499005,54.22857939735441,54.56264114379883,74770400
2019-10-10,55.29805374145508,55.38217150680817,54.62752828997779,54.77893513356194,113013600
2019-10-11,56.768882751464844,57.112556110931,55.831584770124245,55.98539726442713,166795600
2019-10-14,56.687171936035156,57.230325218831695,56.3987739424967,56.45404933835654,96427600
2019-10-15,56.554988861083984,57.11495979657442,56.449242080538056,56.812142470885,87360000
2019-10-16,56.32666778564453,56.53575933506916,56.04547949556907,56.08633553766423,73903200
2019-10-17,56.545372009277344,56.754459895212634,56.122388565552164,56.49970829460661,67585200
2019-10-18,56.81695556640625,57.09814389578318,56.307448635792866,56.37954905370019,97433600
2019-10-21,57.80231475830078,57.91767689190389,57.03565787328163,57.08372359535983,87247200
2019-10-22,57.670143127441406,58.20848515863878,57.58842735440891,57.95854116803715,82293600
2019-10-23,58.444007873535156,58.458430892193235,57.97295861174259,58.1844522125686,75828800
2019-10-24,58.540138244628906,58.8333439248231,58.11474907464559,58.763645508761726,69275200
2019-10-25,59.26112747192383,59.297175843055165,58.37189886795237,58.43919160551697,73477200
2019-10-28,59.85475540161133,59.90282112444377,59.294780746023385,59.46301260952673,96572800
2019-10-29,58.47044372558594,60.02299199906073,58.297407843177915,59.83553309820382,142839600
2019-10-30,58.46322250366211,58.953502353059164,57.970544319100384,58.823720882909704,124522000
2019-10-31,59.785064697265625,59.883601825447826,57.021243105367084,59.41976222287998,139162000
2019-11-01,61.481807708740234,61.508240739941634,59.881193789695324,59.972517565501164,151125200
2019-11-04,61.88555145263672,61.96966920303615,61.37604828019382,61.844691744948584,103272000
2019-11-05,61.79663848876953,62.0513901112309,61.60196993451809,61.777407799701365,79897600
2019-11-06,61.82307815551758,61.883161230177926,61.37365793055572,61.710121681781736,75864400
2019-11-07,62.53659439086914,62.75836715496231,62.218401564449074,62.37026665689407,94940400
2019-11-08,62.70772933959961,62.780042525835455,61.914660400787014,62.358198441246614,69986400
2019-11-11,63.204322814941406,63.26940470655906,62.25938848011843,62.264206908852415,81821200
2019-11-12,63.14645004272461,63.34652881203322,62.89575939265847,63.047617104065104,87388800
2019-11-13,63.75149154663086,63.82621762764174,62.93191019090108,62.94637282874981,102734400
2019-11-14,63.31038284301758,63.85034108012296,63.18021171215137,63.577949069175574,89182800
2019-11-15,64.0624771118164,64.06729554078912,63.399578987253335,63.56108095621039,100206400
2019-11-18,64.38545989990234,64.4650044028249,63.6936367950426,64.07208560229782,86703200
2019-11-19,64.19023132324219,64.60243134404664,63.9732843310493,64.57832448794083,76167200
2019-11-20,63.442962646484375,64.13960443972219,62.77042035286797,64.0094406588,106234400
2019-11-21,63.158512115478516,63.640619743137286,62.95843333042811,63.56348075718102,121395200
2019-11-22,63.103065490722656,63.44053935025517,62.87647432295545,63.298318486465696,65325200
2019-11-25,64.20951080322266,64.22638633771652,63.281452038993585,63.327252857545794,84020400
2019-11-26,63.7081298828125,64.39995331834635,63.27664139219919,64.34692117225768,105207600
2019-11-27,64.56383514404297,64.59758619990868,63.95396945432318,64.0190513181514,65235600
2019-11-29,64.42162322998047,64.60241356645375,64.09619915305304,64.26493974297915,46617600
2019-12-02,63.67676544189453,64.6626744888947,63.505619323163444,64.42643914349124,94487200
2019-12-03,62.541412353515625,62.560693421017824,61.779681450558876,62.266607486055904,114430400
2019-12-04,63.09342575073242,63.4718820212091,62.837909284948175,62.93192380768448,67181600
2019-12-05,64.0190658569336,64.09379930384016,63.332068402488204,63.58758484552913,74424400
2019-12-06,65.25566864013672,65.32557629817515,64.43367434343493,64.47706961595611,106075600
2019-12-09,64.34207916259766,65.27736166371423,63.85755870346598,65.08452157936348,128042400
2019-12-10,64.7181396484375,65.10141438333517,64.08657238840084,64.74706493312719,90420400
2019-12-11,65.2701416015625,65.34969348345126,64.7229520666511,64.79767816395331,78756800
2019-12-12,65.43647766113281,65.70163837389192,64.43851852305019,64.54940123697496,137310400
2019-12-13,66.32595825195312,66.3621148543044,65.3087108196568,65.43646905221725,133587600
2019-12-16,67.4613037109375,67.68548930512532,66.76707504123782,66.7718934682827,128186000
2019-12-17,67.5938949584961,67.92172458582058,67.20579452656094,67.39141065519956,114158400
2019-12-18,67.43240356445312,67.95308077804,67.28295135021965,67.44686620735443,116028400
2019-12-19,67.4998779296875,67.77950120181951,67.24195597172216,67.37453261033633,98369200
2019-12-20,67.36006927490234,68.13384985354818,67.14794077021222,68.03261138491365,275978000
2019-12-23,68.45929718017578,68.5195606460034,67.58427047933793,67.62283998023321,98572000
2019-12-24,68.52437591552734,68.67383548324801,68.19895910016623,68.62562177025686,48478800
2019-12-26,69.8839340209961,69.90080955880055,68.62804531588958,68.6569706056224,93121200
2019-12-27,69.85737609863281,70.86257350590702,69.45240755088105,70.1755688245993,146266000
2019-12-30,70.2719955444336,70.55403170483157,68.75335966764395,69.77542534439749,144114400
2019-12-31,70.78546142578125,70.79269274701018,69.78990785044671,69.88874081149524,100805600
2020-01-02,72.4005126953125,72.46077614730521,71.15667416341765,71.40977771923563,135480400
2020-01-03,71.69664764404297,72.45596582996416,71.47246932030643,71.62915285765841,146322800
2020-01-06,72.26792907714844,72.30649856939735,70.5685026643333,70.81920068576198,118387200
2020-01-07,71.92806243896484,72.53310260522755,71.70870255084994,72.27758611058375,108872000
2020-01-08,73.08511352539062,73.38643082203993,71.63155918060959,71.63155918060959,132079200
2020-01-09,74.63749694824219,74.83033706552648,73.81068409472688,74.06137477592067,170108400
2020-01-10,74.8062515258789,75.37032411023016,74.30486266425461,74.87134078520153,140644800
2020-01-13,76.4044189453125,76.4309386915993,75.00389679896787,75.12201817653433,121532000
2020-01-14,75.37272644042969,76.55148346044966,75.24979396232517,76.34176775906714,161954400
2020-01-15,75.04969787597656,76.05248268254357,74.61820946436237,75.17263768221467,121923600
2020-01-16,75.98981475830078,76.1007048279931,75.23049658770428,75.5920773695483,108829200
2020-01-17,76.83108520507812,76.83349074089385,75.93195182564011,76.23808752279956,137816400
2020-01-21,76.31039428710938,76.90097161406028,76.17299187168369,76.45984644857143,110843200
2020-01-22,76.58280181884766,77.13480977194556,76.48878729766383,76.79492300181599,101832400
2020-01-23,76.95159912109375,77.03114362991317,76.08862248837322,76.63581926484824,104472000
2020-01-24,76.72982025146484,77.9399074546243,76.53938572501609,77.19746512519868,146537600
2020-01-27,74.47357177734375,75.15333787807808,73.4924810810553,74.74113795467083,161940000
2020-01-28,76.58039093017578,76.7515370876536,75.25459488094803,75.35342783283777,162234000
2020-01-29,78.18341064453125,79.02951207503841,77.46989325521864,78.20993039532226,216229200
2020-01-30,78.07010650634766,78.1231386457578,76.83591201430718,77.26740045058162,126743200
2020-01-31,74.60856628417969,77.78324080814086,74.31448034488959,77.36139664518089,199588400
2020-02-03,74.40369415283203,75.56798119819389,72.85130652142897,73.35269537300906,173788400
2020-02-04,76.86002349853516,77.05045810466474,75.60172207527795,76.00669078804627,136616400
2020-02-05,77.48675537109375,78.28464294726993,76.88412080562057,77.98573120045752,118826800
2020-02-06,78.39311218261719,78.39552507490272,77.1999001655233,77.7567339114429,105425600
2020-02-07,77.32755279541016,78.14183107037995,76.8370524098855,77.89295663582978,117684000
2020-02-10,77.69481658935547,77.69481658935547,75.83430131081457,75.914034625019,109348800
2020-02-11,77.2260513305664,78.26262851927434,77.00858949259958,78.19014369789785,94323200
2020-02-12,79.06000518798828,79.06483505188083,77.67548599053883,77.67548599053883,113730400
2020-02-13,78.49699401855469,78.82319041288298,78.12972535629663,78.33269019916315,94747600
2020-02-14,78.516357421875,78.76523186182376,78.00894143905393,78.4656106619056,80113600
2020-02-18,77.07865905761719,77.25987847546425,76.01791785904396,76.19913727689102,152531200
2020-02-19,78.19498443603516,78.42453202537972,77.32029972520789,77.32029972520789,93984000
2020-02-20,77.39278411865234,78.4438584118609,76.88778679879077,77.9557766771897,100566000
2020-02-21,75.64098358154297,77.42902110600791,75.02484049800245,76.98684158821678,129554000
2020-02-24,72.04801177978516,73.49776723386336,69.88546431842104,71.8257200728422,222195200
2020-02-25,69.60757446289062,73.09907108734735,69.13640846047264,72.7173054732624,230673600
2020-02-26,70.7118148803711,71.9755209333374,69.22581713906433,69.23306562077462,198054800
2020-02-27,66.0895004272461,69.10499371673924,65.95419053994536,67.9210285159399,320605600
2020-02-28,66.05084991455078,67.27106508637516,61.94562839291094,62.160678974985316,426510000
2020-03-02,72.20023345947266,72.83571074634416,67.10434419306169,68.20615768991611,341397200
2020-03-03,69.90719604492188,73.45426192334152,69.05666829287019,73.37452863350472,319475600
2020-03-04,73.14981079101562,73.30928474411743,70.82778980651666,71.62757081642688,219178400
2020-03-05,70.77706146240234,72.3790349760971,70.41220399588842,71.40528289969257,187572800
2020-03-06,69.83714294433594,70.26965542799252,67.95246362121284,68.13851293457299,226176800
2020-03-09,64.31356811523438,67.19374467213605,63.54761077884886,63.72883020122201,286744800
2020-03-10,68.94552612304688,69.21131605967966,65.0867606135554,66.96419837707879,285290000
2020-03-11,66.55104064941406,67.95005711196444,65.68843414732385,67.02463287046726,255598800
2020-03-12,59.97880554199219,65.23900324323806,59.92323260860385,61.84174314573799,418474000
2020-03-13,67.16474914550781,67.63592258199654,61.11926832671573,64.00428573904365,370732000
2020-03-16,58.52422332763672,62.60044826219108,57.9902283526449,58.46139822062626,322423600
2020-03-17,61.0975227355957,62.245242026979696,57.60361074150865,59.80482274842446,324056000
2020-03-18,59.60186767578125,60.406482464640554,57.29433930824816,57.93465023452481,300233600
2020-03-19,59.145179748535156,61.09268365715966,58.62085205674534,59.7758234122857,271857200
2020-03-20,55.390323638916016,60.84865193316744,55.090706190239764,59.725089265820536,401693200
2020-03-23,54.213600158691406,55.21151627155354,51.372080998658355,55.11003383943649,336752800
2020-03-24,59.652610778808594,59.848327192203485,56.61295613694801,57.110704962845915,287531200
2020-03-25,59.32398986816406,62.39988643227555,59.02920598580545,60.587692247407915,303602000
2020-03-26,62.44579315185547,62.50378100355287,59.52695207272685,59.56561309847068,252087200
2020-03-27,59.860408782958984,61.8248250722316,59.69368630258447,61.07095335601888,204216800
2020-03-30,61.568702697753906,61.74025873047765,60.26150553022684,60.585287078823825,167976400
2020-03-31,61.44304656982422,63.4243781505614,60.88972489834924,61.75957958595021,197002000
2020-04-01,58.21010208129883,60.09719995282628,57.78000823267317,59.56079010801558,176218400
2020-04-02,59.18143081665039,59.234588810411715,57.24117510511811,58.072368803656616,165934000
2020-04-03,58.3309211730957,59.36749487099752,57.741353268233574,58.6667810943843,129880000
2020-04-06,63.419551849365234,63.57418859482583,60.25666962435699,60.62393834693367,201820400
2020-04-07,62.68500900268555,65.64976368215225,62.58111162954673,65.43229446081726,202887200
2020-04-08,64.28941345214844,64.60352421399418,63.1199448269442,63.484794969799864,168895200
2020-04-09,64.7533187866211,65.25590475851683,63.95837493137018,64.92487847473,161834800
2020-04-13,66.02428436279297,66.13301897916537,64.23141674512242,64.8306516969401,131022800
2020-04-14,69.35871124267578,69.64866527052683,67.1840781553046,67.65525160710325,194994800
2020-04-15,68.72565460205078,69.18474234820361,67.80747910974512,68.23515430833677,131154400
2020-04-16,69.27174377441406,69.63660131632508,68.22308804264783,69.43846626880793,157125200
2020-04-17,68.33180236816406,69.33455576393993,66.89654391550201,68.78847886393716,215250000
2020-04-20,66.91343688964844,68.06115954025329,66.89411006844139,67.15989994650633,130015200
2020-04-21,64.84515380859375,66.99079338426836,64.13477293897611,66.75641592219942,180991600
2020-04-22,66.71290588378906,67.14782951135057,65.77056644151477,66.11125243793057,116862400
2020-04-23,66.45437622070312,68.0781026916564,66.41571518879498,66.65734110784256,124814400
2020-04-24,68.37288665771484,68.3825537591584,66.93037962499518,66.9787077583751,126161200
2020-04-27,68.42119598388672,68.75222222241877,67.64316044289428,68.09016237151883,117087600
2020-04-28,67.31217956542969,69.06396837069899,67.22036786345632,68.8827488391194,112004800
2020-04-29,69.52302551269531,69.99178036647727,68.59518290617446,68.79814778505363,137280800
2020-04-30,70.98967742919922,71.16606696831562,69.67282086621682,70.06183497622997,183064000
2020-05-01,69.84679412841797,72.2461373205468,69.068758508474,69.16540738463718,240616800
2020-05-04,70.8350601196289,70.9631215704607,69.18233960605242,69.87097499683554,133568000
2020-05-05,71.89820861816406,72.7294023781066,71.14916678667844,71.29414381435919,147751200
2020-05-06,72.64000701904297,73.27064717863384,72.21474300795924,72.59892736503848,142333600
2020-05-07,73.39144897460938,73.73697961793019,72.96377378346223,73.26580616038919,115215200
2020-05-08,75.1382827758789,75.19158466112692,73.72336874196486,74.05044815626871,133838400
2020-05-11,76.32060241699219,76.81484814613628,74.4380826460871,74.64644722875487,145946400
2020-05-12,75.44841766357422,77.45449582037008,75.32727766040104,77.00385116379037,162301200
2020-05-13,74.53742980957031,76.54835795686193,73.46170617265714,75.6276896528906,200622400
2020-05-14,74.995361328125,75.05593133463293,73.05469595359499,73.77669309293739,158929200
2020-05-15,74.55196380615234,74.5979975896763,72.7348641211466,72.76878686428954,166348400
2020-05-18,76.3084945678711,76.68160777866888,75.18431939181484,75.87481876052446,135178400
2020-05-19,75.86758422851562,77.17104478675799,75.83608663659028,76.3254897133816,101729600
2020-05-20,77.34302520751953,77.41328106413269,76.68644126951045,76.72520694581257,111504800
2020-05-21,76.76642608642578,77.74523944094076,76.52898900422082,77.204952332668,102688800
2020-05-22,77.26067352294922,77.34304783651851,76.40300024409417,76.50475370458611,81803200
2020-05-26,76.73736572265625,78.55688393734103,76.68163864733704,78.3775990597584,125522000
2020-05-27,77.0716781616211,77.21704762323688,75.85543536682479,76.59439371595593,112945200
2020-05-28,77.1056137084961,78.36304756047794,76.47084126097369,76.74703662948228,133560800
2020-05-29,77.03050994873047,77.8082267406315,76.67435802451047,77.34789618259597,153532400
2020-06-01,77.97782135009766,78.09896135300481,76.8536385740957,76.98447184749915,80791200
2020-06-02,78.33881378173828,78.36304326033381,77.27035810172477,77.71130947324757,87642800
2020-06-03,78.77006530761719,79.03173182452788,78.08683399477036,78.65861858793946,104491200
2020-06-04,78.09168243408203,78.89120338502829,77.71856920653472,78.59320375117642,87560400
2020-06-05,80.31581115722656,80.3763811505578,78.31215843959637,78.34123085338769,137250400
2020-06-08,80.7906723022461,80.82459504521165,79.30307721267422,80.01295571139336,95654400
2020-06-09,83.34188079833984,83.73437314923221,80.439371619184,80.47086919688729,147712400
2020-06-10,85.486083984375,85.95368266276594,83.85069379935202,84.2892200574616,166651600
2020-06-11,81.3818359375,85.05480096655532,81.2800824962617,84.63081104253492,201662400
2020-06-12,82.08447265625,84.26499296476219,80.97483335252352,83.5187737124544,200146000
2020-06-15,83.09960174560547,83.75133543445982,80.57746645559173,80.73979728329574,138808800
2020-06-16,85.30194854736328,85.5733083880593,83.51877109987304,85.15173611381705,165428800
2020-06-17,85.18321228027344,86.10629835837992,85.06207229738494,86.04572836693566,114406400
2020-06-18,85.21715545654297,85.63387739334637,84.60903023062069,85.1396240743936,96820400
2020-06-19,84.73017120361328,86.38736569840516,83.62294970746999,85.92219218783181,264476000
2020-06-22,86.94700622558594,87.08995051171077,85.07660467814306,85.12263846107449,135445200
2020-06-23,88.8028793334961,90.22021867227018,87.77076426941889,88.18991128978877,212155600
2020-06-24,87.2353286743164,89.35043555341034,86.86221543627708,88.4321923624518,192623200
2020-06-25,88.39344024658203,88.43220593644023,86.63206719010891,87.39040482402382,137522400
2020-06-26,85.6774673461914,88.50972079929527,85.52967271907464,88.28924513838203,205256800
2020-06-29,87.65203857421875,87.74653130218796,85.10809914104198,85.58539093044703,130646000
2020-06-30,88.38372802734375,88.66962400453063,87.22078715611465,87.24016629998945,140223200
2020-07-01,88.216552734375,89.00396260480164,88.16810117862731,88.46125786012283,110737200
2020-07-02,88.216552734375,89.75745712558465,88.10268825115901,89.12268481304834,114041600
2020-07-06,90.57637786865234,91.04397648582848,89.61210082402599,89.6435984064739,118655600
2020-07-07,90.2953109741211,91.73202923655452,90.18386427254704,90.95431270334508,112424400
2020-07-08,92.39833068847656,92.42982827430403,91.18450541379949,91.27173006638321,117092000
2020-07-09,92.79566192626953,93.34320967936996,91.74901058829923,93.28990778547893,125642800
2020-07-10,92.95799255371094,93.01614478395153,91.78051525297649,92.39105821700926,90257200
2020-07-13,92.52916717529297,96.86840340129038,92.31595956581418,94.26146791160848,191649200
2020-07-14,94.06034851074219,94.25174434945905,90.97854722279762,91.91131912379288,170989200
2020-07-15,94.70726013183594,96.18274459430761,93.51039621887803,95.9331964647362,153198000
2020-07-16,93.5418701171875,94.39711809164639,92.94343831225127,93.58063579856042,110577600
2020-07-17,93.3529052734375,94.14758336972574,92.8804563206502,93.99252801605422,92186800
2020-07-20,95.32020568847656,95.45830704424495,93.09607736485056,93.44011817142827,90318000
2020-07-21,94.00462341308594,96.18514302833793,93.75507535287011,96.11003683309417,103433200
2020-07-22,94.26872253417969,94.94952872983103,93.61941392094188,93.70663117027293,89001600
2020-07-23,89.97795104980469,94.07974983333283,89.168736705882,94.00221845583387,197004400
2020-07-24,89.75505828857422,90.09909918615199,86.39221027249204,88.17782031323753,185438800
2020-07-27,91.88227081298828,91.97433840198715,90.59334674840196,90.81624022237884,121214000
2020-07-28,90.37285614013672,91.63028980605597,90.3680058085899,91.45342276195278,103625600
2020-07-29,92.10514831542969,92.28928344671583,90.81864234957972,90.85498286396583,90329200
2020-07-30,93.21965789794922,93.32383652649061,90.87196403764284,91.27899267505967,158130000
2020-07-31,102.97868347167969,103.12889587437893,97.71151174507618,99.70790378289954,374336800
2020-08-03,105.57349395751953,108.19011460238991,104.56076548592098,104.85876510860703,308151200
2020-08-04,106.27853393554688,107.36879381499179,105.0404794276689,105.76247640960193,173071600
2020-08-05,106.66378021240234,106.98359161753405,105.5347544170492,105.9999353148589,121776800
2020-08-06,110.38516235351562,110.8794155123001,106.40692979133648,106.99566828403432,202428800
2020-08-07,107.87549591064453,110.36334336865978,107.07938502036484,109.90703455219526,198045600
2020-08-10,109.44342041015625,110.46040427609424,106.79537954219775,109.319632486315,212403600
2020-08-11,106.1886215209961,109.20559017872704,105.9289127146506,108.70802360073796,187902400
2020-08-12,109.71772766113281,109.97500693123462,107.0842483400898,107.27841885849969,165598000
2020-08-13,111.6594467163086,112.66186835700262,110.60847874929773,111.09634192240293,210082000
2020-08-14,111.5599365234375,111.64974056440289,109.75169319709691,111.48469489954057,165565200
2020-08-17,111.26866912841797,112.70555595050736,110.64246299694389,112.68128278727484,119561600
2020-08-18,112.19586944580078,112.62062395424891,110.68617026805988,111.02112072271991,105633600
2020-08-19,112.33662414550781,113.74923783578949,112.24196843606359,112.60361413274605,145538000
2020-08-20,114.82933044433594,114.94340764743272,112.3608970952543,112.37788905057565,126907200
2020-08-21,120.74677276611328,121.22977689357654,115.77592935893642,115.78806223773633,338054800
2020-08-24,122.19095611572266,125.03317609028124,120.32689227036526,124.94821629442238,345937600
2020-08-25,121.18850708007812,121.53316822878249,119.4676456893335,121.06472653687041,211495600
2020-08-26,122.8365478515625,123.29285663343889,121.43849667426107,122.50402701142234,163022400
2020-08-27,121.36811828613281,123.77101327398971,120.22491675397727,123.43849242247208,155552400
2020-08-28,121.17153930664062,122.7589022198581,120.94823653884207,122.34142892911956,187630000
2020-08-31,125.28070068359375,127.18360697027765,122.32927082637391,123.86324282555849,225702700
2020-09-01,130.27096557617188,130.87291336835037,126.72730590113318,128.89233580510103,151948100
2020-09-02,127.57192993164062,133.96023717313614,123.30012065359645,133.58159959991974,200119000
2020-09-03,117.35843658447266,125.08653940539764,116.98950967695433,123.2127726268104,257599600
2020-09-04,117.43612670898438,120.0963014671478,107.65949171335286,116.57205526483132,332607200
2020-09-08,109.53324890136719,115.52349838716887,109.39732807142673,110.63032628792358,231366600
2020-09-09,113.90213775634766,115.66911573534202,111.90215372713668,113.8438880955757,176940500
2020-09-10,110.1837387084961,116.98952122909824,109.22258206036143,116.85360038621577,182274400
2020-09-11,108.73712921142578,111.8730336076421,106.79539476122176,111.2322576836528,180860300
2020-09-14,111.99925231933594,112.55264638404466,109.51383440164483,111.37789783991316,140150100
2020-09-15,112.17401885986328,115.36817345414228,110.30024450538139,114.88273976030895,184642000
2020-09-16,108.86335754394531,112.62061700186764,108.77598303445264,111.8730523722857,154679000
2020-09-17,107.1255111694336,108.93132522392388,105.54299988818923,106.52357808935739,178011000
2020-09-18,103.72745513916016,107.64975978247199,102.99930468969426,107.18374764280628,287104900
2020-09-21,106.8730697631836,106.97986575435861,100.0964130289504,101.49446425369291,195713800
2020-09-22,108.55268096923828,109.57209469594426,105.97988830045438,109.39733826871267,183055400
2020-09-23,103.99929809570312,108.84392339466623,103.65948864684648,108.36820053624751,150718700
2020-09-24,105.0672607421875,107.03812018263172,101.94106684060164,102.10611250444195,167743300
2020-09-25,109.00897216796875,109.16431448128618,104.53327361353669,105.2711347875361,149981400
2020-09-28,111.61091613769531,111.96042899652844,109.49442489570826,111.65946247086177,137672400
2020-09-29,110.76624298095703,111.95070223231198,110.26139526105185,111.21284844222973,99382200
2020-09-30,112.43614959716797,113.84391175108092,110.30995505877512,110.4750007366762,142675200
2020-10-01,113.38758850097656,114.29049535158379,112.45555681762868,114.21282419285578,116120400
2020-10-02,109.72742462158203,112.00896881944756,108.9507351859753,109.60121453266758,144712000
2020-10-05,113.10604095458984,113.25167253166546,110.24198536966455,110.59149819179417,106243800
2020-10-06,109.86334991455078,112.73711630408881,108.97985709448719,112.32934639868184,161498200
2020-10-07,111.7274169921875,112.18372583418271,110.80508856065056,111.2808188977388,96849000
2020-10-08,111.62062072753906,113.0089613382161,111.25168639294162,112.86332975388186,83477200
2020-10-09,113.56236267089844,113.59148750819554,111.5720815081163,111.92159436994272,100506900
2020-10-12,120.77591705322266,121.5331925091267,115.80507284543683,116.56234830134088,240226800
2020-10-13,117.57202911376953,121.73705073964729,116.16427448485399,121.62054399652054,262330500
2020-10-14,117.65940856933594,119.4458008172495,116.1351472290792,117.47494141501437,150712000
2020-10-15,117.1933822631836,117.66910513115165,114.70796452850907,115.26135855246798,112559200
2020-10-16,115.55262756347656,118.0089281560019,115.34874631090426,117.74678982617324,115393800
2020-10-19,112.60118865966797,116.9118342796432,112.29051143113706,116.46523622657561,120639300
2020-10-20,114.08660888671875,115.51378488263892,112.26137377590751,112.81476779400624,124423700
2020-10-21,113.46525573730469,115.25164788351834,113.05748587164362,113.27107784719725,89946000
2020-10-22,112.37787628173828,114.601163016686,111.25166679554484,114.02834752777623,101988000
2020-10-23,111.6885757446289,113.15458745033783,110.95071451824744,112.99924512599237,82572600
2020-10-26,111.69829559326172,113.15459667058127,109.59150773865373,110.68859262413119,111850700
2020-10-27,113.20311737060547,113.86330738232272,111.203133250019,112.12545415431511,92276800
2020-10-28,107.9604263305664,112.06719771840048,107.86334109500166,111.69827086040297,143937800
2020-10-29,111.96041870117188,113.52351567412646,108.93131000553764,109.09636307884779,146129200
2020-10-30,105.68861389160156,108.72742584588708,104.58182577242385,107.82451896896531,190272600
2020-11-02,105.60122680664062,107.45558679697702,104.19347226654686,105.93132552110745,122866900
2020-11-03,107.22259521484375,108.24200151383607,105.56241289323033,106.46531984784082,107624400
2020-11-04,111.60118865966797,112.22254311397377,109.07693526315951,110.81478854874675,138235500
2020-11-05,115.56233978271484,116.1351553723964,113.46527015302647,114.51380126430563,126387100
2020-11-06,115.43104553222656,115.92703675245446,112.94133225108231,115.07120221763194,114457900
2020-11-09,113.12610626220703,118.6404186508716,112.86352313794548,117.19133287792215,154515300
2020-11-10,112.78573608398438,114.36124992222891,110.99625432436308,112.37727008295128,138023400
2020-11-11,116.2090835571289,116.3452388928094,113.24283383562194,113.97224059958567,112295000
2020-11-12,115.936767578125,117.22052312713384,115.31434109496367,116.33551348572685,103162300
2020-11-13,115.98539733886719,116.38413582545107,114.63356412889462,116.16045525051373,81581900
2020-11-16,116.99681854248047,117.66786755136084,114.90585152661858,115.65470568490484,91183000
2020-11-17,116.11182403564453,117.35667698637204,115.69363055189307,116.26743436443991,74271000
2020-11-18,114.78917694091797,116.53002870692607,114.76000185644509,115.35325330709236,76322100
2020-11-19,115.38241577148438,115.7908817492475,113.60266161420516,114.36124340716778,74113000
2020-11-20,114.11810302734375,115.50883872913519,114.06948036722605,115.38241090893905,73604300
2020-11-23,110.72393798828125,114.39042656864258,110.62668524347754,113.96250558761568,127959300
2020-11-24,112.00769805908203,112.66902713847026,109.49853707376413,110.78230006896696,113874200
2020-11-25,112.84408569335938,113.54431736019659,112.00769869351593,112.37726952874067,76499200
2020-11-27,113.38870239257812,114.26399194036229,113.02886649286769,113.36925481147574,46691300
2020-11-30,115.78115844726562,117.64843779643516,113.60265845332594,113.75826877571102,169410200
2020-12-01,119.35037994384766,120.0797865936806,116.71479147284033,117.68733367261757,127728200
2020-12-02,119.70051574707031,119.98255392256038,117.57064559900594,118.66961579736986,89004200
2020-12-03,119.5643539428711,120.38128592155832,118.85439479194712,120.12842284343223,78967600
2020-12-04,118.8932876586914,119.4865390127896,118.18332856578574,119.23367595532766,78260400
2020-12-07,120.35209655761719,121.14958086023294,118.8932832660097,118.9516334233034,86712000
2020-12-08,120.96481323242188,121.54834457068203,119.71023272701726,120.95509315138429,82225500
2020-12-09,118.43618774414062,122.49168693103906,117.67760601650876,121.11067878997038,115089200
2020-12-10,119.8561019897461,120.46880834155796,116.85095006957522,117.19133836507719,81312200
2020-12-11,119.04890441894531,119.38929273400028,117.23997517904313,119.0683519998447,86939800
2020-12-14,118.43618774414062,119.96307869896347,118.20277969407886,119.23367205010081,79184500
2020-12-15,124.36870574951172,124.3881607505194,120.72167215100104,120.92590514212858,157243700
2020-12-16,124.3006362915039,124.84525763713049,123.08495834508075,123.91162528457596,98208600
2020-12-17,125.16618347167969,126.02202539265798,124.52430203094598,125.36068895195196,94359800
2020-12-18,123.18220520019531,125.5552106694522,122.65703149372492,125.41905534776451,192541500
2020-12-21,124.70909118652344,124.78689634893868,120.06034032088816,121.5872313887212,121251600
2020-12-22,128.25888061523438,130.71941139606707,126.09010064650239,127.99629004452623,168904800
2020-12-23,127.36414337158203,128.79376686890285,127.18907804467862,128.53119113827395,88223700
2020-12-24,128.34640502929688,129.79549835924004,127.50029800003861,127.71425848740788,54930100
2020-12-28,132.9368438720703,133.5689905952499,129.8441508384951,130.3109819483543,124486200
2020-12-29,131.1667938232422,134.97915839822994,130.6513475184492,134.25948649182007,121047300
2020-12-30,130.0483856201172,132.2560612728946,129.73716489381331,131.85731528225065,96452100
2020-12-31,129.0466766357422,131.04039188221898,128.10330915091885,130.3985102212382,99116600
2021-01-04,125.85671997070312,129.94139522635723,123.27948103610497,129.85386996883645,143301900
2021-01-05,127.41275024414062,128.12271674575476,124.90358954867594,125.35096549709283,97664900
2021-01-06,123.1238784790039,127.45169703707407,122.90991794275145,124.21312874542082,155088000
2021-01-07,127.3252182006836,128.01572966594065,124.34924155623901,124.83551263774474,109578200
2021-01-08,128.42417907714844,128.9882552399278,126.65414544499792,128.79373496048996,105158200
2021-01-11,125.43851470947266,126.59584254088283,124.97169851220295,125.64275514317653,100384500
2021-01-12,125.26345825195312,126.12902035403391,123.37672370948479,124.97169257758259,91951100
2021-01-13,127.2960433959961,127.84066463408008,124.96194813568883,125.22452383559776,88636800
2021-01-14,125.37043762207031,127.4030475675069,125.22454736600265,127.20854206590191,90221800
2021-01-15,123.6490249633789,126.64445696844105,123.51286963768597,125.2439937099894,111598500
2021-01-19,124.32008361816406,125.1759255883475,123.45452156734409,124.27145353534586,90757300
2021-01-20,128.40475463867188,128.85213061210496,125.02031169638846,125.12729193961263,104319500
2021-01-21,133.11187744140625,135.8349992091979,129.92193946307938,130.12617990258715,120150900
2021-01-22,135.25146484375,136.01004665089906,131.31266555904966,132.53806351525557,114459400
2021-01-25,138.9957275390625,141.1061423033731,132.79090363932372,139.14161777095364,157611700
2021-01-26,139.22914123535156,140.33783872046894,137.48828243304504,139.6570621664172,98390600
2021-01-27,138.15936279296875,140.33786298237393,136.5546738638665,139.49174105337266,140843800
2021-01-28,133.32582092285156,138.09128711738055,132.94653001780165,135.68910643879175,142621100
2021-01-29,128.33668518066406,132.98543606950525,126.63473619885515,132.10041903740844,177523800
2021-02-01,130.45680236816406,131.66275996689077,127.3349355620146,130.0775115262782,106239800
2021-02-02,131.2834930419922,132.56724118693242,130.91392221186754,132.0031648608857,83305400
2021-02-03,130.26231384277344,132.0420679752551,129.9413731133275,132.0323330550851,89880900
2021-02-04,133.6176300048828,133.6273500887493,130.89450770017083,132.5575621103493,84183100
2021-02-05,133.20362854003906,133.8464691818489,132.32703847356598,133.77829722031976,75693800
2021-02-08,133.34971618652344,133.39841892980013,131.41145995524053,132.49259546322395,71297200
2021-02-09,132.47311401367188,134.29449558670797,132.3172860388913,133.06725182462114,76774200
2021-02-10,131.86924743652344,133.42764614924684,130.9049865610518,132.93089894279558,73046600
2021-02-11,131.61602783203125,132.84325691578465,130.291393245221,132.3659937299951,64280000
2021-02-12,131.8497772216797,132.0056200817279,130.21347177715296,130.85631242835694,60145100
2021-02-16,129.72650146484375,132.47316186052734,129.3368942321961,131.96669475107984,80576300
2021-02-17,127.43756103515625,128.78167951119218,126.10319202528883,127.83690273629607,97918500
2021-02-18,126.33695983886719,126.61941198787154,124.09676726976038,125.84021263400942,96856700
2021-02-19,126.49280548095703,127.31097309084008,125.45063790347744,126.85319396385569,87668800
2021-02-22,122.72344970703125,126.34671464924598,122.33384996779367,124.68117557823038,103916400
2021-02-23,122.5870590209961,123.41495360711981,115.31131234938887,120.54167021086835,158273000
2021-02-24,122.09036254882812,122.29490075920138,119.0515006449994,121.69102816600345,111039900
2021-02-25,117.84371948242188,123.17147632846172,117.40542445743719,121.43776543888308,148199500
2021-02-26,118.10669708251953,121.60333738053185,118.04825229910983,119.40210545733144,164560400
2021-03-01,124.4668960571289,124.60325484384613,119.5969181572381,120.53195302229754,116307900
2021-03-02,121.8663330078125,125.3727157063762,121.75919289657611,125.07077944616279,102260900
2021-03-03,118.88589477539062,122.44098002866822,118.6716145648539,121.56438254510716,112966300
2021-03-04,117.00607299804688,120.38583846392305,115.53534519039708,118.58394833274576,178155000
2021-03-05,118.26252746582031,118.76900926850234,114.51264641529035,117.83397451469976,153766600
2021-03-08,113.3341064453125,117.85344455096923,113.18800564768664,117.78526516954318,154376600
2021-03-09,117.94112396240234,118.88590088596752,115.70093853482196,115.93469539878758,129525800
2021-03-10,116.85999298095703,118.99303824849771,116.34376908141869,118.52552453136408,111943300
2021-03-11,118.78849792480469,120.00599237807343,118.10670400337277,119.35341713456053,103026500
2021-03-12,117.88267517089844,118.01903394756955,116.06130832636462,117.26906067587845,88105100
2021-03-15,120.76570129394531,120.77544332973144,117.28853761790177,118.25279852383531,92403800
2021-03-16,122.30461883544922,123.91171295180644,121.47672411823375,122.43123557963636,115227900
2021-03-17,121.51568603515625,122.58707964634337,119.15861117334904,120.82415009129004,111932600
2021-03-18,117.39567565917969,119.97676520351848,117.1911374972353,119.68456358302885,121229700
2021-03-19,116.8697280883789,118.27228410779664,116.56779183514182,116.7820720526636,185549500
2021-03-22,120.18131256103516,120.64883370339138,117.13270910784668,117.20088850037816,111912300
2021-03-23,119.35342407226562,121.0092136525593,118.96382433837393,120.12288150317761,95467100
2021-03-24,116.96713256835938,119.7040653634643,116.94765592524341,119.62614392900645,88530500
2021-03-25,117.4541244506836,118.49630686413842,115.9054750318424,116.43143354135354,98844700
2021-03-26,118.05799865722656,118.32098161470867,115.82754797615723,117.22036189731419,94071200
2021-03-29,118.23330688476562,119.3923638462603,117.59047375295034,118.48654778202403,80819200
2021-03-30,116.78206634521484,117.26906411360106,115.76911009525196,116.98660451621751,85671900
2021-03-31,118.97354888916016,120.30791793555011,117.99955341308188,118.48655115112102,118323800
2021-04-01,119.80146026611328,120.9507753854183,119.30472042335516,120.44430093685868,75089100
2021-04-05,122.62605285644531,122.87929380413213,119.86964340519192,120.64884289146045,88651200
2021-04-06,122.927978515625,123.82405264578033,122.38254338092113,123.21043811923847,80171300
2021-04-07,124.57402801513672,124.59350465582355,121.88579830959569,122.55785759372996,83466700
2021-04-08,126.97005462646484,126.99927330265552,125.17790646414029,125.59671739753477,88844600
2021-04-09,129.54139709472656,129.58035037412546,126.1031942856078,126.42461457311639,106686700
2021-04-12,127.82718658447266,129.39532007888374,127.23304868008105,129.07389975073812,91420000
2021-04-13,130.9342041015625,131.15823376064404,128.49921542278324,128.99596262492872,91266500
2021-04-14,128.5966339111328,131.4894019428346,128.2362603060902,131.43096458655666,87222800
2021-04-15,131.00241088867188,131.48940869866695,130.16477406100063,130.34010100083557,89347100
2021-04-16,130.6712646484375,131.16799709740084,129.81414368991753,130.8076234498389,84922400
2021-04-19,131.33355712890625,131.9471790846723,129.87256379574342,130.0381412567294,94264200
2021-04-20,129.64852905273438,132.00559615119002,128.3823320528723,131.5088638445784,94812300
2021-04-21,130.0283966064453,130.27189547649485,127.88560952240783,128.91804235349915,68847100
2021-04-22,128.5089874267578,130.66150947358742,127.99277092528317,129.58037371612286,84566500
2021-04-23,130.8271026611328,131.60628729046172,128.72326849315886,128.72326849315886,78657500
2021-04-26,131.21669006347656,131.5478450047434,130.08685158645528,131.32383017529745,66905100
2021-04-27,130.89532470703125,131.88880481010966,130.6226070100293,131.4991974843927,66015800
2021-04-28,130.10633850097656,131.50889459107745,129.61934068424674,130.81735115204378,107760100
2021-04-29,130.0089111328125,133.5055661641117,129.0056969879915,132.92116293750138,151101000
2021-04-30,128.04147338867188,130.08685531571498,127.66161568350715,128.35314426527148,109839500
2021-05-03,129.0933380126953,130.5835645811877,128.40180963228673,128.6063403344398,75135100
2021-05-04,124.52533721923828,128.070688075214,123.40524078183631,127.77848641989287,137564700
2021-05-05,124.76883697509766,127.05771762012843,124.64221279666873,125.84022317213565,84000900
2021-05-06,126.3662109375,126.37594554444907,123.82407406523244,124.5643128982338,78128300
2021-05-07,127.03939056396484,128.0638111341248,126.3271553590937,127.66380595625425,78973300
2021-05-10,123.76121520996094,126.38570894939902,123.72218831224927,126.25888455817044,88071200
2021-05-11,122.84408569335938,123.19531281841267,119.78053807914273,120.4927657999539,126142800
2021-05-12,119.78054809570312,121.60501628867115,119.27321336720668,120.39521236408822,112172300
2021-05-13,121.92697143554688,123.07823863645709,121.23426088704589,121.54646856304096,105861300
2021-05-14,124.34659576416016,124.7758841676664,122.7855571745272,123.17581868284023,81918000
2021-05-17,123.19532012939453,123.83925269137897,122.12210663637244,123.7319305977149,74244600
2021-05-18,121.80990600585938,123.89779649597985,121.74161080080381,123.47826668103308,63342900
2021-05-19,121.65380096435547,121.87819629608094,119.86835967667767,120.16105765432343,92612000
2021-05-20,124.20999908447266,124.61001915730156,122.05381347828964,122.18065274217139,76857100
2021-05-21,122.37577056884766,124.88319058200729,122.16112639405591,124.70757329750661,79295400
2021-05-24,124.00511169433594,124.82466155300955,122.87336158160026,122.94165678285485,63092900
2021-05-25,123.80999755859375,125.19542633961541,123.24411872152993,124.70759385237946,72009500
2021-05-26,123.76121520996094,124.28806716363906,123.34168536408502,123.86853731776313,56575900
2021-05-27,122.22943115234375,124.5319657543007,122.03430412924318,123.36118872845968,94625600
2021-05-28,121.57574462890625,122.73677048730885,121.51720801205188,122.51236771666937,71311100
2021-06-01,121.25379180908203,122.29773710604329,120.92207435192587,122.03431485733806,67637100
2021-06-02,122.01477813720703,122.19039542274523,121.02937706510446,121.25377238108098,59278900
2021-06-03,120.53177642822266,121.80987527623792,120.13175643979874,121.64401659774775,76229200
2021-06-04,122.8245849609375,123.08801464449839,120.83425795335646,121.04890215666704,75169300
2021-06-07,122.8343276977539,123.24409888195902,121.79038257021139,123.09774990370911,71057600
2021-06-08,123.65386199951172,125.331988404536,123.13676876123085,123.51727161368726,74403800
2021-06-09,124.03437042236328,124.63927604647924,123.43922338156383,124.11242420165917,56877900
2021-06-10,123.03923034667969,125.06858426923962,122.87337162202547,123.92706803553762,71186400
2021-06-11,124.24903106689453,124.33684344114933,123.02946851727127,123.44899833208643,53522400
2021-06-14,127.30281066894531,127.36134728829198,123.9758479654745,124.70758548178374,96906500
2021-06-15,126.48326873779297,127.41989931286103,126.23935623136502,126.77596672295411,62746300
2021-06-16,126.98085021972656,127.70283662845416,125.33201411236685,127.19549442536886,91815000
2021-06-17,128.58087158203125,129.3223749059046,126.49298175181782,126.63933814390342,96721700
2021-06-18,127.28328704833984,128.3077074896389,127.06864288856177,127.52719951288445,108953300
2021-06-21,129.07852172851562,129.1858438437529,126.06376624672313,127.12722136946698,79663300
2021-06-22,130.71759033203125,130.8151612925248,128.41505560442437,128.91264666080772,74783600
2021-06-23,130.4444122314453,131.0493254021088,129.98585550457855,130.51271488266488,60214200
2021-06-24,130.1614990234375,131.36154462192493,129.69317620046218,131.17616869873564,68711000
2021-06-25,129.86875915527344,130.6297648884673,129.57606120699057,130.2102425761428,70783700
2021-06-28,131.4980926513672,131.95664929646315,130.10292043684166,130.1614570490265,62111300
2021-06-29,133.01039123535156,133.16649883756983,131.0786080414317,131.51764764633526,64556100
2021-06-30,133.625,134.06403942217588,132.56153042883813,132.85422833936676,63261400
2021-07-01,133.92747497558594,133.98601159157678,132.4542339993765,133.27379128495963,52485800
2021-07-02,136.5519561767578,136.59097561940857,134.3957635112395,134.5421050302235,78852600
2021-07-06,138.5618133544922,139.66428770082487,136.65929888430668,136.65929888430668,108181800
2021-07-07,141.0497283935547,141.3619286538461,139.1862333107396,140.04479519196917,104911600
2021-07-08,139.75209045410156,140.5521155930635,137.2446631833098,138.13250812343543,105575500
2021-07-09,141.57656860351562,142.10341304013653,139.17646311232951,139.27403406481795,99890800
2021-07-12,140.9813995361328,142.7570893612842,140.49357462424308,142.64976728517905,76299700
2021-07-13,142.0936279296875,143.869317607253,140.1325773062874,140.5228312484694,100827100
2021-07-14,145.5181884765625,145.9279745686904,144.0839818158266,144.4937679079545,127050800
2021-07-15,144.86451721191406,146.34750947636803,143.50836421958925,145.60602078776031,106820300
2021-07-16,142.82537841796875,146.11331359035626,142.32780236268064,144.84498071759424,93251400
2021-07-19,138.98135375976562,140.56191704499963,138.22034787278739,140.24970186714236,121434600
2021-07-20,142.5912322998047,143.5181116494979,139.47892150687957,139.9667464752501,96350000
2021-07-21,141.8594970703125,142.57173225410514,141.10825732605966,141.9863363279922,74993500
2021-07-22,143.22540283203125,144.59130668501456,142.25950410848452,142.38634335455993,77338200
2021-07-23,144.94256591796875,145.0986734955369,143.34250046599004,143.95716474814094,71447400
2021-07-26,145.3621063232422,146.18164879238583,144.1035094217646,144.65963709619385,72434100
2021-07-27,143.19615173339844,145.5767400665626,142.00585756681636,145.48892025406204,104818600
2021-07-28,141.44972229003906,143.39127100475073,139.06913408549428,141.28386358886817,118931200
2021-07-29,142.0936279296875,142.98147276847027,141.0594415843949,141.16676365158,56699500
2021-07-30,142.3083038330078,142.76686050541852,140.60091640214495,140.86434605990442,70440600
2021-08-02,141.9766082763672,143.3717807887823,141.7131785780533,142.7961507964113,62880000
2021-08-03,143.7717742919922,144.43520909857267,141.64484970305608,142.2595139229218,64786600
2021-08-04,143.37176513671875,144.19130756729243,142.71808142038705,143.68398028393023,56368300
2021-08-05,143.47906494140625,144.24007063545545,142.6107371680816,143.40101116673,46397700
2021-08-06,142.79507446289062,143.74287381363573,142.29675296375655,143.00027443873307,54126800
2021-08-09,142.74627685546875,143.34231572322156,142.18933081387217,142.85375976308137,48908700
2021-08-10,142.26748657226562,144.32919310328901,141.9743500451473,143.0882569205625,69023100
2021-08-11,142.52154541015625,143.3618622586966,142.19909668704307,142.7071990606952,48493500
2021-08-12,145.48216247558594,145.6385039280885,142.50196876649986,142.84396383015653,72282600
2021-08-13,145.68739318847656,146.0196076628779,144.87638850599475,145.56036386786354,59375000
2021-08-16,147.66110229492188,147.72950726446174,143.11753925492116,145.1401525423691,103296000
2021-08-17,146.75244140625,148.20832862251999,145.67761233221978,146.79151932278535,92229700
2021-08-18,143.0100860595703,147.27029417589944,142.80488601790597,146.37135309386304,86326000
2021-08-19,143.34228515625,144.61253336364982,141.1926423719419,141.71051038649435,86960300
2021-08-20,144.79820251464844,145.10110479232438,143.4204712746936,144.06536865206095,60549600
2021-08-23,146.2834014892578,146.75241093803115,144.50505101044897,144.91543614181833,60131800
2021-08-24,146.1954803466797,147.40710449199298,145.73623655262395,146.02937310982574,48606400
2021-08-25,144.96432495117188,146.87947087329786,144.41714466186295,146.3811342523207,58991300
2021-08-26,144.16305541992188,145.70689371393732,144.13374326132688,144.95452843061085,48597200
2021-08-27,145.1988067626953,145.34536755607812,143.4693148530707,144.10443150378484,55802400
2021-08-30,149.61534118652344,149.97688265994054,145.2085727146907,145.58964568755835,90956700
2021-08-31,148.3549041748047,149.30270392723426,147.8272553901817,149.16590885521063,86453100
2021-09-01,149.01931762695312,151.43278500420377,148.85321040744938,149.33200056452,80313700
2021-09-02,150.1332244873047,151.17874128646721,148.91183471793337,150.34819027947748,71115500
2021-09-03,150.76832580566406,151.09077442910467,149.58601418638187,150.24067718201943,57808700
2021-09-07,153.10362243652344,153.6605683081019,150.85626272401808,151.42298925392222,82278300
2021-09-08,151.559814453125,153.4456331023822,150.45567332943037,153.38700877891932,74420200
2021-09-09,150.54360961914062,152.53691096459315,150.4263460744376,151.93110647020356,57305700
2021-09-10,145.560302734375,151.9212932925362,145.29647845219108,151.45228394273914,140893200
2021-09-13,146.12709045410156,147.954284971399,145.3453979370689,147.18237311566395,102404300
2021-09-14,144.7297821044922,147.61227358439965,143.5474852815467,146.9087519585389,109296300
2021-09-15,145.6189727783203,146.01959220126037,143.01985176888803,145.15972903193406,83281300
2021-09-16,145.3844451904297,145.56033305169905,143.8503875542624,145.04246503666727,68034100
2021-09-17,142.71694946289062,145.41378761722353,142.4238129361749,145.41378761722353,129868800
2021-09-20,139.66836547851562,141.52487196661303,138.0365905336095,140.50868223734292,123478900
2021-09-21,140.1470947265625,141.2903282973729,139.51197821792402,140.63565047460386,75834000
2021-09-22,142.51174926757812,143.0784609405733,140.4109501394529,141.14378392401113,76404300
2021-09-23,143.46929931640625,143.71357721861844,142.30653411634987,143.29341147385273,64838200
2021-09-24,143.5572967529297,144.09471134794907,142.22842380413005,142.3261409703322,53477900
2021-09-27,142.04270935058594,142.61921652920344,140.52819828937186,142.1404264749726,74150700
2021-09-28,138.6619415283203,141.43693551030117,138.44697573581755,139.9712677848058,108972300
2021-09-29,139.5608367919922,141.1437526447908,138.77914461312116,139.20907605697715,74602000
2021-09-30,138.26129150390625,141.07537768507382,138.0463257589815,140.37185613978193,89056700
2021-10-01,139.3849334716797,139.64875772099126,135.9259657199119,138.6520999310094,94639600
2021-10-04,135.955322265625,138.95506236159227,135.1052398519007,138.51535016597074,98322000
2021-10-05,137.8802490234375,138.98439014714222,136.1703033445533,136.29733265175278,80861100
2021-10-06,138.74984741210938,138.8964081885175,135.20292752763442,136.27775625309343,83221100
2021-10-07,140.0103302001953,140.9190518423827,139.45338427911526,139.7855986818326,61732700
2021-10-08,139.6292266845703,140.87992820552267,139.29701235452882,140.73336744507444,58773200
2021-10-11,139.5413360595703,141.49555969160025,138.56422424355534,139.0137022391212,64452200
2021-10-12,138.27110290527344,139.9712830193318,137.8118591085372,139.95173660619236,73035900
2021-10-13,137.68478393554688,138.1635590245904,136.013916723793,138.0072325170972,78762700
2021-10-14,140.46961975097656,140.58688333280563,138.27111768839706,138.85739086890345,69907100
2021-10-15,141.52484130859375,141.58346561937512,140.22528108462743,140.47933964406647,67940300
2021-10-18,143.1957244873047,143.47908032380766,139.88331637742027,140.16667221392322,85589200
2021-10-19,145.3551025390625,145.75572183556673,143.19569445607436,143.64515740033994,76378900
2021-10-20,145.8436737060547,146.3224637629304,144.7297670657769,145.29649358936246,58418800
2021-10-21,146.0586700439453,146.21501151275598,144.48551942420278,145.40400691653662,61421000
2021-10-22,145.28672790527344,146.7426146643611,145.23786934278849,146.26383951681254,58883400
2021-10-25,145.23788452148438,145.95117189778182,144.24122639888336,145.27696242983234,50720600
2021-10-26,145.90234375,147.38754297777294,145.5994265625498,145.91210950073977,60893400
2021-10-27,145.44309997558594,146.30294823636,145.0913391249601,145.94142163499626,56094900
2021-10-28,149.0779571533203,149.66421529809745,146.29318250961379,146.39089965518153,100077900
2021-10-29,146.371337890625,146.50813293434493,143.05892977311782,143.85038787675046,124953200
2021-11-01,145.55056762695312,146.2736207539483,144.4171144592604,145.57987978563986,74588300
2021-11-02,146.58628845214844,148.10081443519022,145.2476354029817,145.25741606122364,69122000
2021-11-03,148.0226593017578,148.49166875101167,146.39088452432864,146.94783044977856,54511500
2021-11-04,147.50479125976562,148.94113176601576,147.192108353955,148.11059575284676,60394600
2021-11-05,148.03321838378906,148.93347149692437,146.83940090236302,148.63012712450208,65463900
2021-11-08,147.211181640625,148.3169337767518,146.93719233931347,148.16036419563176,55020900
2021-11-09,147.57330322265625,148.17999196283563,146.83939977322487,146.97639448653322,56787900
2021-11-10,144.745361328125,146.90793720898006,144.67687142191807,146.8002974152487,65187100
2021-11-11,144.69639587402344,146.22291262356347,144.51047128224292,145.7630135429795,41000000
2021-11-12,146.77093505859375,147.17212433197665,144.3147948704812,145.24440307962732,63804000
2021-11-15,146.78067016601562,148.62032601011296,146.22289645235986,147.14272437440852,59222800
2021-11-16,147.7592315673828,148.2387205417783,146.13485497458598,146.72198372154762,59256200
2021-11-17,150.19577026367188,151.6733569463972,147.7494257967945,147.7592057993934,88807000
2021-11-18,154.4817657470703,155.2645990140686,149.7652210699027,150.411059635024,137827700
2021-11-19,157.10423278808594,157.56414670764048,153.17050700157068,154.26646446197273,117305600
2021-11-22,157.5641632080078,162.14371301680876,157.54458827093626,158.20998681834752,117467900
2021-11-23,157.94580078125,158.32742995233392,155.64623082003743,157.6620164381372,96041900
2021-11-24,158.46441650390625,158.66012108108276,156.2137765381209,157.29995411244806,69463600
2021-11-26,153.44448852539062,157.00636502097973,153.0041495633598,156.14526203093936,76959800
2021-11-29,156.8009033203125,157.73051124922804,155.38201155737082,155.9495652762871,88748200
2021-11-30,161.75230407714844,161.9675835913138,156.48776584559891,156.55627065978888,174048100
2021-12-01,161.23367309570312,166.6449857878265,160.99881865483053,163.88550209995378,152052500
2021-12-02,160.24533081054688,160.6758897940943,154.41325439149716,155.33308223247562,136739200
2021-12-03,158.36654663085938,161.4195945786872,156.29205136899398,160.49976670029744,118023100
2021-12-06,161.7718505859375,164.27690456731682,160.75416307393996,160.76394307511896,107497000
2021-12-07,167.506103515625,167.89752761795768,164.72705957992557,165.4511829707639,120405400
2021-12-08,171.32237243652344,172.18349034092375,167.03637277945757,168.43568937410808,116998900
2021-12-09,170.8135528564453,172.95655298827864,170.18728927314578,171.15604705270513,108923700
2021-12-10,175.59861755371094,175.77476213435622,170.94078267392138,171.4496265464153,115402700
2021-12-13,171.96826171875,178.2211185132973,171.76276218304858,177.23278564494396,153237000
2021-12-14,170.58848571777344,173.92530298904865,168.51399049049428,171.48873864529648,139380400
2021-12-15,175.45181274414062,175.64751729804553,168.6118288401074,171.3517373886768,131063300
2021-12-16,168.56288146972656,177.25230012898882,167.0852950701425,175.43221959715143,150185800
2021-12-17,167.46697998046875,169.74697513874438,166.0481029746897,166.28294252078598,195432700
2021-12-20,166.10679626464844,166.91898445345717,163.8659512088188,164.66834446331637,107499100
2021-12-21,169.2772674560547,169.48275204230814,165.49031583648394,167.8779505711604,91185900
2021-12-22,171.87037658691406,172.08565609490324,168.45527432954148,169.32617236411534,92135300
2021-12-23,172.4966583251953,173.05443209039555,171.50834043001467,172.07589419886108,68356600
2021-12-27,176.45973205566406,176.54779687853835,173.26970404402934,173.28926405046633,74919600
2021-12-28,175.44204711914062,177.43827272382592,174.69836371754772,176.29338521436063,79144300
2021-12-29,175.53009033203125,176.7532624077505,174.31669825764985,175.48116046274254,62348900
2021-12-30,174.3754119873047,176.6945564474762,174.26777224500728,175.6181590245021,59773000
2021-12-31,173.75897216796875,175.38333364161016,173.45561289396153,174.26780109643352,64062300
2022-01-03,178.1036376953125,178.95497562988,173.89593761791699,174.0133573614573,104487900
2022-01-04,175.84323120117188,179.01369889567948,175.2756775127618,178.71035458130368,99310400
2022-01-05,171.16583251953125,176.3031560396219,170.89184312629723,175.7551772531539,94537600
2022-01-06,168.30850219726562,171.53767993498516,167.95622799076347,168.99347567343597,96904000
2022-01-07,168.474853515625,170.40257420223315,167.35932100577125,169.17940193566972,86709100
2022-01-10,168.49441528320312,168.79775959259328,164.5606894006289,165.45116232460057,106765600
2022-01-11,171.32237243652344,171.42021724210562,167.15380744997546,168.62161391540354,76138300
2022-01-12,171.76272583007812,173.37730710526796,171.06797240622825,172.34005950483805,74805200
2022-01-13,168.49441528320312,172.82933029006384,168.10299122971512,172.0073621746904,84505800
2022-01-14,169.3555450439453,170.05029852382498,167.4180294399018,167.66266389110206,80440800
2022-01-18,166.1557159423828,168.83689986985863,165.77408681023036,167.82900716362772,90956700
2022-01-19,162.66233825683594,167.40825267441707,162.37856885772902,166.35143003303915,94815000
2022-01-20,160.97927856445312,166.0383181560068,160.65635923759166,163.3962685823185,91420500
2022-01-21,158.92434692382812,162.76021377251277,158.81670715554318,160.89120276470334,122848900
2022-01-24,158.15126037597656,158.8166737850042,151.37978119467465,156.58560899416545,162294600
2022-01-25,156.35076904296875,159.26680751652682,153.65001008067688,155.56793581393717,115798400
2022-01-26,156.26272583007812,160.8618511560036,154.43286466260852,159.99095298775666,108275300
2022-01-27,155.8027801513672,160.3236197319786,154.88295228679408,158.9634528706825,121954600
2022-01-28,166.67434692382812,166.69392186078738,159.30595841103175,162.15350702087153,179935700
2022-01-31,171.0288543701172,171.24413390438698,165.8719554140601,166.5080140130585,115541600
2022-02-01,170.8624725341797,171.0875320298687,168.61183278338754,170.27534392743365,86213900
2022-02-02,172.06610107421875,172.10525095182186,169.6099763158955,170.99949834473722,84914300
2022-02-03,169.18917846679688,172.45750604377838,168.4259201826274,170.73526997176376,89418100
2022-02-04,168.90505981445312,170.580497991328,167.22962163757825,168.20940619823992,82465400
2022-02-07,168.1898193359375,170.43351937589156,167.49416572772904,169.36555780513737,77251200
2022-02-08,171.29574584960938,171.80523803495097,167.96446919200875,168.25840756625686,74829200
2022-02-09,172.71641540527344,173.07893089654075,171.36430797248656,172.49106914991745,71285000
2022-02-10,168.6405029296875,171.93257943938036,168.08203354026793,170.6196718007765,90865900
2022-02-11,165.2308807373047,169.5811269216294,164.64300397443432,168.846288443205,98670700
2022-02-14,165.4660186767578,166.15186486791518,163.19291135712115,163.98653444619794,86185500
2022-02-15,169.29696655273438,169.45373566949445,166.80832036305304,167.5137664381475,62527400
2022-02-16,169.0618133544922,169.83583650795123,166.612352178537,168.37596721528965,61177400
2022-02-17,165.4660186767578,168.43476465088062,165.06430342539218,167.57254946752525,69589300
2022-02-18,163.91795349121094,167.0924457737123,162.83039207397334,166.3870146722984,82772700
2022-02-22,160.99819946289062,163.32028399061443,158.87205389872815,161.64484588368407,91162800
2022-02-23,156.8341064453125,162.79118283457873,156.5205682404435,162.19351371308113,90009200
2022-02-24,159.45013427734375,159.55791116992768,148.9272434071185,149.49552020889521,141147500
2022-02-25,161.51748657226562,161.78201763247694,157.61793335879435,160.52789462372328,91974200
2022-02-28,161.7820281982422,162.07596656799925,159.1464052349538,159.76367431641097,95056600
2022-03-01,159.90081787109375,163.23209394256236,158.69568719407653,161.37049453342058,83474400
2022-03-02,163.19293212890625,163.97676285442304,159.6559088746692,161.06680119053394,79724800
2022-03-03,162.8695831298828,165.49541352335572,162.203336805619,165.06430592514928,76678400
2022-03-04,159.87142944335938,162.2033212553789,158.82306783943153,161.16475211398938,83737200
2022-03-07,156.07965087890625,161.6840185904636,155.82489737817548,160.05757297165496,96418800
2022-03-08,154.25726318359375,159.58729287941838,152.65041731502816,155.60937048225745,131148300
2022-03-09,159.6558837890625,160.10659124427465,156.1874531828048,158.21559935544633,91454900
2022-03-10,155.31544494628906,157.14763719865718,152.82678391494153,156.9614757494235,105342000
2022-03-11,151.60203552246094,156.0600575177212,151.37668929729986,155.7171269987306,96970100
2022-03-14,147.5751495361328,151.00439558659642,147.06567231572745,148.38837253642478,108732100
2022-03-15,151.9547882080078,152.4250955746164,147.34001116939965,147.8494883910694,92964300
2022-03-16,156.3638153076172,156.76553056777536,151.3375306500096,153.8751690879972,102300200
2022-03-17,157.37298583984375,157.7453087439647,154.44343967423552,155.40362432397723,75615400
2022-03-18,160.66505432128906,161.1549465596943,156.53036263312293,157.2652009907308,123511700
2022-03-21,162.0367889404297,162.98718123956166,159.71468917177347,160.20458149296203,95811400
2022-03-22,165.40724182128906,165.99510360566663,161.57628048257416,162.1641422669517,81532000
2022-03-23,166.76914978027344,169.1500192740017,164.2608885491977,164.59402668830268,98062700
2022-03-24,170.55108642578125,170.61966356312797,166.76911784992285,167.60192566241446,90131400
2022-03-25,171.18797302246094,171.7366500272882,169.25779609098333,170.36495751522006,80546200
2022-03-28,172.0501708984375,172.1775327221898,168.52294058057433,168.6895021580393,90371900
2022-03-29,175.34225463867188,175.39123190730578,172.77520887835874,173.11813946075333,100589400
2022-03-30,174.17628479003906,175.97908457885987,173.12790825883917,174.9405154603071,92633200
2022-03-31,171.08016967773438,174.4310308254092,170.8744083575564,174.2448693810398,103049300
2022-04-01,170.78622436523438,171.34470867552832,168.46414001265768,170.51188591642043,78751300
2022-04-04,174.83274841308594,174.8817406281064,170.9136104166494,171.0409871856376,76468400
2022-04-05,171.52105712890625,174.695564012496,170.89399570193683,173.9117334912033,73401800
2022-04-06,168.35638427734375,170.11999949152553,166.69075350018778,168.87566890286308,89058800
2022-04-07,168.66012573242188,169.85546417791434,166.41642550623965,167.69994098041755,77594700
2022-04-08,166.6515350341797,168.30737316185164,165.77952746373003,168.30737316185164,76575500
2022-04-11,162.39927673339844,165.61296861541499,162.1543306146452,165.29944535757966,72246700
2022-04-12,164.2706756591797,166.4359910689201,163.27129126604743,164.62339868320723,79265200
2022-04-13,166.9552764892578,167.58233798502656,163.39866884231074,164.00613046155772,70618900
2022-04-14,161.94857788085938,167.80770011623432,161.70363174912274,167.17083120352376,75329400
2022-04-18,161.73304748535156,163.23211669383912,160.2633706181813,160.60628625032533,69023900
2022-04-19,164.0159454345703,164.42746814637917,160.59650655333354,161.68406811950865,67723800
2022-04-20,163.84934997558594,165.46600329408383,162.74220370933205,165.34841899344127,67929800
2022-04-21,163.0557403564453,168.06243992326603,162.55605562621574,165.49540922825548,87227800
2022-04-22,158.51931762695312,164.47640880332085,158.23518671810965,163.09492410815207,84882400
2022-04-25,159.58731079101562,159.87144172970685,155.2566649146805,157.862880430984,96046400
2022-04-26,153.63021850585938,159.0582182667308,153.55183394880203,158.9700412464134,95623200
2022-04-27,153.4048614501953,156.55975368530983,152.2389155403168,152.7582001127346,88063200
2022-04-28,160.33192443847656,161.19413952588084,155.71713316880462,156.0306713643422,130216800
2022-04-29,154.46302795410156,162.84018882642286,154.07112011517893,158.568327600733,131747600
2022-05-02,154.7667999267578,155.03133103517357,150.17160722826696,153.54206903484993,123055300
2022-05-03,156.2560272216797,157.46117291588328,153.15991957685017,154.95291204808,88966500
2022-05-04,162.663818359375,163.11451083359574,156.040465917951,156.4421811299961,108256500
2022-05-05,153.6007843017578,160.76300492843146,151.81756975295238,160.53765873226337,130525300
2022-05-06,154.32693481445312,156.44638259515347,151.28513392702433,153.0807759379822,116124600
2022-05-09,149.20494079589844,152.90416000742098,148.6456508199546,152.0210492953049,131577900
2022-05-10,151.60890197753906,153.79704209180267,150.05856639249635,152.5999477156594,115366700
2022-05-11,143.7493438720703,152.53129738037643,143.07229678522884,150.6179132038416,142689800
2022-05-12,139.88333129882812,143.45498708775622,136.19393338715008,140.08939498593494,182602000
2022-05-13,144.34786987304688,145.3192870677171,140.42297369266063,141.87518108716213,113990900
2022-05-16,142.8073272705078,144.75016147394118,141.472862097978,142.817149092285,86643800
2022-05-17,146.43789672851562,146.95794432736452,143.92595034164182,146.06502676243824,78336300
2022-05-18,138.176025390625,144.59322629502935,137.2732857787909,144.0928072475896,109742900
2022-05-19,134.77113342285156,139.00020681352638,134.03521536260072,137.2536291483144,136095600
2022-05-20,135.00657653808594,138.05818309823013,130.12008629719486,136.47841221071587,137426100
2022-05-23,140.42294311523438,140.5701207010343,135.065454407805,135.20282514531408,117726300
2022-05-24,137.72462463378906,139.30439614103204,134.7515166065387,138.16617251433556,104132700
2022-05-25,137.88160705566406,139.12775081330722,135.7425308510417,135.83083742178036,92482700
2022-05-26,141.08038330078125,141.62986633656274,134.56505664226245,134.81036263839988,90601500
2022-05-27,146.8303680419922,146.869610416665,142.5326018592053,142.6601657784012,90978500
2022-05-31,146.04537963867188,147.8312145429356,144.08293159739236,146.2710719434681,103718400
2022-06-01,145.9178466796875,148.8909545900905,144.90717205322113,147.08549081541827,74286600
2022-06-02,148.3708953857422,148.429766433254,144.1025647736461,145.05435330119587,72348100
2022-06-03,142.65036010742188,145.19172685572278,141.7476357595722,144.14180991397814,88570300
2022-06-06,143.39608764648438,145.78046996633253,142.17936438712687,144.2693764860653,71598400
2022-06-07,145.9178466796875,146.20239508903217,141.39440285018887,141.63970888221743,67808200
2022-06-08,145.18191528320312,147.05604181726716,144.6913032640919,145.79026939576806,53950200
2022-06-09,139.96180725097656,145.17210490927135,139.85387199936835,144.31844471982856,69473000
2022-06-10,134.5552520751953,138.117085018381,134.48655920841233,137.64610169004794,91437900
2022-06-13,129.40383911132812,132.6614953380435,128.97209811172078,130.37524138815306,122207100
2022-06-14,130.26734924316406,131.37613763429522,129.0113831772352,130.63041246149263,84784300
2022-06-15,132.88719177246094,134.76133366612893,129.67859928442957,131.7685967366082,91533000
2022-06-16,127.61800384521484,129.90425779121338,126.61715107258264,129.60008071626916,108123900
2022-06-17,129.08985900878906,130.58132405033675,127.3727165836019,127.62784446904057,134520300
2022-06-21,133.31887817382812,134.48653693745408,130.81676936295835,130.91488276345638,81000500
2022-06-22,132.80868530273438,135.17342395812105,131.39572023105475,132.25918724085466,73409200
2022-06-23,135.67384338378906,135.98782727058793,133.08341268546732,134.2510716127321,72433800
2022-06-24,139.00018310546875,139.24548908371264,137.14567050883647,137.273219436367,89116800
2022-06-27,139.00018310546875,140.7958246628887,138.3231362099494,140.0206493871563,70207900
2022-06-28,134.85948181152344,140.7271994390377,134.74173967650916,139.46142657074643,67083400
2022-06-29,136.61581420898438,138.02877917366496,134.10388314834785,134.87905849783044,66242400
2022-06-30,134.15298461914062,135.77199869053038,131.2583759906255,134.6730322892134,98964500
2022-07-01,136.3214569091797,136.4293921589786,133.11286488498627,133.48571986150768,71051600
2022-07-05,138.90206909179688,138.95113328697806,134.35899711370092,135.18323666479031,73353800
2022-07-06,140.23655700683594,141.41402301996357,138.4311081218874,138.69604284083624,74064300
2022-07-07,143.60215759277344,143.79839942455877,140.58979232323185,140.5995991745189,66253700
2022-07-08,144.27919006347656,144.7796239540416,142.2774994180926,142.5326123028861,64547800
2022-07-11,142.14991760253906,143.88668829327412,141.08038702449986,142.93489980535588,63141600
2022-07-12,143.1213836669922,145.66275112908062,142.32659434251858,143.0232552435011,77588800
2022-07-13,142.75827026367188,143.70023682096436,139.45153554732983,140.30521051946872,71185600
2022-07-14,145.6823272705078,146.15331059436355,140.56033683517074,141.37475454509644,78140700
2022-07-15,147.35040283203125,148.0274497717396,145.41739039952375,146.96772607988603,76259900
2022-07-18,144.3086700439453,148.7241795486546,143.94560685906407,147.90976155444392,81420900
2022-07-19,148.1648406982422,148.3905180514349,144.15163767930207,145.14266864096726,82982400
2022-07-20,150.16653442382812,150.83377461851506,147.5466677906739,148.28258588894056,64823400
2022-07-21,152.4331512451172,152.64902171844827,149.0871738807754,151.59910487340264,65086600
2022-07-22,151.19683837890625,153.34572184345396,150.5296130875675,152.47243287549966,66675400
2022-07-25,150.0782012939453,152.1289557716175,149.4207830391442,151.11829629325123,53623900
2022-07-26,148.7535858154297,150.21560020375307,147.96860350790257,149.40118236976926,55138700
2022-07-27,153.8461151123047,154.37598449377768,149.3030578563077,149.71517016840275,78620700
2022-07-28,154.3956298828125,154.68017830567564,151.51082841353704,154.03256675700305,81378700
2022-07-29,159.45872497558594,160.55770616166393,156.50524578988953,158.21258113398608,101786900
2022-08-01,158.4774932861328,160.51844113720935,157.8691391572039,157.98688125382472,67829400
2022-08-02,157.0056915283203,159.3606387818302,156.632836483376,157.094013092394,59907000
2022-08-03,163.01077270507812,163.46212742924678,157.73178199101062,157.82008857109244,82507500
2022-08-04,162.69676208496094,164.05085610462757,161.3426680652943,162.89300390623217,55474100
2022-08-05,162.47079467773438,162.96208826310027,160.16170882927858,160.368058732092,56697000
2022-08-08,161.99911499023438,164.88792318870864,161.34078349494277,163.47299550022427,60276900
2022-08-09,162.0482635498047,162.9326009401167,160.40734488370262,161.16394115258205,63135500
2022-08-10,166.2930450439453,166.39129475740782,163.99377985120265,164.76019658442047,70170500
2022-08-11,165.55609130859375,168.0125588424397,165.26131220591463,167.09874512344325,57149200
2022-08-12,169.1032257080078,169.17199900038648,166.45022886043446,166.86292858705644,68039400
2022-08-15,170.17425537109375,170.37076978453467,168.36629877849532,168.53333677957454,54091700
2022-08-16,170.0170440673828,170.6852110892498,168.67090454328755,169.77139729331643,56377100
2022-08-17,171.51055908203125,173.08268924248625,169.56504107416526,169.76155547008622,79542000
2022-08-18,171.1175079345703,171.85444813238172,170.10544459568962,170.72447915963892,62290100
2022-08-19,168.5333709716797,170.7147158875299,168.32702105019473,170.0170723362245,70346300
2022-08-22,164.65211486816406,166.90223255698254,164.22959465128477,166.73519456201245,69026800
2022-08-23,164.31802368164062,165.7722632709113,163.74812140904885,164.17064162540487,54147100
2022-08-24,164.61280822753906,165.1827105189657,163.35509799580043,164.40647334198977,53841500
2022-08-25,167.0692901611328,167.17737534622174,165.41855096314578,165.841056236527,51218200
2022-08-26,160.77088928222656,168.0715189036816,160.71193645776907,167.59988131493301,78961000
2022-08-29,158.56988525390625,160.06340660842702,157.03705202563728,158.34387946257124,73314000
2022-08-30,156.1428985595703,159.72933499269527,154.9736176696823,159.30682979347176,77906200
2022-08-31,154.48231506347656,157.78380767810359,154.4037063115704,157.51850501455607,87991100
2022-09-01,155.20945739746094,155.66143904544523,151.97673759886456,153.91243529158203,74229900
2022-09-02,153.0968780517578,157.56765189981036,152.2715085702032,156.9682732301626,76957800
2022-09-06,151.83917236328125,154.35459275815265,151.0138028574181,153.7453935980758,73714800
2022-09-07,153.24427795410156,153.9419063408882,150.93519246411637,152.1241293530868,87449600
2022-09-08,151.77041625976562,153.63732582875608,150.0213973567108,151.94727474830393,84923800
2022-09-09,154.62973022460938,155.07190642293236,152.05535676886382,152.76282069447305,68028800
2022-09-12,160.584228515625,161.39977773963366,156.52615333191596,156.81109704001935,104956000
2022-09-13,151.16116333007812,157.74449248447965,150.6993462930314,157.11563747555653,122656600
2022-09-14,152.6055908203125,154.3644300184662,150.9351958505273,152.0946413613245,87965400
2022-09-15,149.71676635742188,152.5368010537083,148.7440148881969,151.9570633678186,90481100
2022-09-16,148.0758514404297,148.71454195841454,145.7864220311532,148.57698038414023,162278800
2022-09-19,151.7900390625,151.8686478234834,146.50373107588743,146.71006595451675,81474200
2022-09-20,154.16787719726562,155.32733752502483,150.41440307013318,150.72882307884146,107689800
2022-09-21,151.0432891845703,155.97588059110078,150.92538353116046,154.60024966459952,101696800
2022-09-22,150.080322265625,151.780193333908,148.28218651419172,149.72659039660394,86652500
2022-09-23,147.81056213378906,148.8324610577634,145.97312915554878,148.55733788432917,96029900
2022-09-26,148.14462280273438,151.0923833374164,147.03429487021683,147.0539508051786,93339400
2022-09-27,149.11740112304688,152.02586530633175,147.33892101138343,150.08034720002962,84442700
2022-09-28,147.23085021972656,148.01692291304855,142.31791462782627,145.06916155790836,146691400
2022-09-29,139.9989776611328,144.16515152497595,138.2303182381293,143.55595244325275,128138200
2022-09-30,135.7935333251953,140.60821907927374,135.59701890511008,138.8199033723931,124925300
2022-10-03,139.9695281982422,140.57874239032802,135.29241903979042,135.8033685254817,114311700
2022-10-04,143.5559539794922,143.67385961125873,141.74798266491518,142.50457878595228,87830100
2022-10-05,143.8507537841797,144.81369999304195,140.51978392175167,141.5613389023429,79471000
2022-10-06,142.8976287841797,144.97088807825529,142.69129389793306,143.27101666436323,68402200
2022-10-07,137.65060424804688,140.60820060654387,137.02174919053795,140.05793931227225,85925600
2022-10-10,137.97483825683594,139.41924206903255,136.15706165160717,137.97483825683594,74899000
2022-10-11,136.5599365234375,138.88867789955424,135.8131758038938,137.4639147607023,77033700
2022-10-12,135.9311065673828,137.91593686444165,135.7542480720767,136.70735883391194,70433700
2022-10-13,140.50015258789062,141.0896959265644,132.03024051986287,132.63945479417762,113224000
2022-10-14,135.97039794921875,142.00348171103434,135.78370401470698,141.79713183786654,88598000
2022-10-17,139.9302215576172,140.41167960335844,137.82748592791265,138.61355854500806,85250900
2022-10-18,141.24691772460938,144.14554712451348,138.1615943476007,142.95662494362372,99136600
2022-10-19,141.35496520996094,142.42598143245377,139.03605931008337,139.22275323737964,61758300
2022-10-20,140.89315795898438,143.34962560942563,140.16603813694184,140.52960554450746,64522000
2022-10-21,144.70559692382812,145.27549920361895,140.1660346242772,140.38220497154572,86548600
2022-10-24,146.84765625,147.6140730780798,143.45773335763306,144.6270145421138,75981900
2022-10-25,149.6873016357422,149.83469868322362,146.75919654145045,147.47648086131204,74732300
2022-10-26,146.74935913085938,149.3433879403945,145.46215770101213,148.3313246354716,88194300
2022-10-27,142.27862548828125,146.4546209688135,141.62029388228584,145.49168973842666,109180200
2022-10-28,153.02809143066406,154.75743900232175,145.24600486857483,145.6193777007102,164762400
2022-10-31,150.66990661621094,151.55424402730603,149.27463469355658,150.49304812984573,97943200
2022-11-01,148.0267333984375,152.74315424703352,146.5332118743015,152.3796018355527,80379300
2022-11-02,142.50460815429688,149.5202795588878,142.47513174028055,146.35634784769096,93604600
2022-11-03,136.46168518066406,140.3134243600425,136.33394407491397,139.58630459413143,97918500
2022-11-04,136.1959686279297,140.4182534262788,132.25910018387182,139.84740569973505,140814800
2022-11-07,136.7274169921875,136.95378268582516,133.52871190234,134.94598671425354,83374600
2022-11-08,137.2982635498047,139.19779504119253,135.31999290082103,138.1939045722533,89908500
2022-11-09,132.74136352539062,136.36329048249235,132.4657839221066,136.31407662091405,74917800
2022-11-10,144.55197143554688,144.55197143554688,137.29829567413785,139.01083896213112,118854000
2022-11-11,147.33729553222656,147.64240042758996,142.09141663457416,143.51854343102002,93979700
2022-11-14,145.93971252441406,147.90814675324938,145.10312196997452,146.61882473623606,73374100
2022-11-15,147.67193603515625,151.1659099557232,146.21529884381314,149.8175372526668,89868300
2022-11-16,146.44163513183594,147.50459125268796,144.96530968920132,146.77628031248196,64218300
2022-11-17,148.34120178222656,149.08920136807347,143.84332244877638,144.1189020339811,80389400
2022-11-18,148.9021759033203,150.28992540848853,147.60301733738748,149.90608139833125,74829600
2022-11-21,145.6739501953125,147.99670287508093,145.3885338782466,147.790025718782,58724100
2022-11-22,147.80970764160156,148.04592513732047,144.6110022662971,145.7920747269315,51804100
2022-11-23,148.6856689453125,149.43366845656658,146.98296272757275,147.09122719796105,58301400
2022-11-25,145.77239990234375,146.5302512983949,144.7980195359923,145.9692403249909,35195900
2022-11-28,141.9437713623047,144.32557460653223,141.11703271911014,142.84924916455952,69246000
2022-11-29,138.94190979003906,142.5244590100729,138.13485967272496,142.01266197350824,83763800
2022-11-30,145.69363403320312,146.3727461321645,138.33169544585772,139.16827084330671,111380900
2022-12-01,145.96920776367188,146.77627283984336,144.29604201746156,145.870795083282,71250400
2022-12-02,145.47711181640625,145.66411544857186,143.35119950014382,143.65631938407483,65447400
2022-12-05,144.3157501220703,148.53803463745106,143.46932286260514,145.4377569527139,68826400
2022-12-06,140.6544647216797,144.97517704731527,139.68008441838234,144.74881132681773,64727200
2022-12-07,138.71556091308594,141.10720126498546,137.79039443330282,139.9458322919547,69721100
2022-12-08,140.3985137939453,141.25479258117792,138.8729898413156,140.11309754350498,62128300
2022-12-09,139.9163055419922,143.2724894333561,138.6761823933455,140.09345741010685,76097000
2022-12-12,142.20950317382812,142.21933993621704,138.83363144766497,140.44774653895632,70462700
2022-12-13,143.17405700683594,147.60303377953338,141.9634742273276,147.1404505596148,93886200
2022-12-14,140.94973754882812,144.34528354143862,138.93208948952125,143.05596154285573,82291200
2022-12-15,134.34561157226562,139.5619643292127,133.88302841156911,138.88285224146853,98931900
2022-12-16,132.38702392578125,135.47746472052233,131.61933586337778,134.5326248058533,160156900
2022-12-19,130.28082275390625,133.06615916355452,129.24740673369394,132.97758322204413,79592600
2022-12-20,130.2119140625,131.14691722297425,127.83994745250583,129.31627297471567,77432800
2022-12-21,133.31219482421875,134.6507305969255,130.65481182459862,130.88117753836192,85928000
2022-12-22,130.1430206298828,132.43624823454394,128.24348886904642,132.22957105725172,77852100
2022-12-23,129.7788543701172,130.33001348787815,127.59389142616514,128.8536879861786,63814900
2022-12-27,127.97773742675781,129.33596171498522,126.68841553829142,129.3064364059333,69007800
2022-12-28,124.05072021484375,128.9619612841453,123.883405115354,127.62342547026658,85438400
2022-12-29,127.56437683105469,128.4206408882066,125.71405141675788,125.969942452078,75703700
2022-12-30,127.87930297851562,127.89899152283257,125.41876807644428,126.38330400552722,77034200
2023-01-03,123.09601593017578,128.83399514878522,122.21021915687207,128.2237854341601,112117500
2023-01-04,124.36565399169922,126.62935597280962,123.10585750129947,124.88728777203856,89113600
2023-01-05,123.04681396484375,125.75341088924934,122.79092293482029,125.12351256937882,80962700
2023-01-06,127.57420349121094,128.23362708296847,122.91886125861728,124.02118700839063,87754700
2023-01-09,128.09584045410156,131.30439758356596,127.83994943275363,128.41079711233908,70790800
2023-01-10,128.66668701171875,129.18832083166095,126.09787998496417,128.20410381019116,63896200
2023-01-11,131.38314819335938,131.402821722743,128.40097153395064,129.17849644752224,69458900
2023-01-12,131.30441284179688,132.14098840377943,129.36550386584642,131.76699610111268,71379600
2023-01-13,132.63307189941406,132.7905502170586,129.58200833933589,129.94616380817476,57809700
2023-01-17,133.7944793701172,135.12316348796887,132.01304876349633,132.70199775252627,63646600
2023-01-18,133.0760040283203,136.42233624485746,132.898837136548,134.6605941996835,69672800
2023-01-19,133.1350555419922,134.0995841255356,131.6587298451973,131.9638347529944,58280400
2023-01-20,135.69400024414062,135.84164181281548,132.10161400912494,133.14488168206822,80223600
2023-01-23,138.88287353515625,141.0579999020067,135.72353008280908,135.94005904305521,81760300
2023-01-24,140.2804412841797,140.90050277108796,138.08564168128757,138.0954784443646,66435100
2023-01-25,139.62103271484375,140.18202862963406,136.61916767862735,138.6663409653264,65799300
2023-01-26,141.68788146972656,141.9732977828438,139.6603818984353,140.9103416541343,54105100
2023-01-27,143.62677001953125,144.9062550377642,140.82176076743906,140.90049992434123,70555800
2023-01-30,140.74302673339844,143.2527830109075,140.59540019505755,142.67209860282117,64015300
2023-01-31,142.01268005371094,142.06189391275458,140.0344090710312,140.4477784546675,65874500
2023-02-01,143.13470458984375,144.2960887309056,139.08958619067016,141.69775584370586,77663600
2023-02-02,148.43963623046875,148.79393998354684,145.83145179927072,146.54992610628193,118339000
2023-02-03,152.0615234375,154.8960731461596,145.4967979818679,145.69363837431163,154357300
2023-02-06,149.3352508544922,150.6836384438328,148.40024764766747,150.1620046015634,69858300
2023-02-07,152.20913696289062,152.77998456473935,148.26243261630023,148.26243261630023,83322600
2023-02-08,149.5222625732422,152.14028370808583,148.7840997356859,151.45133472995892,64120100
2023-02-09,148.48883056640625,151.89422837459855,148.0459358705389,151.3529059605557,56007100
2023-02-10,148.85353088378906,149.17882019931434,147.08909918660703,147.32567733632254,57450700
2023-02-13,151.65301513671875,152.05714887131725,148.76484796074135,148.7944183549585,62199000
2023-02-14,151.0122528076172,151.57412024796835,148.70567235340334,149.94767374239032,61707600
2023-02-15,153.1118621826172,153.279432747917,150.696851620169,150.923562968411,65573800
2023-02-16,151.51502990722656,154.0976115297517,151.16017010069768,151.31787387179313,68167900
2023-02-17,150.37152099609375,150.81509178729078,148.6958007621901,150.17438009343803,59144100
2023-02-21,146.35968017578125,149.1394173925265,146.29068760704538,148.05511953332274,58867200
2023-02-22,146.7834930419922,147.8086346948336,145.05848393242056,146.7440558394488,51011300
2023-02-23,147.2665252685547,148.1931042440918,145.1373820304515,147.94667430552937,48394200
2023-02-24,144.6149444580078,145.0880857046954,143.6390765358812,145.0092263234326,55469600
2023-02-27,145.8076934814453,147.03984342133134,145.34440390077674,145.60070071444446,44998500
2023-02-28,145.30496215820312,146.95111245136155,144.73324285815977,144.9501024216552,50547000
2023-03-01,143.2349395751953,145.1275197577975,142.93922063146897,144.73323786008925,55479000
2023-03-02,143.82638549804688,144.6149643784106,141.8450789930105,142.31823534576338,52238100
2023-03-03,148.87326049804688,148.9521198871165,145.22610023869615,145.9259528752422,70732300
2023-03-06,151.63327026367188,154.06799923846452,151.26855877090114,151.59383305095145,87558000
2023-03-07,149.4351348876953,151.83042689733767,148.97184535612897,151.50513754277677,56182000
2023-03-08,150.68695068359375,151.2783884609091,149.66180891591966,150.62780991403972,47204800
2023-03-09,148.4395294189453,152.33311931510104,148.08466971716794,151.36711819838627,53833600
2023-03-10,146.3793487548828,148.78450679079776,145.5020589835092,148.06493575247444,68572400
2023-03-13,148.32125854492188,150.9531285889032,145.59081050522525,145.69924028415588,84457100
2023-03-14,150.4109649658203,151.2093955139033,147.95653254628945,149.11967456920323,73695900
2023-03-15,150.80528259277344,151.06156433450928,147.77911548729296,149.03098388604963,77167900
2023-03-16,153.62442016601562,154.22570978036399,149.47453364061312,149.98711209240733,76161100
2023-03-17,152.78656005859375,154.50171782493953,152.07684064085686,153.8511391851991,98944600
2023-03-20,155.1522674560547,155.5662829465371,151.94867858194203,152.85555389921097,73641400
2023-03-21,157.00546264648438,157.1237442200261,154.3045847371103,155.0734600878072,73938300
2023-03-22,155.57615661621094,159.82460651427928,155.5564380089166,157.0251659140942,75701800
2023-03-23,156.660400390625,159.24299583165927,155.42825095683142,156.56183746045352,67622100
2023-03-24,157.96157836914062,158.0502895303303,155.59585715875076,156.59142861861952,59196500
2023-03-27,156.0197296142578,158.47417734472043,155.61558088418133,157.6560281012329,52390300
2023-03-28,155.39871215820312,156.22672817707905,153.7525619849842,155.714149696992,45992200
2023-03-29,158.47415161132812,158.7501519087846,157.0744315196879,157.09413508315754,51305700
2023-03-30,160.04148864746094,160.1499184415396,158.9670575321584,159.22333929957506,49501700
2023-03-31,162.545166015625,162.64374399803975,159.59787385661696,160.1203040734608,68749800
2023-04-03,163.79705810546875,163.91533966892132,161.87490749491164,161.92419649331373,56976200
2023-04-04,163.26475524902344,164.45746763773894,162.75217680448466,164.22090454094308,46278300
2023-04-05,161.42144775390625,162.69303455117807,159.489445623491,162.38746386000238,51511700
2023-04-06,162.30860900878906,162.60432792623257,159.68659100348637,160.1104432538072,45390100
2023-04-10,159.71617126464844,159.71617126464844,157.7940207437735,159.11488161033475,47716900
2023-04-11,158.5037384033203,160.04145880285023,158.21787125365222,160.03160702009572,47644200
2023-04-12,157.81373596191406,159.7457382241708,157.49829842634344,158.9177372546322,50133100
2023-04-13,163.19577026367188,163.43234843413578,159.11489082873655,159.3218986080038,68445600
2023-04-14,162.8507537841797,163.9449032227771,161.48060404043056,162.23959735915352,49386500
2023-04-17,162.87045288085938,163.02817163401676,161.68759231395518,162.73245273206868,41516200
2023-04-18,164.09274291992188,165.01932174992547,163.28444562876558,163.72803148121778,49923000
2023-04-19,165.2362060546875,165.7586363174907,163.17604035173306,163.43233711220313,47720200
2023-04-20,164.27020263671875,165.47278202514906,163.19577163848064,163.71820194187683,52456400
2023-04-21,162.66346740722656,164.0730393438838,162.14103717495192,162.69303779464673,58337300
2023-04-24,162.96905517578125,163.23520373133107,161.54961626736943,162.643765839196,41949600
2023-04-25,161.43133544921875,163.93505711689548,161.3918982344198,162.83105575677226,48714100
2023-04-26,161.42144775390625,162.91974586384254,160.47516529354857,160.73144699304368,45498800
2023-04-27,166.0050506591797,166.15290259103057,162.83103216774902,162.83103216774902,64902300
2023-04-28,167.2569122314453,167.42449781718415,165.48262879614657,166.08391841749662,55275900
2023-05-01,167.16818237304688,168.01590182570695,166.23175176672046,166.86261170538234,52472900
2023-05-02,166.13316345214844,167.9173284409902,165.14744391927707,167.66103173627633,48425700
2023-05-03,165.0587615966797,168.47921017635485,164.77290950021637,167.07949000013943,65136000
2023-05-04,163.42245483398438,164.65460440159984,161.96359395737636,162.53531316165655,81235400
2023-05-05,171.0913848876953,171.8109560965244,168.32149974515366,168.5383592942621,113453200
2023-05-08,171.02236938476562,171.3673772990156,169.65221959190652,170.01693107088172,55962800
2023-05-09,169.31707763671875,171.06179068201072,169.14950709207488,170.57879765359286,45326900
2023-05-10,171.08152770996094,171.54481722364216,169.4452292165715,170.54924563088602,53724500
2023-05-11,171.26881408691406,172.09681510347738,169.71137500858376,171.36739208260082,49514700
2023-05-12,170.3409423828125,171.8116866019269,168.79121464447562,171.3773676163626,45533100
2023-05-15,169.847412109375,170.97268634600138,169.2551561693846,170.92332917405315,37266700
2023-05-16,169.847412109375,170.903583292935,169.58089543020992,169.76844364659667,42110300
2023-05-17,170.4594268798828,170.6963172454511,168.21874344813716,169.4920894098534,57951600
2023-05-18,172.78890991210938,172.97645812210007,170.35081330561755,170.76538642479474,65496700
2023-05-19,172.89749145507812,174.11159953538055,172.68033195301507,174.11159953538055,55809500
2023-05-22,171.94989013671875,172.45331220735133,171.2095777379714,171.73273062815065,43570900
2023-05-23,169.34400939941406,171.1405082441651,169.06762727894406,170.89373741791002,50747300
2023-05-24,169.62037658691406,170.19288666082696,168.317434571077,168.88006417332414,45143500
2023-05-25,170.75552368164062,171.65375792303627,169.47231254318322,170.18301363335365,56058300
2023-05-26,173.1639862060547,173.49960591702484,170.87396117733175,171.08125526170468,54835000
2023-05-30,175.0098419189453,176.67801481811213,174.28927545149398,174.67423726963298,55964400
2023-05-31,174.96051025390625,177.03339115324283,174.47683402760893,175.03947872320146,99625300
2023-06-01,177.76380920410156,177.79342049505456,174.64462268903534,175.40468096744894,68901800
2023-06-02,178.61268615722656,179.4319669478336,176.94451328757913,178.69165461361322,61996900
2023-06-05,177.26040649414062,182.56103856696868,175.74028990045602,180.27101332814428,121946500
2023-06-06,176.8951873779297,177.79342164547316,175.13816542041533,177.64536518975015,64848400
2023-06-07,175.5231475830078,178.86935913776645,175.02960596689772,176.135134367242,61944600
2023-06-08,178.2375946044922,178.5040961851235,175.16776569867469,175.60206959137867,50214900
2023-06-09,178.62254333496094,179.87612787968425,178.29680414297812,179.15556151894765,48900000
2023-06-12,181.416015625,181.51472997018058,178.63244881890137,178.92857679274874,54274900
2023-06-13,180.94219970703125,181.77134589189876,180.08344223425368,180.4387927508673,54929100
2023-06-14,181.5739288330078,182.00824779635482,179.66886572578127,181.00141884147698,57462900
2023-06-15,183.60733032226562,184.11075236554325,181.40613912687283,181.58382192499832,65433200
2023-06-16,182.53143310546875,184.57470266619666,181.88983501651188,184.31805138125782,101256200
2023-06-20,182.62025451660156,183.69618663444365,182.02801364300083,182.02801364300083,49799100
2023-06-21,181.58387756347656,183.01514554949352,180.23156299893665,182.51172335196406,49515700
2023-06-22,184.58456420898438,184.63392138287654,181.29757524213758,181.36667829792557,51245300
2023-06-23,184.2686767578125,185.13731475683954,182.6202496908907,183.15328303090953,53117000
2023-06-26,182.87689208984375,185.62098193195177,182.83740033087778,184.41673933227065,48088700
2023-06-27,185.63084411621094,185.9565833444032,183.27171612569057,183.48887561115208,50730800
2023-06-28,186.80548095703125,187.4470789620611,185.17679982937508,185.5025240055518,51216800
2023-06-29,187.1410675048828,187.6148782023387,186.49946956190402,186.63766058323907,46347300
2023-06-30,191.46450805664062,191.96791501002735,188.78950625721086,189.15473724224137,85213200
2023-07-03,189.97402954101562,191.37568580561538,189.28305928715224,191.27697146600818,31458200
2023-07-05,188.85862731933594,190.48730854754436,188.15779163185775,189.09553270560195,46920300
2023-07-06,189.33241271972656,189.53970680413252,186.75612514844465,187.3878577490578,45094300
2023-07-07,188.21702575683594,190.1813268348204,187.78272178125238,188.93760736945495,46815000
2023-07-10,186.17376708984375,187.5359467558433,184.62403920180722,186.8153651594175,59922200
2023-07-11,185.65061950683594,186.85486227702734,184.18974051380027,186.71667122446578,46638100
2023-07-12,187.3187713623047,189.22383458950753,186.0355602702456,187.22992243297554,60750200
2023-07-13,188.07884216308594,188.72045533421505,187.32866429002723,188.03936545890204,41342300
2023-07-14,188.22689819335938,188.71055932283986,187.18059240914323,187.77283329330808,41616200
2023-07-17,191.48428344726562,191.81002272437502,189.33243414864154,189.42126802557274,50520200
2023-07-18,191.22760009765625,191.8198559679377,189.93452367795723,190.85251877072426,48288200
2023-07-19,192.57994079589844,195.66950100927124,190.16157487576123,190.6057743707706,80507300
2023-07-20,190.63534545898438,193.9321990788653,190.01347834647285,192.57001971305584,59581200
2023-07-21,189.46075439453125,192.45161532627134,188.75991868585442,191.59285775033445,71951700
2023-07-24,190.2602996826172,192.3924031537896,189.76675804919924,190.91177825353577,45377800
2023-07-25,191.11904907226562,191.92846454581797,190.42809382758358,190.83280156435973,37283200
2023-07-26,191.9876708984375,193.112945076557,190.82292002182845,191.16839008411552,47471900
2023-07-27,190.7242431640625,194.65283061947835,190.06289913711862,193.48807951397325,47460200
2023-07-28,193.30052185058594,194.09019149232068,191.63234868611636,192.15550162315532,48291400
2023-07-31,193.9124755859375,193.9519673452193,192.7378442652397,193.52751377225187,38824100
2023-08-01,193.08334350585938,194.1888718595327,192.75760424557473,193.7052107356477,35175100
2023-08-02,190.0924835205078,192.65889079076135,189.37191700535638,192.52069974591456,50389300
2023-08-03,188.70069885253906,189.885195713569,188.22690312046603,189.09554118067888,61235200
2023-08-04,179.6392822265625,184.95966022717982,179.57017917093492,183.12368481919472,115956800
2023-08-07,176.5398406982422,180.7645556934903,175.0592158617292,179.77747246914834,97576100
2023-08-08,177.47755432128906,177.94148460917899,175.2862285117603,177.36897457174686,67823000
2023-08-09,175.8883514404297,178.59294967088076,174.72358547458126,178.53372709089916,60378500
2023-08-10,175.6712188720703,178.41530928434332,175.30600286506225,177.1617092563292,54686900
2023-08-11,175.73048400878906,176.55087114534,174.50485775151037,175.26594233781003,52036700
2023-08-14,177.3811492919922,177.60848075837384,175.2560457553654,175.90840396188517,43675600
2023-08-15,175.39442443847656,177.40090780634856,174.99906405268155,176.80786722765603,43622600
2023-08-16,174.52462768554688,176.471793411816,174.45543132326716,175.07813825565708,46964900
2023-08-17,171.9844207763672,175.4537562487029,171.47044012349116,175.08804707675128,66062900
2023-08-18,172.46873474121094,173.07166917955516,169.96804315644715,170.30410101859755,61172200
2023-08-21,173.80308532714844,174.08973444525807,171.7274205434044,173.0420157807921,46311900
2023-08-22,175.177001953125,175.62178623446252,174.20835828322907,175.00897300604348,42038900
2023-08-23,179.02197265625,179.4469995488071,176.26429754998674,176.4520990781838,52722800
2023-08-24,174.3368377685547,179.0021629998802,173.97111355320405,178.57713623123834,54945800
2023-08-25,176.54100036621094,177.07473842454561,173.78332608108835,175.3252527852027,51449600
2023-08-28,178.1027069091797,178.49806733287568,176.48170504077262,178.003859262239,43820700
2023-08-29,181.98716735839844,182.75813070921157,177.4206898063463,177.61837000977968,53003900
2023-08-30,185.47628784179688,185.67398314097,182.6000082560471,182.7976884731864,60813900
2023-08-31,185.69374084472656,186.92926105598286,185.30825914209595,185.66408956621913,60794500
2023-09-01,187.26535034179688,187.7200133732383,186.09901131803056,187.29500162288934,45766500
2023-09-05,187.50253295898438,187.77928826308653,185.4367469097816,186.09898389331408,45280000
2023-09-06,180.79116821289062,186.6623614722439,179.36784680674066,186.21756222129898,81755800
2023-09-07,175.503173828125,176.1456533918577,171.52973657694065,173.15073850258275,112488800
2023-09-08,176.115966796875,178.15211655476327,175.7304851357375,176.2840107997074,65551300
2023-09-11,177.2823028564453,178.21141635408188,175.2856982178241,177.98408488615974,58953100
2023-09-12,174.2577362060547,178.04337113056854,172.79488481291048,177.41078552147667,90370200
2023-09-13,172.19200134277344,175.24620393193433,171.96465474647994,174.46534664942806,84267900
2023-09-14,173.70423889160156,174.06006926639952,171.56925664281374,171.98438956640607,60895800
2023-09-15,172.98272705078125,174.45547273170345,171.80652435113169,174.43570018321154,109259500
2023-09-18,175.90843200683594,177.3021024660386,174.12927983360214,174.4356864419302,67257600
2023-09-19,176.9956817626953,177.54919237650395,175.07815207769175,175.46363376102514,51826900
2023-09-20,173.45712280273438,177.6183455616589,173.36815390370754,177.183440124748,58436200
2023-09-21,171.91522216796875,174.25777881422758,171.84604087673065,172.52805046683002,63149100
2023-09-22,172.76522827148438,175.02870938713053,172.03381007438438,172.64662317617766,56725400
2023-09-25,174.04031372070312,174.92000347180993,172.13266274999066,172.1820865728236,46172700
2023-09-26,169.96804809570312,173.1705067749598,169.67152023376326,172.7949188930673,64588900
2023-09-27,168.45574951171875,171.0355161486817,167.09174554279588,170.6203831944849,66921800
2023-09-28,168.7127685546875,170.03724268196555,165.6783234920371,167.37840061261642,56294400
2023-09-29,169.2267303466797,171.06518493104676,168.36679806748614,170.02734498983367,51861100
2023-10-02,171.73728942871094,172.28092127496365,168.94994891630552,169.2365980179806,52164500
2023-10-03,170.40293884277344,171.61870157072957,168.84125459232132,170.26456118455488,49594600
2023-10-04,171.64834594726562,172.19197782627828,168.98950418793981,169.10810929534875,53020300
2023-10-05,172.8838653564453,173.41760341955526,170.67968657288918,171.77682905786853,48527900
2023-10-06,175.43399047851562,175.92819856079907,171.17390414032383,171.78673241813826,57266700
2023-10-09,176.91661071777344,176.9759132731787,173.76356081110382,174.76185568517045,42390800
2023-10-10,176.32354736328125,177.6381425852869,175.88864186643335,176.03691333055846,43698000
2023-10-11,177.71722412109375,177.76664794425923,175.54271164011269,176.13575227199846,47551100
2023-10-12,178.61669921875,180.2278073787141,176.96603088257305,177.98411345020415,56743100
2023-10-13,176.77825927734375,179.82256817452978,176.07647707622922,179.31848129679557,51427100
2023-10-16,176.6497344970703,177.0055649122618,174.46532818230494,174.70255348644375,52517000
2023-10-17,175.097900390625,176.35319301979084,172.7751316803463,174.60369235668924,57549400
2023-10-18,173.80308532714844,175.52293478970745,173.08154578913502,173.54610256783715,54764400
2023-10-19,173.427490234375,175.7799102245973,173.16061367257353,174.00075828264139,59302900
2023-10-20,170.8773956298828,173.3879661145723,170.64017031492207,173.27923973046956,64244000
2023-10-23,170.99598693847656,171.99428177951037,167.96154224302492,168.93020088937016,55980100
2023-10-24,171.43092346191406,171.6582549852611,169.46396961859497,171.04544171274492,43816600
2023-10-25,169.1179962158203,171.05528327402416,168.6731969171006,169.88895954662036,57157000
2023-10-26,164.95677185058594,169.39476582537458,163.75090293239452,168.3964558542296,70625300
2023-10-27,166.2713623046875,167.00279566914165,164.89746448966903,164.97653958977486,58499100
2023-10-30,168.31736755371094,169.18717852998205,166.91381853056686,167.06208999172168,51131000
2023-10-31,168.7918243408203,168.92030818010912,165.9550598323106,167.38827526603964,44846000
2023-11-01,171.95477294921875,172.21175573979943,168.1493644262673,169.01917553597846,56934900
2023-11-02,175.5130615234375,175.7206204672586,173.42750286114074,173.4868054165182,77334800
2023-11-03,174.60369873046875,174.77174274032964,171.34193765305042,172.22162738228718,79829200
2023-11-06,177.15380859375,177.35148879200258,174.16880291146146,174.33683183407777,63841300
2023-11-07,179.7138214111328,180.32663456302825,176.89682951103612,177.1043884447924,70530000
2023-11-08,180.7714080810547,181.32491864766183,179.48646421884135,180.23767005812115,49340300
2023-11-09,180.29698181152344,181.98716487212562,179.7039261272927,180.84061367506283,53763500
2023-11-10,184.48348999023438,184.65175539538808,181.6430032262288,182.07848170612579,66133400
2023-11-13,182.8999481201172,184.11729742228064,182.31601793716675,183.9094650326421,43627500
2023-11-14,185.51280212402344,186.17591157835597,184.38452385663774,185.77012344749633,60108400
2023-11-15,186.076904296875,187.55158977984928,185.84927335047647,185.91856087001977,53790500
2023-11-16,187.75946044921875,188.99660829200764,186.7103463929358,187.62090049490251,54412900
2023-11-17,187.73968505859375,188.42259316852056,186.63120528706287,188.29392494435922,50922700
2023-11-20,189.48158264160156,189.93685974559065,187.92773262314063,187.93762437034974,46505100
2023-11-21,188.6798858642578,189.55084275358138,187.78914548337832,189.44197314241592,38134500
2023-11-22,189.34300231933594,190.9463411053134,188.8679417719912,189.52115946327928,39617700
2023-11-24,188.0167694091797,188.93720009481962,187.30417109040621,188.90750975669584,24048300
2023-11-27,187.838623046875,188.7095799535061,186.95777439426936,187.9672912540552,40552600
2023-11-28,188.44232177734375,189.11533794396775,187.45260366905538,187.8287013828129,38415400
2023-11-29,187.42295837402344,190.11499348364924,187.02707707633283,188.93722623545,43014200
2023-11-30,187.9970245361328,188.36323064747086,186.25512542688855,187.88815489793595,48794400
2023-12-01,189.2737274169922,189.59042941044567,187.2843840288066,188.37308016671426,45704800
2023-12-04,187.48231506347656,188.09595062883508,185.52267721747734,188.0266631045601,43389500
2023-12-05,191.4313201904297,192.40123993854135,188.22462732075607,188.25433276481266,66628400
2023-12-06,190.34262084960938,192.7575206909756,190.1347733725338,192.45071045016567,41089700
2023-12-07,192.27259826660156,192.9950884718347,191.59958189996593,191.63917909312914,47477700
2023-12-08,193.6977996826172,193.97491963358075,191.67876563770596,192.203315195023,53406400
2023-12-11,191.19378662109375,191.50061200003438,189.45188773429211,191.12451418849048,60943700
2023-12-12,192.70806884765625,192.71796059458774,189.7488055095461,191.09482308550778,52696900
2023-12-13,195.92465209960938,195.96423418895137,192.8466274130704,193.08415015292962,70404200
2023-12-14,196.07308959960938,197.56755876987646,194.14314196862804,195.9840185786185,66831600
2023-12-15,195.53866577148438,196.36011872958818,194.9745190512041,195.4990685795855,128538400
2023-12-18,193.8759307861328,194.6083278162061,192.39135323196817,194.07387143964067,55751900
2023-12-19,194.9151153564453,194.92500710230044,193.87590816937887,194.14313632648785,40714100
2023-12-20,192.82684326171875,195.64753172216422,192.82684326171875,194.87555255598716,52242800
2023-12-21,192.67835998535156,195.05369307239374,191.51049958819766,194.08377332368417,46482500
2023-12-22,191.6094512939453,193.40083883584492,190.98592398969686,193.1731927744169,37149600
2023-12-26,191.06512451171875,191.89648427525853,190.84738527337694,191.6193643540786,28919300
2023-12-27,191.16409301757812,191.5105004803971,189.12527563548673,190.5108903848591,48087700
2023-12-28,191.5896759033203,192.65857351066379,191.18388776405135,192.14391575114956,34049900
2023-12-29,190.5504913330078,192.40125999570787,189.75871355527508,191.90640077236304,42672100
2024-01-02,183.7313232421875,186.50253778362813,181.99931604152513,185.22579259007347,82488700
2024-01-03,182.35562133789062,183.9688672168001,181.5440449736598,182.32593099304364,58414500
2024-01-04,180.03965759277344,181.2075179249861,179.0202489631632,180.27718031693732,71983600
2024-01-05,179.31715393066406,180.88091065327836,178.31754388665928,180.1188384374096,62379700
2024-01-08,183.6521453857422,183.69174257913158,179.63389106527006,180.21782130157615,59144500
2024-01-09,183.2364501953125,183.24634194188326,180.85122540618832,182.0289926299427,42841800
2024-01-10,184.27565002441406,184.48348240733844,182.02898528742006,182.45457200324566,46792900
2024-01-11,183.68182373046875,185.12681915669637,181.73207738578324,184.62205313633504,49128400
2024-01-12,184.00843811035156,184.82001442518902,183.28594792653803,184.14699807850627,40477800
2024-01-16,181.7419891357422,182.3655014396163,179.06973745492456,180.28710192352952,65603000
2024-01-17,180.8017578125,181.0491874231052,178.4462381888341,179.40626628613458,47317400
2024-01-18,186.69056701660156,187.1953179109023,183.91935276727983,184.17667408756796,78005800
2024-01-19,189.59042358398438,189.97641309339812,186.87860527237555,187.3833561379468,68903000
2024-01-22,191.896484375,193.32168117146784,190.2832386815117,190.32283587135973,60133900
2024-01-23,193.1732177734375,193.73736447446063,191.83710707958323,193.01487431695855,42355600
2024-01-24,192.50021362304688,194.36088890095834,192.34185506707502,193.41075266703035,53631300
2024-01-25,192.17359924316406,194.2520137003454,191.124500268323,193.21280647175473,54822100
2024-01-26,190.44158935546875,192.7575265029299,189.96652881027472,192.27257421163478,44594000
2024-01-29,189.75868225097656,190.22385105233468,187.63079398239137,190.03580216218106,47145600
2024-01-30,186.10662841796875,189.82797900977772,185.54249682198056,188.97682064057707,55859400
2024-01-31,182.50405883789062,185.17631048108575,182.45458500160478,185.11691469411622,55467800
2024-02-01,184.93875122070312,185.02782223798647,181.93001441121828,182.0982647000541,64885400
2024-02-02,183.9391632080078,185.40394215196616,177.40701599262258,178.01074479617154,102551700
2024-02-05,185.75033569335938,187.3042007769885,183.92925752426459,186.21550453356022,69668800
2024-02-06,187.3536834716797,187.36357521832525,184.8496972971495,184.93876832266957,43490800
2024-02-07,187.4625701904297,189.085707800641,186.67079243137192,188.679919622612,53439000
2024-02-08,186.38375854492188,187.59120098390878,185.42373058041275,187.44274927884152,40962000
2024-02-09,187.14682006835938,188.27653811843788,186.30447993507684,186.9486117161699,45155200
2024-02-12,185.4621124267578,186.96840797825126,185.10535861511914,186.72066269575697,41781900
2024-02-13,183.37115478515625,184.53061609699293,181.85495475727518,184.0945819491523,56529500
2024-02-14,182.48919677734375,183.85675578337245,180.79462725534452,183.64865818230027,54630500
2024-02-15,182.2018280029297,182.826151079826,179.71447030737514,181.89462620990932,65434500
2024-02-16,180.66578674316406,183.18288755084293,180.03155935687485,181.76577652013776,49752500
2024-02-20,179.9225616455078,180.78471053407532,178.3766332434525,180.15048310961222,53665600
2024-02-21,180.6757049560547,181.24055639365764,179.03067248659073,180.2991272502037,41371400
2024-02-22,182.70716857910156,183.29185888182496,180.81440629439376,181.82519606282287,52292200
2024-02-23,180.8739013671875,183.3711632214272,180.58650833781007,183.34143499372246,45119700
2024-02-26,179.52613830566406,181.11169898060157,179.02072827105397,180.5963996998619,40867400
2024-02-27,180.98287963867188,182.26123857968312,177.94056046222855,179.46667979462939,54318900
2024-02-28,179.7838134765625,181.46847854843006,178.50545433930714,180.8639793914523,48953900
2024-02-29,179.1198272705078,180.9234200646717,177.91082916305467,179.63514165757906,136682600
2024-03-01,178.03968811035156,178.90183692569335,175.78025215753124,177.93067957222544,73563100
2024-03-04,173.52084350585938,175.30459787050253,172.22264521258595,174.56136184484268,81510100
2024-03-05,168.58570861816406,170.48839061409436,168.09021804252058,169.21993595014084,95132400
2024-03-06,167.59475708007812,169.69564777442116,167.1587228770791,169.5172632726602,68587700
2024-03-07,167.475830078125,169.1902233947002,166.97043508778398,167.62447121611535,71765100
2024-03-08,169.19021606445312,172.13343143853632,167.41636636953461,167.4758228221548,76267000
2024-03-11,171.19200134277344,172.8073055285168,170.49831753088682,171.3802901891083,60139500
2024-03-12,171.6676788330078,172.4604668624585,169.4676992338398,171.58839851794536,59825400
2024-03-13,169.5866241455078,171.62804307697533,169.21995080494636,171.21183277143888,52488700
2024-03-14,171.43975830078125,172.73794133442243,170.49832912625453,171.35057361629615,72913500
2024-03-15,171.0631866455078,171.0631866455078,168.75419840900892,169.6262667891251,121752700
2024-03-18,172.15325927734375,176.107279800922,171.95506605696912,173.98658058844927,75604200
2024-03-19,174.49197387695312,175.01719271038215,171.46947815172825,172.76766112194616,55215200
2024-03-20,177.05860900878906,177.05860900878906,173.51089450186836,174.1352174960067,53423100
2024-03-21,169.82444763183594,175.8892630091755,169.29922879245808,175.45322885093574,106181300
2024-03-22,170.72622680664062,171.48928650593083,168.52624750200687,170.21091238831212,71160100
2024-03-25,169.3091583251953,170.38932429506946,167.92177545566648,169.0316847755244,54288300
2024-03-26,168.17942810058594,169.87399750483326,168.0505957042821,168.4668059986792,57388400
2024-03-27,171.7469482421875,172.0343412561863,168.575811446925,168.87310882923745,60273300
2024-03-28,169.9334716796875,170.67670766601367,168.97221859434498,170.20104086869387,65672700
2024-04-01,168.4965362548828,169.70553455748254,167.9514935576168,169.6460781034487,46240500
2024-04-02,167.31727600097656,167.81276664190898,166.71277681419204,167.5551169522469,49329500
2024-04-03,168.11997985839844,169.140689438472,167.05963767767048,167.26773529316293,47691700
2024-04-04,167.2974395751953,170.36947196785653,167.2974395751953,168.75416790697062,53704400
2024-04-05,168.0506134033203,168.85330584999502,167.4262903353845,168.06051777285862,42104800
2024-04-08,166.93081665039062,167.67405271305591,166.72271902070312,167.5055876867263,37425500
2024-04-09,168.13975524902344,168.54606111418664,166.8316681080605,167.17850240762317,42373800
2024-04-10,166.26683044433594,167.5650134431552,165.60287483124418,167.27763553824258,49709300
2024-04-11,173.4613494873047,173.87757491447604,166.64340884278624,166.8217782077108,91070300
2024-04-12,174.95773315429688,176.75140669942581,172.63884078505302,172.68837774790788,101670900
2024-04-15,171.13253784179688,175.03700600653332,170.94424900321735,173.7784557074799,73531800
2024-04-16,167.8524169921875,172.1929047923956,166.75242714722782,170.20103782824683,73711200
2024-04-17,166.48483276367188,169.1109267558204,166.48483276367188,168.08031301583728,50901200
2024-04-18,165.5334930419922,167.11906901091456,165.0479219314042,166.51456987389489,43122900
2024-04-19,163.51190185546875,164.89926951971245,162.6002009445124,164.7109957890585,68149400
2024-04-22,164.3443145751953,165.75150603037284,163.28397258003716,164.0272084619306,48116400
2024-04-23,165.39476013183594,165.54341638804536,163.43262154349364,163.85875133255257,49537800
2024-04-24,167.4956512451172,167.77312477902248,164.71099641624178,165.03800691456527,48251800
2024-04-25,168.35780334472656,169.07131105182287,166.63349053238153,168.0010494911784,50558300
2024-04-26,167.7731475830078,169.79474290783526,167.65421953718817,168.34791858741355,44838400
2024-04-29,171.9352264404297,174.4424074952563,171.5388400360099,171.80639405446584,68169400
2024-04-30,168.79383850097656,173.41181476528868,168.46681287321124,171.76678225756265,65934800
2024-05-01,167.7731475830078,171.15239765594947,167.58485870487095,168.05062115462775,50383100
2024-05-02,171.46949768066406,171.85597979307556,169.34879824722077,170.95418315705703,94214900
2024-05-03,181.72613525390625,185.31348231884328,181.01262758822543,184.9666328542693,163224100
2024-05-06,180.0712127685547,182.53874644704828,178.79283846563771,180.70544017490002,78569700
2024-05-07,180.75497436523438,183.23242749590466,179.68472791941784,181.79550770435065,77305800
2024-05-08,181.09190368652344,181.41892928578648,179.81352951475225,181.20091221961113,45057100
2024-05-09,182.90542602539062,182.99461071341904,180.46760537105857,180.9135439323752,48983000
2024-05-10,181.64515686035156,183.66949389545601,180.7322193628195,183.48094965782863,50759500
2024-05-13,184.85035705566406,185.6640710757596,183.2030934113359,184.01680743143146,72044800
2024-05-14,185.99154663085938,186.8548800445926,184.8602962551219,186.0709344816443,52393600
2024-05-15,188.26397705078125,189.18683240943687,185.9320062923224,186.46787049037354,70400000
2024-05-16,188.38302612304688,189.63336565724362,188.2044148419799,189.00819589014523,52845200
2024-05-17,188.41281127929688,189.34559954047234,187.72810435814964,188.0555735439889,41282900
2024-05-20,189.57382202148438,190.44707314635468,187.5594028379898,187.87695420764547,44361300
2024-05-21,190.873779296875,191.25085261805762,189.4547462309282,189.62343971650407,42309400
2024-05-22,189.4348907470703,191.34016861791716,188.80973611420333,190.79438668312676,34648500
2024-05-23,185.44577026367188,189.5341459487459,185.19768892080702,189.51429520164533,51005900
2024-05-24,188.52197265625,189.11737394472448,186.59685898409072,187.37088671578107,36327000
2024-05-28,188.5319061279297,191.51880009814326,187.64873713728954,190.04022981736387,52280100
2024-05-29,188.82958984375,190.7745542503335,188.05557725890648,188.15481585355153,53068000
2024-05-30,189.82188415527344,190.70505299300459,189.16696101953212,189.2959530014381,49889100
2024-05-31,190.77455139160156,191.09210277636024,188.45251367186646,189.9707702687458,75158300
2024-06-03,192.54087829589844,193.49351725389894,191.04247253185534,191.41954585254337,50080500
2024-06-04,192.85842895507812,193.82098571162214,191.54855228534223,193.14619663099631,47471400
2024-06-05,194.3667755126953,195.38886948576234,193.37445009094603,193.9003813531384,54156800
2024-06-06,192.9874267578125,194.9919281725913,192.67980832687616,194.1881470745491,41181800
2024-06-07,195.37893676757812,195.42855606321456,192.65004206608782,193.1561225415401,53103900
2024-06-10,191.6378631591797,195.7857909182053,190.6753063763642,195.3888517006261,97010200
2024-06-11,205.56019592285156,205.57012886730556,192.14396771907968,192.1638033246204,172373300
2024-06-12,211.43475341796875,218.51002232587345,205.3120931521647,205.7784872423207,198134300
2024-06-13,212.59576416015625,215.08649505325084,209.97602614095345,213.09192677850285,97862700
2024-06-14,210.85922241210938,213.5186471242216,209.67835280423736,212.20878551515116,70122700
2024-06-17,215.00714111328125,217.26964179829142,211.08745883873982,211.7324642876032,93728300
2024-06-18,212.6453857421875,216.95208913019513,211.36529274424583,215.9200623200828,79943300
2024-06-20,208.07078552246094,212.59580212894483,207.2471687535905,212.28816853161533,86172500
2024-06-21,205.89759826660156,210.26382387597764,205.5205097773767,208.77533580800622,241805100
2024-06-24,206.54258728027344,211.0675882243761,205.00448003735443,206.12581247138846,80727000
2024-06-25,207.46546936035156,209.75773850908567,207.0089930344414,207.54484206411715,55549700
2024-06-26,211.61337280273438,213.21101716086312,209.02340313251779,209.87680350658064,66213200
2024-06-27,212.45684814453125,214.0842609953053,210.72027890747495,213.0423164247351,49772700
2024-06-28,209.0035400390625,214.41172478378184,208.6860038316288,214.11402417940656,82542700
2024-07-01,215.0865478515625,215.8407097655717,210.29361396478842,210.4623074794345,60402900
2024-07-02,218.5795135498047,218.6886699462021,213.44919320249295,214.4911227279333,58046200
2024-07-03,219.8496856689453,219.8496856689453,217.34902153194005,218.31157833867707,37369800
2024-07-05,224.60292053222656,224.71207692855523,219.94891212590596,219.94891212590596,60412400
2024-07-08,226.07156372070312,226.1013322692385,221.53662969916704,225.34715532852172,59085900
2024-07-09,226.92495727539062,227.63943274976205,224.63268810415036,226.180713251394,48076100
2024-07-10,231.1919403076172,231.29117889263895,227.49057123987387,227.54019053238477,62627700
2024-07-11,225.82350158691406,230.6065022056456,224.0373128145247,229.61417679228308,64710600
2024-07-12,228.7706756591797,230.8545649156238,226.92494993371525,227.16311346469493,53046500
2024-07-15,232.60104370117188,235.40932611038664,231.3010999839828,234.66508213718535,62631300
2024-07-16,233.01783752441406,234.4567062015191,230.54694204130521,233.19644881294397,43234300
2024-07-17,227.1234130859375,229.68361410453295,224.90059902579642,227.6890306172661,57345900
2024-07-18,222.45948791503906,228.67145424701283,220.56415801938329,228.51267855827928,66034600
2024-07-19,222.5885009765625,225.0593965950336,221.56640705838353,223.09459660515446,49151500
2024-07-22,222.24119567871094,226.03187070395737,221.3778623137636,225.26777593230437,48201800
2024-07-23,223.2831268310547,225.19832267550643,220.97100689389265,222.64803919770813,39960300
2024-07-24,216.86277770996094,223.0747441599071,215.46361045876344,222.280880842846,61777600
2024-07-25,215.8208465576172,219.15506035064124,212.97286249707204,217.24978234747041,51391200
2024-07-26,216.28724670410156,217.80550332568987,214.35220009781358,217.02155779536062,41601300
2024-07-29,216.56507873535156,217.61694112977094,214.09418328948692,215.29490356378676,36311800
2024-07-30,217.12078857421875,218.63904514115285,214.46134877521007,217.50779485320817,41643800
2024-07-31,220.3756103515625,222.10226187087767,218.93674165630796,219.7405227481965,50036300
2024-08-01,216.6841583251953,222.7571844619209,215.35444602521784,222.64802807062824,62501000
2024-08-02,218.17263793945312,223.86859053089324,216.03914463167754,217.46808032420208,105568600
2024-08-05,207.6639404296875,211.8614726265992,194.4957781490091,197.562059997048,119548600
2024-08-06,205.63958740234375,208.37841518370308,199.52687447574846,203.72440665766518,69660500
2024-08-07,208.20973205566406,212.0004073803907,204.8060479069825,205.31212843272615,63516400
2024-08-08,211.67291259765625,212.5560815310077,207.22729938249148,211.47445056104476,47161100
2024-08-09,214.5804443359375,215.11629337558463,210.3432107490655,210.47221789303094,42201600
2024-08-12,216.1103973388672,218.07747160820446,214.1929998012183,214.65993379251097,38028100
2024-08-13,219.8260040283203,220.441953079239,217.58074300671984,217.58074300671984,44155300
2024-08-14,220.27304077148438,221.5744891931242,218.2662191901357,219.13055181670978,41960600
2024-08-15,223.2534637451172,223.87935717471936,221.30624816369337,223.13425172393934,46414000
2024-08-16,224.57479858398438,225.34970708383625,222.19045191126241,222.45869413327577,44340200
2024-08-19,224.4158172607422,224.51517071380414,221.5844105997713,224.24692851790377,40687800
2024-08-20,225.0317840576172,225.68748051768907,223.97870407222223,224.29662301984854,30299000
2024-08-21,224.9224853515625,226.4921759358446,223.58130467937312,225.04171252806572,34765500
2024-08-22,223.064697265625,226.84983046212884,222.43880384726458,226.30341677619586,43695300
2024-08-23,225.35963439941406,226.73063334528243,222.866020162344,224.187342377279,38677300
2024-08-26,225.69741821289062,225.79677167752968,222.42889539152742,225.28016094798537,30602200
2024-08-27,226.5418701171875,227.35652605602343,223.4223624308928,224.52511915345738,35934600
2024-08-28,225.0119171142578,228.35991942602843,224.20719049274723,226.43257756563742,38052200
2024-08-29,228.29039001464844,231.3999685703833,227.38634017099784,228.59837969678284,51906300
2024-08-30,227.5055389404297,228.89639643358683,225.99545426270925,228.68777538921813,52990800
2024-09-03,221.3162078857422,227.50554667965343,219.72664341730942,227.05848641015993,50190600
2024-09-04,219.40872192382812,220.33264539565292,216.06070449558098,220.2134333758585,43840200
2024-09-05,220.92872619628906,224.00848612752256,220.07433805346514,220.18362078658942,36615400
2024-09-06,219.37892150878906,223.7700744804958,218.33577084564575,222.4884846157397,48423000
2024-09-09,219.4683380126953,219.82598924771256,215.2957503769675,219.37892899374344,67180000
2024-09-10,218.67355346679688,220.03460793809228,215.31560663834654,217.49131703149231,51591000
2024-09-11,221.20692443847656,221.63411098197892,216.4680492147489,220.01475867053273,44587100
2024-09-12,221.3162078857422,222.09111639532034,218.38546260882887,221.04796566036197,37455600
2024-09-13,221.04794311523438,222.57788625371046,220.461797151476,222.12089674811224,36766600
2024-09-16,214.90830993652344,215.80243050187988,212.52396316355507,215.12686027714844,59357400
2024-09-17,215.37521362304688,215.48449636527135,213.10016491936787,214.34200737227792,45519300
2024-09-18,219.24977111816406,221.25659276615585,216.12031904206836,216.13026348358338,59894900
2024-09-19,227.3763885498047,228.32020097310811,223.16406850984052,223.52171975466862,66781300
2024-09-20,226.71075439453125,231.56884144729943,226.1345376792504,228.46920754640476,318679900
2024-09-23,224.99205017089844,227.95259834339626,224.33635371548323,225.8563676699032,54146000
2024-09-24,225.88616943359375,227.85325878901892,224.25687274556688,227.15781488965328,43556100
2024-09-25,224.89268493652344,225.80667911779153,222.5580303354434,223.46208007568333,42308700
2024-09-26,226.03518676757812,227.00878694842402,223.93895622483703,225.81662129607273,36636700
2024-09-27,226.3034210205078,228.02214184296878,225.8166284941723,226.9690618971705,34026000
2024-09-30,231.4794464111328,231.4794464111328,228.15130238402674,228.53875664504176,54541900
2024-10-01,224.73373413085938,228.15127156053518,222.2798524228829,228.0221302637843,63285000
2024-10-02,225.3000030517578,225.8861489969152,221.56454675744345,224.41581191372453,32880600
2024-10-03,224.19725036621094,225.3298099915582,221.86259582618194,223.6707104185886,34044200
2024-10-04,225.31991577148438,226.5120815901165,222.66734189828435,226.41272812222596,37245100
2024-10-07,220.24322509765625,224.2171205854488,219.8855738973866,223.0348842523572,39505400
2024-10-08,224.296630859375,224.50525191173782,221.79307211654884,222.83622285599392,31855700
2024-10-09,228.0419921875,228.25062837641602,223.3627386107029,223.76012210676075,33591100
2024-10-10,227.54527282714844,228.00227752622936,225.68748134269669,226.29350107451606,28183500
2024-10-11,226.0649871826172,227.9128492283195,225.85635099522128,227.8035664938185,31759200
2024-10-14,229.79051208496094,230.21769857807328,227.10813563369229,227.20747392643057,39882100
2024-10-15,232.3238983154297,235.9401430278398,230.85354589755886,232.08545910083197,64751400
2024-10-16,230.26739501953125,230.60517253033711,228.34005309673006,230.0885769817669,34082200
2024-10-17,230.6349639892578,232.3238817771462,229.01561181125544,231.90660939150177,32993800
2024-10-18,233.4663848876953,234.63867690560429,232.4828401919167,234.63867690560429,46431500
2024-10-21,234.93670654296875,235.3043021987925,232.91995571367772,232.91995571367772,36254500
2024-10-22,234.32077026367188,234.67842149785605,231.0820505913223,232.36362533760988,38846600
2024-10-23,229.2540283203125,233.6054487889833,226.2736066643371,232.552368896012,52287000
2024-10-24,229.06529235839844,229.31366084202813,226.91938502162782,228.4791312160334,31109500
2024-10-25,229.8998260498047,231.69801159617745,228.07183749564092,228.24072625952675,38802300
2024-10-28,231.87680053710938,233.19812263375962,231.03235682367705,231.79733596578163,36087100
2024-10-29,232.14505004882812,232.80074647701065,230.80386934668286,231.57877779482254,35417200
2024-10-30,228.59835815429688,231.94636045913163,228.05194445904854,231.09197226998216,47070900
2024-10-31,224.4357147216797,228.33013097812315,223.89923027313517,227.84332326136388,64370100
2024-11-01,221.4552764892578,223.87935529424118,218.83250593091054,219.5279346472888,65276700
2024-11-04,220.56114196777344,221.33605042122997,218.2761640538016,219.54780947276666,44944500
2024-11-05,221.99176025390625,222.48849724939907,219.69683776020295,220.3525342324639,28111300
2024-11-06,221.26651000976562,224.59465366535846,219.7464961432124,221.15722727351368,54561100
2024-11-07,225.9954376220703,226.39283627600352,223.1044401056504,223.16404611393824,42137700
2024-11-08,225.7269287109375,227.4176895436531,225.17991383614745,225.9357792784742,38328800
2024-11-11,223.01173400878906,224.4737485807484,220.29657059338746,223.77755477883602,42005600
2024-11-12,223.01173400878906,224.36434561359883,222.14646565326132,223.3300027044557,40398300
2024-11-13,223.89691162109375,225.4185978724207,221.54973296285615,222.79294167641658,48566200
2024-11-14,226.98007202148438,227.62653447284012,223.77756520755418,223.7974607959322,44923900
2024-11-15,223.77755737304688,225.6871240415238,223.05152776948486,225.1699449930133,47923700
2024-11-18,226.78115844726562,228.49181480220403,223.94663659117114,224.02620376766677,44633700
2024-11-19,227.0397491455078,228.90953992555222,225.4285554930197,225.74680903538962,36211800
2024-11-20,227.75584411621094,228.68078414631773,224.6627401240164,226.82094870348703,35169600
2024-11-21,227.27845764160156,228.90954693288327,224.48372676835862,227.63650237265796,42108300
2024-11-22,228.62110900878906,229.46649702017746,226.82094518602503,226.82094518602503,38168300
2024-11-25,231.6048126220703,231.98275293866183,228.49182822914253,230.20248468460477,90152800
2024-11-26,233.7829132080078,234.29015208323423,232.06231657216094,232.06231657216094,45986200
2024-11-27,233.6536102294922,234.40949083683986,232.53970008294309,233.19611792325418,33498400
2024-11-29,236.0406036376953,236.51799158021294,232.69885768829369,233.5342903816718,28481400
2024-12-02,238.2882843017578,239.4817615684827,235.8714939748314,235.98089694287458,48137100
2024-12-03,241.3316650390625,241.44106801091166,237.60203896586935,238.5070985351772,38861000
2024-12-04,241.68971252441406,242.78374225546824,239.9392801306149,241.55047375645148,44383900
2024-12-05,241.71954345703125,243.21139387343032,240.81449907142343,242.66439419479377,40033900
2024-12-06,241.52064514160156,243.3009285590703,240.76477968960373,241.5902721155965,36870600
2024-12-09,245.40939331054688,245.89673657618508,240.43655859300793,240.51612576959502,44649200
2024-12-10,246.42385864257812,246.86147053083658,244.00705305092782,245.54863486606115,36914800
2024-12-11,245.1508331298828,249.43741460876686,244.92207178593077,246.61284788068906,45205800
2024-12-12,246.6128387451172,247.3885997871069,244.34521203481492,245.54864477609476,32777500
2024-12-13,246.78189086914062,247.93557694468342,244.90216002667665,246.47357755688842,33155300
2024-12-16,249.67608642578125,250.01425073054844,246.3045049916291,246.6426692963963,51694800
2024-12-17,252.10281372070312,252.45091820627584,248.42291922357487,248.72129232893911,51356400
2024-12-18,246.70233154296875,252.89847930582897,246.39401822090946,250.79000225751088,56774100
2024-12-19,248.43287658691406,250.6308762664829,245.7475488049507,246.15532490458142,60882300
2024-12-20,253.1073760986328,253.61459983498276,244.35518295150268,246.69240643268387,147495300
2024-12-23,253.8831329345703,254.2610580907384,252.07301363460223,253.38584941381717,40858800
2024-12-24,256.7972106933594,256.80713572411884,253.90300191480816,254.10192745486222,23234700
2024-12-26,257.6127014160156,258.6868506395932,256.2302692406472,256.7872242633273,27237100
2024-12-27,254.2013702392578,257.29448932345014,251.68511699924173,256.42919055718573,42355300
2024-12-30,250.8297882080078,252.1227283114492,249.38766912858338,250.85962400320443,35557500
2024-12-31,249.0594482421875,251.90391026277229,248.07482152033188,251.06847768562102,39480700
2025-01-02,242.525146484375,247.74662274918373,240.50617687605325,247.57753302011443,55740700
2025-01-03,242.03781127929688,242.853348279154,240.57579666249651,242.03781127929688,40244100
2025-01-06,243.6688995361328,245.98624232017474,241.8786760145675,242.9826459215422,45045600
2025-01-07,240.89407348632812,244.215923537777,240.0387452815234,241.6598791297847,40856000
2025-01-08,241.3814239501953,242.38594639970384,238.7458272949175,240.60566285257053,37628900
2025-01-10,235.5631866455078,238.85520080045117,231.73409784256125,238.70600665338932,61710900
2025-01-13,233.12648010253906,233.39501742033124,228.47191419887113,232.2612117379593,49630700
2025-01-14,232.01258850097656,234.8371551382162,231.20699165927476,233.47460320476435,39435300
2025-01-15,236.57763671875,237.66172623332486,233.15632396556444,233.36518970349533,39832000
2025-01-16,227.0198516845703,236.7168796666606,226.79110553013876,236.06047699847062,71759100
2025-01-17,228.7305145263672,231.0279618693864,227.2386640256131,230.85888730040747,68488300
2025-01-21,221.43038940429688,223.20071739531107,218.1881065481907,222.783001089375,98070400
2025-01-22,222.6139373779297,222.9023551356524,218.59587812819439,218.59587812819439,64126500
2025-01-23,222.44483947753906,225.7965251191765,221.09222786837518,223.5189735650416,60234800
2025-01-24,221.5696258544922,224.4041477572621,220.2070739772995,223.55875977197638,54697900
2025-01-27,228.6111602783203,230.88871192185238,222.76310174211312,222.80289291870474,94863400
2025-01-28,236.9655303955078,238.88505261672515,229.5560092044273,229.59580038333414,75707600
2025-01-29,238.05953979492188,238.5568232574634,232.73860067537262,232.84800364416722,45486100
2025-01-30,236.29916381835938,239.48177510143526,235.9212386876704,237.37329797187644,55658300
2025-01-31,234.71778869628906,245.84699474947953,232.1716998572169,245.84699474947953,100959800
2025-02-03,226.77120971679688,230.5704628324937,224.47376244068877,228.7404632470789,73063300
2025-02-04,231.5352020263672,231.86341095944582,225.4186058340825,226.0153521080233,45067300
2025-02-05,231.2069854736328,231.4058958330951,227.0298072213747,227.2883891710869,39620300
2025-02-06,231.9529266357422,232.5297773409264,229.17807609142312,230.0334043541599,29925300
2025-02-07,226.39328002929688,232.72866665415378,226.0252799376335,231.33627899238985,39707200
2025-02-10,226.662109375,229.58935370973873,226.21406518332185,228.57379092662126,33115600
2025-02-11,231.6105194091797,234.20919368357846,227.140013897382,227.2097022258532,53718400
2025-02-12,235.84210205078125,235.93172304376256,229.67896101319025,230.19670873650108,45243300
2025-02-13,240.4818878173828,241.28837041996871,234.54775953627293,235.88194100703416,53614100
2025-02-14,243.53855895996094,244.484433375407,239.94422402720738,240.2030902821229,40896200
2025-02-18,243.40911865234375,244.11602908498713,240.7905267294893,243.0905000064508,48822500
2025-02-19,243.80738830566406,244.94244069837237,242.10481731288857,243.59830810290342,32204200
2025-02-20,244.7632293701172,245.7091038330044,243.2299036494767,243.87709210808563,32316900
2025-02-21,244.4844207763672,247.6107939080121,244.155851012499,244.88267886995578,53197400
2025-02-24,246.02769470214844,247.7800515637824,243.35931688895815,243.8670982314444,51326400
2025-02-25,245.96795654296875,248.91511822751468,243.84721006662005,246.92379728169456,48013300
2025-02-26,239.31695556640625,243.91690216055417,238.0922974197643,243.26972892021308,44433600
2025-02-27,236.27024841308594,241.40786042901627,236.0312844149354,238.37109275336516,41153600
2025-02-28,240.79052734375,241.03944246427386,229.2010399398617,235.92174819400608,56833400
2025-03-03,236.9970703125,242.97103338088397,235.08540395372597,240.7407483660274,47184000
2025-03-04,234.9061737060547,239.02822274747484,233.6615980851158,236.6784633674393,53798100
2025-03-05,234.71701049804688,235.5234930679701,228.235250954078,234.39839184729655,47227600
2025-03-06,234.30877685546875,236.82779659290307,232.14819548977783,233.42263965762712,45170400
2025-03-07,238.0325469970703,240.32255383879036,233.7412377693079,234.08972499786833,46273600
2025-03-10,226.4928436279297,235.13518456664028,223.24699590534985,234.5178647329352,72071200
2025-03-11,219.88165283203125,224.8599551431671,216.50636447278404,222.8387656202518,76137400
2025-03-12,216.03842163085938,220.78772670269151,213.97741219492326,219.18471261137486,62547500
2025-03-13,208.77008056640625,215.899013195213,207.51555384047248,215.01287598245443,61368300
2025-03-14,212.5635528564453,213.02154815111564,208.67051688888432,210.3332680009786,60107600
2025-03-17,213.07135009765625,214.28605714072168,209.0588394397278,212.3843419118567,48073400
2025-03-18,211.76702880859375,214.21634506867483,210.57223927739028,213.23065092190424,42432400
2025-03-19,214.3059539794922,217.81066771448715,212.82241448637808,213.29037609854922,54385400
2025-03-20,213.17091369628906,216.5462020975973,211.29906714235267,213.0613904363763,48862900
2025-03-21,217.32281494140625,217.89033350890864,210.36314278996363,210.64192650603025,94127800
2025-03-24,219.77215576171875,220.51890119737195,217.63149158987616,220.04098837247486,44299500
2025-03-25,222.77902221679688,223.12750944589686,219.12495024533285,219.81195837594151,34493600
2025-03-26,220.56866455078125,224.04352508950674,219.51326687455483,222.5400680439697,34466100
2025-03-27,222.8786163330078,224.0136687326393,219.60288467242046,220.42928473771144,37094800
2025-03-28,216.9544219970703,222.8387793372666,216.73537546649092,220.7080664246457,39818600
2025-03-31,221.16607666015625,224.64092215942225,215.29167046357225,216.06828445549021,65299300
2025-04-01,222.22146606445312,222.70932997882656,217.95007407622174,218.85612876373423,36412700
2025-04-02,222.9184112548828,224.212772841887,220.06087070560943,220.35957187069846,35905900
2025-04-03,202.30824279785156,206.58958563447752,200.37665915579902,204.64803566499702,103419000
2025-04-04,187.56253051757812,199.01262630823254,186.52703508606032,193.0486144227304,125910900
2025-04-07,180.6725616455078,193.30748067285785,173.86223225537526,176.43103817745248,160466300
2025-04-08,171.67176818847656,189.51400113284038,168.4757067407598,185.88979780340043,120859500
2025-04-09,197.98709106445312,199.7394480269994,171.14407803694525,171.20381523449285,184395900
2025-04-10,189.59365844726562,193.9347385570105,182.205859833413,188.24952597387417,121880000
2025-04-11,197.29013061523438,198.67409816298056,185.25259829067514,185.29243322025624,87435900
2025-04-14,201.6411590576172,212.01593914767514,200.28706023476008,210.52244846919626,101352900
2025-04-15,201.26280212402344,202.62685207462172,198.93296032454862,200.98401841430368,51343900
2025-04-16,193.42697143554688,199.82906121923162,191.5352073519423,197.49921927320653,59732400
2025-04-17,196.1251983642578,197.9671763411939,193.5763099497932,196.34424488667963,52164700
2025-04-21,192.32179260253906,192.9590147372882,188.98632373298676,192.43131586910098,46742500
2025-04-22,198.8732452392578,200.715208155226,195.1196006832811,195.26894368988752,52976400
2025-04-23,203.71214294433594,207.09738254349836,201.9199510184256,205.10606155750318,52929200
2025-04-24,207.46575927734375,207.92376976062596,202.05933042602183,204.00086522918792,47311000
2025-04-25,208.371826171875,208.8397878176709,205.30519003897632,205.47445049920006,38222300
2025-04-28,209.2281036376953,210.5822025692478,206.55974070372147,209.08871177088434,38743100
2025-04-29,210.29344177246094,211.3189707788267,207.4657546631633,207.78437328663372,36827600
2025-04-30,211.57786560058594,212.65318081121782,205.77316280594096,208.39175489829196,52286500
2025-05-01,212.39431762695312,213.62892699621815,207.99348458901505,208.17271138967982,57365700
2025-05-02,204.45889282226562,206.0917754590827,201.2827333487594,205.19567188008233,101010600
2025-05-05,198.02691650390625,203.21431440062256,197.34987465543003,202.21865389928206,69018500
2025-05-06,197.6485595703125,199.77927242381972,196.16503515467957,197.3498735756035,51216500
2025-05-07,195.39837646484375,198.574535944944,192.41139491378883,198.30570335142838,68536700
2025-05-08,196.63299560546875,199.18188402861682,193.83517686729027,196.86199326420865,50478900
2025-05-09,197.66847229003906,199.6697443694255,196.6827629534363,198.1364339272832,36453900
2025-05-12,210.15048217773438,210.62903686932515,206.12274573806786,210.32994399020487,63775800
2025-05-13,212.2840118408203,212.7525871854542,208.36594186281494,209.7915962682986,51909300
2025-05-14,211.68582153320312,213.29093762104833,209.94113079478424,211.78550901932945,49325800
2025-05-15,210.8084716796875,212.31390017581901,208.90426284202815,210.3099886465303,45029500
2025-05-16,210.6190643310547,211.92510277199543,209.1335944967917,211.71573318604425,54737900
2025-05-19,208.14659118652344,208.84446444770495,203.64029993754312,207.27923550566183,46140500
2025-05-20,206.232421875,207.83753801206538,204.40797196423648,207.03996203611737,42496600
2025-05-21,201.4768829345703,206.41186226922272,200.10108001028593,204.5475404614086,59211800
2025-05-22,200.7490997314453,202.1348820380274,199.09413231135568,200.1010778345708,46742400
2025-05-23,194.67758178710938,197.10020219746903,192.8730755135501,193.0824298832746,78432900
2025-05-27,199.60260009765625,200.1309909415137,196.83102019804124,197.6983910952664,56288500
2025-05-28,199.81195068359375,202.11494001836002,199.2935240345892,199.98143310081724,45339700
2025-05-29,199.3433837890625,203.19167383577107,197.90775006205254,202.9623758748587,51396800
2025-05-30,200.24066162109375,201.3472946799051,196.18300200128658,198.7651407343476,70819900
2025-06-02,201.08807373046875,201.51677709467234,199.51286535414474,199.67238359256916,35423300
2025-06-03,202.6533203125,203.1518034040851,200.35033086337637,200.73914706631285,46381600
2025-06-04,202.20468139648438,205.6143037964219,201.48686455307688,202.29440469878628,43604000
2025-06-05,200.02133178710938,204.12882762641604,199.54277706238673,202.88261988754903,55126100
2025-06-06,203.30133056640625,205.07592905349443,201.4370087789868,202.3841235560851,46607700
2025-06-09,200.83883666992188,205.37503589356555,199.4131823149893,203.76991971327615,72862600
2025-06-10,202.05511474609375,203.73002568042446,199.96149509379936,199.9914028593682,54672600
2025-06-11,198.17694091796875,203.8795888248368,197.8080682902945,202.88262262031438,60989900
2025-06-12,198.5956573486328,199.07419684911244,196.7612432530472,198.47602627663701,43904600
2025-06-13,195.85398864746094,199.76209396079906,195.1062640673262,199.12403626091725,51447300
2025-06-16,197.8180389404297,198.08722408394675,195.96368113091867,196.7014416228738,43020700
2025-06-17,195.0464630126953,197.7881200100286,194.61777485692886,196.60172782081946,38856200
2025-06-18,195.9835968017578,196.97059871241268,194.4781834746436,195.34553910938874,45394700
2025-06-20,200.39019775390625,201.08807102199273,196.2627584683704,197.63857663438114,96813500
2025-06-23,200.888671875,201.686247808318,198.3563846401482,201.01828233775666,55814300
2025-06-24,199.6923065185547,202.82277936444737,199.59260382672892,201.9753521214132,54064000
2025-06-25,200.94850158691406,203.05210084338043,200.01135094007643,200.83883469818846,39525700
2025-06-26,200.39019775390625,202.025221644493,198.85487656411598,200.81888589983927,50799100
2025-06-27,200.46995544433594,202.60346239871808,199.39323017588663,201.2774955925489,73188600
2025-06-30,204.54754638671875,206.7608124915243,198.6554726965608,201.39712965217615,91912800
2025-07-01,207.18951416015625,209.55231908550664,205.51460310500556,206.04299395149746,78788900
2025-07-02,211.79550170898438,212.6927652029137,207.50854401160626,208.27621224418834,67941800
2025-07-03,212.90213012695312,213.9987837940836,211.16740350258758,211.5063683517463,34955800
2025-07-07,209.3130340576172,215.57398008038285,208.16652910348648,212.03474730839852,50229000
2025-07-08,209.3728485107422,210.78853856973336,207.81758380403343,209.46258702266434,42848900
2025-07-09,210.49942016601562,210.68884615759353,206.5913149088396,208.89430414855983,48749400
2025-07-10,211.7655792236328,212.83232507172787,209.39279496736208,209.87133445003573,44443600
2025-07-11,210.51937866210938,211.48643705736623,209.2233196075129,209.931172276849,39765800
2025-07-14,207.98707580566406,210.27013683517245,206.91035052542594,209.29309904361602,38840100
2025-07-15,208.4755859375,211.24715053377864,208.28615994072268,208.5852528191871,42296300
2025-07-16,209.52239990234375,211.75559423754484,208.00700716596054,209.6619745482938,47490500
2025-07-17,209.38284301757812,211.1574416148312,208.95413964633332,209.93117746335784,48068100
2025-07-18,210.53929138183594,211.1474413046512,209.06378582955284,210.23023432823226,48974600
2025-07-21,211.83535766601562,215.12534891613055,210.98794558852114,211.45652088357517,51377400
2025-07-22,213.74952697753906,214.29786137817433,211.58611235366487,212.49335516085276,46404100
2025-07-23,213.5002899169922,214.4972560435483,211.76557859278188,214.3477172095632,46989300
2025-07-24,213.11148071289062,215.03563331063384,212.8821827557749,213.25105536667797,46022600
2025-07-25,213.2311248779297,214.58699944946258,212.7525701732737,214.04862920984866,40268800
2025-07-28,213.40060424804688,214.19818019857897,212.41360229785764,213.3806606658472,37858000
2025-07-29,210.62904357910156,214.1582970701604,210.18041185237743,213.53020352524888,51411700
2025-07-30,208.415771484375,211.74563469104578,207.0898047125579,211.25711581327238,45512500
2025-07-31,206.9402618408203,209.2033639475293,206.5315020865265,207.85746883247032,80698400
2025-08-01,201.76602172851562,212.93203997684435,200.88868661623732,210.23025491744008,104434500
2025-08-04,202.7330780029297,207.24933356384108,201.06813110178,203.8895472057539,75109300
2025-08-05,202.30438232421875,204.71703873665678,201.5466934780596,202.78292184745098,44155100
2025-08-06,212.60302734375,214.72657006985978,204.96626313259566,205.00615029681612,108483100
2025-08-07,219.3624725341797,220.1799921230299,215.92294217468134,218.21596748517925,90224800
2025-08-08,228.65420532226562,230.29919347638386,218.58484056145957,220.16004899168945,113854000
2025-08-11,226.74781799316406,229.12329528601256,224.3324234952035,227.4864157407103,61806100
2025-08-12,229.21310424804688,230.36092560837628,226.63802588155738,227.57622481823222,55626200
2025-08-13,232.88612365722656,234.55294488479396,229.99163136972763,230.6304284784954,69878500
2025-08-14,232.33717346191406,234.67271834509882,230.41085227691244,233.61473725595164,51916300
2025-08-15,231.1494140625,233.834298979768,228.9036945156081,233.5548328767578,56038700
2025-08-18,230.45074462890625,232.67649791960375,229.6722297518056,231.2592012143754,37476200
2025-08-19,230.1213836669922,232.42698672077375,228.9136940815642,230.84001516813981,39402600
2025-08-20,225.5800323486328,230.0315543310328,225.3404986724704,229.54248102593337,42263900
2025-08-21,224.47213745117188,226.08906587116957,223.3542730460458,225.8395414786139,30621200
2025-08-22,227.3267059326172,228.65417758009713,224.98118568943215,225.73973438952316,42477800
2025-08-25,226.7278594970703,228.86378779922748,225.79962078901826,226.0491451945495,30983100
2025-08-26,228.87376403808594,229.0534295301293,224.26255788237486,226.43840339540802,54575100
2025-08-27,230.05152893066406,230.46073738560713,227.82576024347395,228.17510050695543,31259500
2025-08-28,232.11758422851562,232.9659733126178,228.90370861616245,230.3809040856524,38074700
2025-08-29,231.69837951660156,232.9360260407387,230.92984008944924,232.0676707602769,39418400
2025-09-02,229.28298950195312,230.4108447009183,226.53822101083426,228.81388239599917,44075600
2025-09-03,238.01634216308594,238.395624134605,233.9141603097862,236.75874463665696,66427800
2025-09-04,239.3238525390625,239.4436193831587,236.28964239378743,237.9963808412042,47549400
2025-09-05,239.2340087890625,240.86091270031892,238.03629475202086,239.54341659874092,54870400
2025-09-08,237.42745971679688,239.69313028194867,235.89038089866295,238.84475646782593,48999500
2025-09-09,233.9041748046875,238.3257397896772,232.9160527142261,236.54912730927947,66313900
2025-09-10,226.35855102539062,231.97784546194652,225.52015268533836,231.7482872752143,83440800
2025-09-11,229.59239196777344,230.01159113632517,226.21881717306923,226.44839058875493,50208600
2025-09-12,233.62472534179688,234.0638755168574,228.58432913969838,228.78394562468256,55824200
2025-09-15,236.24969482421875,237.7368657054393,234.58287368836292,236.54912714503797,42699500
2025-09-16,237.6969451904297,240.76111223381088,235.87043992435724,236.72878926810645,63421100
2025-09-17,238.5353546142578,239.6432435766681,237.27774187166392,238.5153883976145,46508000
2025-09-18,237.42745971679688,240.74113579799257,236.199788714976,239.5134800259323,44249600
2025-09-19,245.032958984375,245.83144010441063,239.7530294205925,240.77107799962133,163741300
2025-09-22,255.5928192138672,256.15178189089505,247.64797087114997,247.82763635806887,105517400
2025-09-23,253.9459686279297,256.8504363399061,253.0975947938589,255.39322235208516,60275200
2025-09-24,251.8300018310547,255.2534845023776,250.56241362070242,254.73446948849343,42303700
2025-09-25,256.3813171386719,256.6807646844572,251.2311452680336,252.72829161839874,55202100
2025-09-26,254.97401428222656,257.10994249251326,253.2972024297037,253.61660096533106,46076300
2025-09-29,253.9459686279297,254.5148915782133,252.52867184357527,254.0757261912774,40127700
2025-09-30,254.14559936523438,255.4331385813304,252.6284867333586,254.37515755125318,37704300
2025-10-01,254.9640350341797,258.29769267334166,254.44502000530687,254.55481135314994,48713900
2025-10-02,256.6408386230469,257.68882891050583,253.66649683440303,256.09186667190835,42630200
2025-10-03,257.5291442871094,258.7468246365968,253.46689477740222,254.18552630266564,49155600
2025-10-06,256.2016906738281,258.5771679771474,254.56481112131073,257.49920544747016,44664100
2025-10-07,255.99208068847656,256.91031341337026,254.94405994391948,256.3214394907812,31955800
2025-10-08,257.5690612792969,258.0281776413904,255.62275879770374,256.03198246417537,36496900
2025-10-09,253.55670166015625,257.50917476461467,252.65841993311406,257.3195337882977,38322000
2025-10-10,244.80340576171875,255.8922708493858,243.53581752909898,254.45500785015722,61999100
2025-10-13,247.18885803222656,249.2149949644775,245.09284695690994,248.90558714178317,38142900
2025-10-14,247.29864501953125,248.37659224814226,244.23447809703134,246.13087266264282,35478000
2025-10-15,248.8656463623047,251.3409393203658,246.99920876557604,249.01537013681215,33893600
2025-10-16,246.979248046875,248.56621957555782,244.66366953460536,247.7777291727393,39777000
2025-10-17,251.81002807617188,252.89796599708643,246.79958926324147,247.5481624372989,49147000
2025-10-20,261.7411193847656,263.87706298772724,255.14370850365398,255.4032084113237,90483000
2025-10-21,262.2701110839844,264.7853366806196,261.33189684706855,261.38182000576944,46695900
2025-10-22,257.9583435058594,262.349966966352,254.94406918261987,262.15033525743416,45015300
2025-10-23,259.0861511230469,260.12418111371363,257.51916110368444,259.4454820834593,32754900
2025-10-24,262.32000732421875,263.6275126875418,258.68691759501684,260.69310343226954,38253700
2025-10-27,268.2986145019531,268.60802232244004,264.1465248140549,264.37609822840903,44888200
2025-10-28,268.4882507324219,269.3765722048576,267.63986169210665,268.4782600095115,41534800
2025-10-29,269.1869201660156,270.8936584399069,266.6018207191691,268.76770579477784,51086700
2025-10-30,270.8836669921875,273.6184749716116,267.969239224885,271.4725408872279,69886500
2025-10-31,269.85565185546875,276.79244258078194,268.647962249571,276.4630533049319,86167100
2025-11-03,268.53814697265625,270.33474092754267,265.74348587775046,269.90556627002525,50194600
2025-11-04,269.5262756347656,270.9734988318123,267.11086611942017,267.8195068636227,49274800
2025-11-05,269.6260986328125,271.18312844251227,266.4221834255846,268.0989800730272,43683100
2025-11-06,269.25677490234375,272.8798740142925,267.38037702601645,267.38037702601645,51204000
2025-11-07,267.9592590332031,271.7719991063764,266.26248096015127,269.28671541495146,48227400
2025-11-10,269.1781311035156,273.4741297822401,267.20997142836535,268.7085692371889,41312400
2025-11-11,274.99267578125,275.65206242273547,269.5477586519058,269.55775905965567,46208300
2025-11-12,273.21435546875,275.4722525277038,271.4460210796085,274.74292397164845,48398000
2025-11-13,272.6948547363281,276.4413491841305,271.83564282199285,273.85374352181776,49602800
2025-11-14,272.15533447265625,275.70200347225597,269.3479639093673,270.7965900477885,47431300
2025-11-17,267.2099609375,270.2371271729127,265.48159771217263,268.5687054184609,45018300
2025-11-18,267.19000244140625,270.4569347049811,265.0719890725528,269.7376065335732,45677300
2025-11-19,268.3089294433594,271.9555110777923,265.2517925781922,265.2817633125939,40424500
2025-11-20,266.0010986328125,275.17250947675234,265.67142054546326,270.5768036466949,45823600
2025-11-21,271.2361755371094,273.0744516711978,265.4216397990326,265.70137680880595,59030800
2025-11-24,275.6620788574219,276.7410558404627,270.64675212306133,270.64675212306133,65585800
2025-11-25,276.7110900878906,280.1179060838009,274.9926967216935,275.012667049666,46914200
2025-11-26,277.29052734375,279.26868736786383,276.3714044558947,276.70108254872224,33431400
2025-11-28,278.5893249511719,278.73917862681736,275.73198274965245,277.0008150112318,20135600
2025-12-01,282.8353576660156,283.1550658399818,275.88187257202503,277.75011957449965,46587700
2025-12-02,285.9224548339844,287.1313151163589,282.36578537497866,282.7354345985028,53669500
2025-12-03,283.8843688964844,288.35019153510143,283.0351573834178,285.9324708384744,43538700
2025-12-04,280.4375915527344,284.46382276925783,278.32954829392816,283.83440686502166,43989100
2025-12-05,278.5193786621094,280.8771882481053,277.79005013345267,280.27774306596746,47265800
2025-12-08,277.6302185058594,279.4085531850005,275.8918244790692,277.86998437615557,38211800
2025-12-09,276.9208679199219,279.7682096639769,276.6611317163261,277.8999627322321,32193300
2025-12-10,278.5193786621094,279.48847306800184,276.1815698919154,277.490342786908,33038300
2025-12-11,277.77008056640625,279.3286197507982,273.5540244422053,278.83908758708685,33248000
2025-12-12,278.0198669433594,278.9589906850317,276.5612402656973,277.64021728323,39532900
2025-12-15,273.8537292480469,279.8880911943856,272.5849275039148,279.8880911943856,50409100
2025-12-16,274.353271484375,275.2424541197232,271.53593087885605,272.5649667835892,37648600
2025-12-17,271.58587646484375,275.90184538512057,271.38608172110213,274.75292651919426,50138700
2025-12-18,271.935546875,273.374203136776,266.7004552212896,273.35420232069225,51630700
2025-12-19,273.4141845703125,274.34330788170604,269.64768928264715,271.8955859651445,144632000
2025-12-22,270.7166748046875,273.62395794129594,270.25711338978425,272.6048920133635,36571800
2025-12-23,272.1053771972656,272.2452609569047,269.30800689497966,270.5868091030317,29642000
2025-12-24,273.55401611328125,275.17249671786806,271.9455359163183,272.085389177814,17910600
2025-12-26,273.1444091796875,275.1125687682936,272.6049054553,273.9037084592662,21521800
2025-12-29,273.50408935546875,274.10350406329195,272.0954038139857,272.4350823114352,23715200
2025-12-30,272.82470703125,273.82377221524894,272.02546707967076,272.5549704076282,22139600
